# Blender 4.3.2
# www.blender.org
mtllib ShamanHouse.mtl
o Cube
v 3.888025 3.174007 -1.508766
v 3.888025 0.971705 -1.508766
v 3.888025 3.174007 3.679757
v 3.888025 0.971705 3.679757
v 0.959463 3.174007 -1.508766
v 0.959463 0.971705 -1.508766
v 0.959463 3.174007 3.679757
v 0.959463 0.971705 3.679757
vn -0.0000 1.0000 -0.0000
vn -0.0000 -0.0000 1.0000
vn -1.0000 -0.0000 -0.0000
vn -0.0000 -1.0000 -0.0000
vn 1.0000 -0.0000 -0.0000
vn -0.0000 -0.0000 -1.0000
vt 0.625000 0.500000
vt 0.875000 0.500000
vt 0.875000 0.750000
vt 0.625000 0.750000
vt 0.375000 0.750000
vt 0.625000 1.000000
vt 0.375000 1.000000
vt 0.375000 0.000000
vt 0.625000 0.000000
vt 0.625000 0.250000
vt 0.375000 0.250000
vt 0.125000 0.500000
vt 0.375000 0.500000
vt 0.125000 0.750000
s 0
usemtl Material
f 1/1/1 5/2/1 7/3/1 3/4/1
f 4/5/2 3/4/2 7/6/2 8/7/2
f 8/8/3 7/9/3 5/10/3 6/11/3
f 6/12/4 2/13/4 4/5/4 8/14/4
f 2/13/5 1/1/5 3/4/5 4/5/5
f 6/11/6 5/10/6 1/1/6 2/13/6
o Cube.001
v 0.840271 0.953820 -1.417611
v 0.840271 3.194662 -1.417611
v 0.840271 0.953820 -1.613217
v 0.840271 3.194662 -1.613217
v 1.046386 0.953820 -1.417611
v 1.046386 3.194662 -1.417611
v 1.046386 0.953820 -1.613217
v 1.046386 3.194662 -1.613217
v 4.010980 0.953820 -1.417611
v 4.010980 3.194662 -1.417611
v 4.010980 0.953820 -1.613217
v 4.010980 3.194662 -1.613217
v 3.804865 0.953820 -1.417611
v 3.804865 3.194662 -1.417611
v 3.804865 0.953820 -1.613217
v 3.804865 3.194662 -1.613217
v 0.840271 0.953820 3.588603
v 0.840271 3.194662 3.588603
v 0.840271 0.953820 3.784208
v 0.840271 3.194662 3.784208
v 1.046386 0.953820 3.588603
v 1.046386 3.194662 3.588603
v 1.046386 0.953820 3.784208
v 1.046386 3.194662 3.784208
v 4.010980 0.953820 3.588603
v 4.010980 3.194662 3.588603
v 4.010980 0.953820 3.784208
v 4.010980 3.194662 3.784208
v 3.804865 0.953820 3.588603
v 3.804865 3.194662 3.588603
v 3.804865 0.953820 3.784208
v 3.804865 3.194662 3.784208
vn -1.0000 -0.0000 -0.0000
vn -0.0000 -0.0000 -1.0000
vn 1.0000 -0.0000 -0.0000
vn -0.0000 -0.0000 1.0000
vn -0.0000 -1.0000 -0.0000
vn -0.0000 1.0000 -0.0000
vt 0.375000 0.000000
vt 0.625000 0.000000
vt 0.625000 0.250000
vt 0.375000 0.250000
vt 0.625000 0.500000
vt 0.375000 0.500000
vt 0.625000 0.750000
vt 0.375000 0.750000
vt 0.625000 1.000000
vt 0.375000 1.000000
vt 0.125000 0.500000
vt 0.125000 0.750000
vt 0.875000 0.500000
vt 0.875000 0.750000
s 0
f 9/15/7 10/16/7 12/17/7 11/18/7
f 11/18/8 12/17/8 16/19/8 15/20/8
f 15/20/9 16/19/9 14/21/9 13/22/9
f 13/22/10 14/21/10 10/23/10 9/24/10
f 11/25/11 15/20/11 13/22/11 9/26/11
f 16/19/12 12/27/12 10/28/12 14/21/12
f 17/15/9 19/18/9 20/17/9 18/16/9
f 19/18/8 23/20/8 24/19/8 20/17/8
f 23/20/7 21/22/7 22/21/7 24/19/7
f 21/22/10 17/24/10 18/23/10 22/21/10
f 19/25/11 17/26/11 21/22/11 23/20/11
f 24/19/12 22/21/12 18/28/12 20/27/12
f 25/15/7 27/18/7 28/17/7 26/16/7
f 27/18/10 31/20/10 32/19/10 28/17/10
f 31/20/9 29/22/9 30/21/9 32/19/9
f 29/22/8 25/24/8 26/23/8 30/21/8
f 27/25/11 25/26/11 29/22/11 31/20/11
f 32/19/12 30/21/12 26/28/12 28/27/12
f 33/15/9 34/16/9 36/17/9 35/18/9
f 35/18/10 36/17/10 40/19/10 39/20/10
f 39/20/7 40/19/7 38/21/7 37/22/7
f 37/22/8 38/21/8 34/23/8 33/24/8
f 35/25/11 39/20/11 37/22/11 33/26/11
f 40/19/12 36/27/12 34/28/12 38/21/12
o Cube.002
v 0.868235 0.984544 -1.427808
v 0.868235 0.984544 3.631791
v 0.868235 1.094266 -1.427808
v 0.868235 1.094265 3.631791
v 1.060493 0.984544 -1.427808
v 1.060493 0.984544 3.631791
v 1.060493 1.094266 -1.427808
v 1.060493 1.094265 3.631791
v 3.979254 0.984544 -1.427808
v 3.979254 0.984544 3.631791
v 3.979254 1.094266 -1.427808
v 3.979254 1.094265 3.631791
v 3.786996 0.984544 -1.427808
v 3.786996 0.984544 3.631791
v 3.786996 1.094266 -1.427808
v 3.786996 1.094265 3.631791
v 0.868235 3.187878 -1.427808
v 0.868235 3.187878 3.631791
v 0.868235 3.078156 -1.427808
v 0.868235 3.078157 3.631791
v 1.060493 3.187878 -1.427808
v 1.060493 3.187878 3.631791
v 1.060493 3.078156 -1.427808
v 1.060493 3.078157 3.631791
v 3.979254 3.187878 -1.427808
v 3.979254 3.187878 3.631791
v 3.979254 3.078156 -1.427808
v 3.979254 3.078157 3.631791
v 3.786996 3.187878 -1.427808
v 3.786996 3.187878 3.631791
v 3.786996 3.078156 -1.427808
v 3.786996 3.078157 3.631791
vn -1.0000 -0.0000 -0.0000
vn -0.0000 1.0000 -0.0000
vn 1.0000 -0.0000 -0.0000
vn -0.0000 -1.0000 -0.0000
vn -0.0000 -0.0000 -1.0000
vn -0.0000 -0.0000 1.0000
vt 0.375000 0.000000
vt 0.625000 0.000000
vt 0.625000 0.250000
vt 0.375000 0.250000
vt 0.625000 0.500000
vt 0.375000 0.500000
vt 0.625000 0.750000
vt 0.375000 0.750000
vt 0.625000 1.000000
vt 0.375000 1.000000
vt 0.125000 0.500000
vt 0.125000 0.750000
vt 0.875000 0.500000
vt 0.875000 0.750000
s 0
f 41/29/13 42/30/13 44/31/13 43/32/13
f 43/32/14 44/31/14 48/33/14 47/34/14
f 47/34/15 48/33/15 46/35/15 45/36/15
f 45/36/16 46/35/16 42/37/16 41/38/16
f 43/39/17 47/34/17 45/36/17 41/40/17
f 48/33/18 44/41/18 42/42/18 46/35/18
f 49/29/15 51/32/15 52/31/15 50/30/15
f 51/32/14 55/34/14 56/33/14 52/31/14
f 55/34/13 53/36/13 54/35/13 56/33/13
f 53/36/16 49/38/16 50/37/16 54/35/16
f 51/39/17 49/40/17 53/36/17 55/34/17
f 56/33/18 54/35/18 50/42/18 52/41/18
f 57/29/13 59/32/13 60/31/13 58/30/13
f 59/32/16 63/34/16 64/33/16 60/31/16
f 63/34/15 61/36/15 62/35/15 64/33/15
f 61/36/14 57/38/14 58/37/14 62/35/14
f 59/39/17 57/40/17 61/36/17 63/34/17
f 64/33/18 62/35/18 58/42/18 60/41/18
f 65/29/15 66/30/15 68/31/15 67/32/15
f 67/32/16 68/31/16 72/33/16 71/34/16
f 71/34/13 72/33/13 70/35/13 69/36/13
f 69/36/14 70/35/14 66/37/14 65/38/14
f 67/39/17 71/34/17 69/36/17 65/40/17
f 72/33/18 68/41/18 66/42/18 70/35/18
o Cube.003
v 0.890706 1.125161 -1.433980
v 3.947231 1.125161 -1.433980
v 0.890706 1.125161 -1.583939
v 3.947231 1.125161 -1.583939
v 0.890706 0.954149 -1.433980
v 3.947231 0.954149 -1.433980
v 0.890706 0.954149 -1.583939
v 3.947231 0.954149 -1.583939
v 3.960545 1.125161 -1.433980
v 0.904020 1.125161 -1.433980
v 3.960545 1.125161 -1.583939
v 0.904020 1.125161 -1.583939
v 3.960545 0.954149 -1.433980
v 0.904020 0.954149 -1.433980
v 3.960545 0.954149 -1.583939
v 0.904020 0.954149 -1.583939
v 0.890706 1.125161 3.604970
v 3.947231 1.125161 3.604970
v 0.890706 1.125161 3.754929
v 3.947231 1.125161 3.754929
v 0.890706 0.954149 3.604970
v 3.947231 0.954149 3.604970
v 0.890706 0.954149 3.754929
v 3.947231 0.954149 3.754929
v 3.960545 1.125161 3.604970
v 0.904020 1.125161 3.604970
v 3.960545 1.125161 3.754929
v 0.904020 1.125161 3.754929
v 3.960545 0.954149 3.604970
v 0.904020 0.954149 3.604970
v 3.960545 0.954149 3.754929
v 0.904020 0.954149 3.754929
vn -0.0000 1.0000 -0.0000
vn -0.0000 -0.0000 -1.0000
vn -0.0000 -1.0000 -0.0000
vn -0.0000 -0.0000 1.0000
vn -1.0000 -0.0000 -0.0000
vn 1.0000 -0.0000 -0.0000
vt 0.375000 0.000000
vt 0.625000 0.000000
vt 0.625000 0.250000
vt 0.375000 0.250000
vt 0.625000 0.500000
vt 0.375000 0.500000
vt 0.625000 0.750000
vt 0.375000 0.750000
vt 0.625000 1.000000
vt 0.375000 1.000000
vt 0.125000 0.500000
vt 0.125000 0.750000
vt 0.875000 0.500000
vt 0.875000 0.750000
s 0
f 73/43/19 74/44/19 76/45/19 75/46/19
f 75/46/20 76/45/20 80/47/20 79/48/20
f 79/48/21 80/47/21 78/49/21 77/50/21
f 77/50/22 78/49/22 74/51/22 73/52/22
f 75/53/23 79/48/23 77/50/23 73/54/23
f 80/47/24 76/55/24 74/56/24 78/49/24
f 81/43/19 83/46/19 84/45/19 82/44/19
f 83/46/20 87/48/20 88/47/20 84/45/20
f 87/48/21 85/50/21 86/49/21 88/47/21
f 85/50/22 81/52/22 82/51/22 86/49/22
f 83/53/24 81/54/24 85/50/24 87/48/24
f 88/47/23 86/49/23 82/56/23 84/55/23
f 89/43/19 91/46/19 92/45/19 90/44/19
f 91/46/22 95/48/22 96/47/22 92/45/22
f 95/48/21 93/50/21 94/49/21 96/47/21
f 93/50/20 89/52/20 90/51/20 94/49/20
f 91/53/23 89/54/23 93/50/23 95/48/23
f 96/47/24 94/49/24 90/56/24 92/55/24
f 97/43/19 98/44/19 100/45/19 99/46/19
f 99/46/22 100/45/22 104/47/22 103/48/22
f 103/48/21 104/47/21 102/49/21 101/50/21
f 101/50/20 102/49/20 98/51/20 97/52/20
f 99/53/24 103/48/24 101/50/24 97/54/24
f 104/47/23 100/55/23 98/56/23 102/49/23
o Cube.004
v 3.970671 1.598741 -1.427808
v 3.970671 1.598741 3.631792
v 3.970671 1.748700 -1.427808
v 3.970671 1.748700 3.631792
v 3.778413 1.598741 -1.427808
v 3.778413 1.598741 3.631792
v 3.778413 1.748700 -1.427808
v 3.778413 1.748700 3.631792
v 0.859652 1.598741 -1.427808
v 0.859652 1.598741 3.631792
v 0.859652 1.748700 -1.427808
v 0.859652 1.748700 3.631792
v 1.051909 1.598741 -1.427808
v 1.051909 1.598741 3.631792
v 1.051909 1.748700 -1.427808
v 1.051909 1.748700 3.631792
v 3.970671 1.598741 3.598799
v 3.970671 1.598741 -1.460801
v 3.970671 1.748700 3.598799
v 3.970671 1.748700 -1.460801
v 3.778414 1.598741 3.598799
v 3.778414 1.598741 -1.460801
v 3.778414 1.748700 3.598799
v 3.778414 1.748700 -1.460801
v 0.859652 1.598741 3.598799
v 0.859652 1.598741 -1.460801
v 0.859652 1.748700 3.598799
v 0.859652 1.748700 -1.460801
v 1.051909 1.598741 3.598799
v 1.051909 1.598741 -1.460801
v 1.051909 1.748700 3.598799
v 1.051909 1.748700 -1.460801
v 3.970671 1.748700 2.333899
v 3.778414 1.748700 2.333899
v 3.778414 1.598741 2.333899
v 3.970671 1.598741 2.333899
v 3.970671 1.598741 -0.195901
v 3.970671 1.748700 -0.195901
v 3.778414 1.748700 -0.195901
v 3.778414 1.598741 -0.195901
v 3.970671 1.748700 0.553349
v 3.778414 1.748700 0.553349
v 3.778414 1.598741 0.553349
v 3.970671 1.598741 0.553349
v 3.970671 1.598741 1.584650
v 3.970671 1.748700 1.584650
v 3.778414 1.748700 1.584650
v 3.778414 1.598741 1.584650
vn -0.0000 -0.0000 -1.0000
vn -0.0000 -0.0000 1.0000
vn -1.0000 -0.0000 -0.0000
vn -0.0000 1.0000 -0.0000
vn 1.0000 -0.0000 -0.0000
vn -0.0000 -1.0000 -0.0000
vt 0.125000 0.500000
vt 0.375000 0.500000
vt 0.375000 0.750000
vt 0.125000 0.750000
vt 0.625000 0.500000
vt 0.875000 0.500000
vt 0.875000 0.750000
vt 0.625000 0.750000
vt 0.375000 0.000000
vt 0.375000 0.250000
vt 0.625000 0.250000
vt 0.625000 0.000000
vt 0.375000 1.000000
vt 0.625000 1.000000
vt 0.562500 0.000000
vt 0.562500 0.250000
vt 0.562500 0.500000
vt 0.562500 0.750000
vt 0.562500 1.000000
vt 0.437500 0.250000
vt 0.437500 0.000000
vt 0.437500 0.500000
vt 0.437500 0.750000
vt 0.437500 1.000000
vt 0.531250 0.750000
vt 0.531250 1.000000
vt 0.531250 0.500000
vt 0.531250 0.250000
vt 0.531250 0.000000
vt 0.468750 0.250000
vt 0.468750 0.000000
vt 0.468750 0.500000
vt 0.468750 0.750000
vt 0.468750 1.000000
s 0
f 107/57/25 105/60/25 109/59/25 111/58/25
f 112/61/26 110/64/26 106/63/26 108/62/26
f 113/65/27 114/68/27 116/67/27 115/66/27
f 115/66/28 116/67/28 120/61/28 119/58/28
f 119/58/29 120/61/29 118/64/29 117/59/29
f 117/59/30 118/64/30 114/70/30 113/69/30
f 115/57/25 119/58/25 117/59/25 113/60/25
f 120/61/26 116/62/26 114/63/26 118/64/26
f 141/71/29 122/68/29 124/67/29 142/72/29
f 142/72/28 124/67/28 128/61/28 143/73/28
f 143/73/27 128/61/27 126/64/27 144/74/27
f 144/74/30 126/64/30 122/70/30 141/75/30
f 123/57/26 127/58/26 125/59/26 121/60/26
f 128/61/25 124/62/25 122/63/25 126/64/25
f 129/65/27 131/66/27 132/67/27 130/68/27
f 131/66/28 135/58/28 136/61/28 132/67/28
f 135/58/29 133/59/29 134/64/29 136/61/29
f 133/59/30 129/69/30 130/70/30 134/64/30
f 131/57/26 129/60/26 133/59/26 135/58/26
f 136/61/25 134/64/25 130/63/25 132/62/25
f 121/65/29 140/77/29 137/76/29 123/66/29
f 123/66/28 137/76/28 138/78/28 127/58/28
f 127/58/27 138/78/27 139/79/27 125/59/27
f 125/59/30 139/79/30 140/80/30 121/69/30
f 147/81/30 144/74/30 141/75/30 148/82/30
f 146/83/27 143/73/27 144/74/27 147/81/27
f 145/84/28 142/72/28 143/73/28 146/83/28
f 148/85/29 141/71/29 142/72/29 145/84/29
f 140/77/29 149/87/29 150/86/29 137/76/29
f 137/76/28 150/86/28 151/88/28 138/78/28
f 138/78/27 151/88/27 152/89/27 139/79/27
f 139/79/30 152/89/30 149/90/30 140/80/30
f 145/84/26 146/83/26 147/81/26 148/82/26
f 150/86/25 149/90/25 152/89/25 151/88/25
o Cube.005
v 0.890185 1.016020 -0.817587
v 0.890185 1.635404 -0.817587
v 0.890185 1.016020 -0.967546
v 0.890185 1.635404 -0.967546
v 1.082443 1.016020 -0.817587
v 1.082443 1.635404 -0.817587
v 1.082443 1.016020 -0.967546
v 1.082443 1.635404 -0.967546
v 3.961066 1.016020 -0.817587
v 3.961066 1.635404 -0.817587
v 3.961066 1.016020 -0.967546
v 3.961066 1.635404 -0.967546
v 3.768808 1.016020 -0.817587
v 3.768808 1.635404 -0.817587
v 3.768808 1.016020 -0.967546
v 3.768808 1.635404 -0.967546
v 0.890185 1.016020 2.988578
v 0.890185 1.635404 2.988578
v 0.890185 1.016020 3.138537
v 0.890185 1.635404 3.138537
v 1.082443 1.016020 2.988578
v 1.082443 1.635404 2.988578
v 1.082443 1.016020 3.138537
v 1.082443 1.635404 3.138537
v 3.961066 1.016020 2.988578
v 3.961066 1.635404 2.988578
v 3.961066 1.016020 3.138536
v 3.961066 1.635404 3.138536
v 3.768808 1.016020 2.988578
v 3.768808 1.635404 2.988578
v 3.768808 1.016020 3.138536
v 3.768808 1.635404 3.138536
vn -1.0000 -0.0000 -0.0000
vn -0.0000 -0.0000 -1.0000
vn 1.0000 -0.0000 -0.0000
vn -0.0000 -0.0000 1.0000
vn -0.0000 -1.0000 -0.0000
vn -0.0000 1.0000 -0.0000
vt 0.375000 0.000000
vt 0.625000 0.000000
vt 0.625000 0.250000
vt 0.375000 0.250000
vt 0.625000 0.500000
vt 0.375000 0.500000
vt 0.625000 0.750000
vt 0.375000 0.750000
vt 0.625000 1.000000
vt 0.375000 1.000000
vt 0.125000 0.500000
vt 0.125000 0.750000
vt 0.875000 0.500000
vt 0.875000 0.750000
s 0
f 153/91/31 154/92/31 156/93/31 155/94/31
f 155/94/32 156/93/32 160/95/32 159/96/32
f 159/96/33 160/95/33 158/97/33 157/98/33
f 157/98/34 158/97/34 154/99/34 153/100/34
f 155/101/35 159/96/35 157/98/35 153/102/35
f 160/95/36 156/103/36 154/104/36 158/97/36
f 161/91/33 163/94/33 164/93/33 162/92/33
f 163/94/32 167/96/32 168/95/32 164/93/32
f 167/96/31 165/98/31 166/97/31 168/95/31
f 165/98/34 161/100/34 162/99/34 166/97/34
f 163/101/35 161/102/35 165/98/35 167/96/35
f 168/95/36 166/97/36 162/104/36 164/103/36
f 169/91/31 171/94/31 172/93/31 170/92/31
f 171/94/34 175/96/34 176/95/34 172/93/34
f 175/96/33 173/98/33 174/97/33 176/95/33
f 173/98/32 169/100/32 170/99/32 174/97/32
f 171/101/35 169/102/35 173/98/35 175/96/35
f 176/95/36 174/97/36 170/104/36 172/103/36
f 177/91/33 178/92/33 180/93/33 179/94/33
f 179/94/34 180/93/34 184/95/34 183/96/34
f 183/96/31 184/95/31 182/97/31 181/98/31
f 181/98/32 182/97/32 178/99/32 177/100/32
f 179/101/35 183/96/35 181/98/35 177/102/35
f 184/95/36 180/103/36 178/104/36 182/97/36
o Cube.006
v 0.909737 1.759227 -1.430829
v 3.945945 1.759227 -1.430829
v 0.909737 1.759227 -1.580788
v 3.945945 1.759227 -1.580788
v 0.909737 1.588214 -1.430829
v 3.945945 1.588214 -1.430829
v 0.909737 1.588214 -1.580788
v 3.945945 1.588214 -1.580788
v 3.941514 1.759227 -1.430829
v 0.905307 1.759227 -1.430829
v 3.941514 1.759227 -1.580788
v 0.905307 1.759227 -1.580788
v 3.941514 1.588214 -1.430829
v 0.905307 1.588214 -1.430829
v 3.941514 1.588214 -1.580788
v 0.905307 1.588214 -1.580788
v 0.909737 1.759227 3.601820
v 3.945945 1.759227 3.601820
v 0.909737 1.759227 3.751780
v 3.945945 1.759227 3.751780
v 0.909737 1.588214 3.601820
v 3.945945 1.588214 3.601820
v 0.909737 1.588214 3.751780
v 3.945945 1.588214 3.751780
v 3.941514 1.759227 3.601820
v 0.905307 1.759227 3.601820
v 3.941514 1.759227 3.751780
v 0.905307 1.759227 3.751780
v 3.941514 1.588214 3.601820
v 0.905307 1.588214 3.601820
v 3.941514 1.588214 3.751780
v 0.905307 1.588214 3.751780
vn -0.0000 1.0000 -0.0000
vn -0.0000 -0.0000 -1.0000
vn -0.0000 -1.0000 -0.0000
vn -0.0000 -0.0000 1.0000
vn -1.0000 -0.0000 -0.0000
vn 1.0000 -0.0000 -0.0000
vt 0.375000 0.000000
vt 0.625000 0.000000
vt 0.625000 0.250000
vt 0.375000 0.250000
vt 0.625000 0.500000
vt 0.375000 0.500000
vt 0.625000 0.750000
vt 0.375000 0.750000
vt 0.625000 1.000000
vt 0.375000 1.000000
vt 0.125000 0.500000
vt 0.125000 0.750000
vt 0.875000 0.500000
vt 0.875000 0.750000
s 0
f 185/105/37 186/106/37 188/107/37 187/108/37
f 187/108/38 188/107/38 192/109/38 191/110/38
f 191/110/39 192/109/39 190/111/39 189/112/39
f 189/112/40 190/111/40 186/113/40 185/114/40
f 187/115/41 191/110/41 189/112/41 185/116/41
f 192/109/42 188/117/42 186/118/42 190/111/42
f 193/105/37 195/108/37 196/107/37 194/106/37
f 195/108/38 199/110/38 200/109/38 196/107/38
f 199/110/39 197/112/39 198/111/39 200/109/39
f 197/112/40 193/114/40 194/113/40 198/111/40
f 195/115/42 193/116/42 197/112/42 199/110/42
f 200/109/41 198/111/41 194/118/41 196/117/41
f 201/105/37 203/108/37 204/107/37 202/106/37
f 203/108/40 207/110/40 208/109/40 204/107/40
f 207/110/39 205/112/39 206/111/39 208/109/39
f 205/112/38 201/114/38 202/113/38 206/111/38
f 203/115/41 201/116/41 205/112/41 207/110/41
f 208/109/42 206/111/42 202/118/42 204/117/42
f 209/105/37 210/106/37 212/107/37 211/108/37
f 211/108/40 212/107/40 216/109/40 215/110/40
f 215/110/39 216/109/39 214/111/39 213/112/39
f 213/112/38 214/111/38 210/113/38 209/114/38
f 211/115/42 215/110/42 213/112/42 209/116/42
f 216/109/41 212/117/41 210/118/41 214/111/41
o Cube.008
v 2.327616 1.016020 -1.416028
v 2.327616 1.635404 -1.416028
v 2.327616 1.016020 -1.565988
v 2.327616 1.635404 -1.565988
v 2.519873 1.016020 -1.416028
v 2.519873 1.635404 -1.416028
v 2.519873 1.016020 -1.565988
v 2.519873 1.635404 -1.565988
v 1.385756 1.016020 -1.416028
v 1.385756 1.635404 -1.416028
v 1.385756 1.016020 -1.565987
v 1.385756 1.635404 -1.565987
v 1.578013 1.016020 -1.416028
v 1.578013 1.635404 -1.416028
v 1.578013 1.016020 -1.565987
v 1.578013 1.635404 -1.565987
v 3.461733 1.016020 -1.416028
v 3.461733 1.635404 -1.416028
v 3.461733 1.016020 -1.565987
v 3.461733 1.635404 -1.565987
v 3.269475 1.016020 -1.416028
v 3.269475 1.635404 -1.416028
v 3.269475 1.016020 -1.565987
v 3.269475 1.635404 -1.565987
v 2.523635 1.016020 -1.416028
v 2.523635 1.635404 -1.416028
v 2.523635 1.016020 -1.565988
v 2.523635 1.635404 -1.565988
v 2.331378 1.016020 -1.416028
v 2.331378 1.635404 -1.416028
v 2.331378 1.016020 -1.565988
v 2.331378 1.635404 -1.565988
v 3.465495 1.016020 -1.416028
v 3.465495 1.635404 -1.416028
v 3.465495 1.016020 -1.565987
v 3.465495 1.635404 -1.565987
v 3.273238 1.016020 -1.416028
v 3.273238 1.635404 -1.416028
v 3.273238 1.016020 -1.565987
v 3.273238 1.635404 -1.565987
v 1.389518 1.016020 -1.416028
v 1.389518 1.635404 -1.416028
v 1.389518 1.016020 -1.565987
v 1.389518 1.635404 -1.565987
v 1.581776 1.016020 -1.416028
v 1.581776 1.635404 -1.416028
v 1.581776 1.016020 -1.565987
v 1.581776 1.635404 -1.565987
v 2.327616 1.016020 3.587020
v 2.327616 1.635404 3.587020
v 2.327616 1.016020 3.736978
v 2.327616 1.635404 3.736978
v 2.519873 1.016020 3.587020
v 2.519873 1.635404 3.587020
v 2.519873 1.016020 3.736978
v 2.519873 1.635404 3.736978
v 1.385756 1.016020 3.587020
v 1.385756 1.635404 3.587020
v 1.385756 1.016020 3.736978
v 1.385756 1.635404 3.736978
v 1.578013 1.016020 3.587020
v 1.578013 1.635404 3.587020
v 1.578013 1.016020 3.736978
v 1.578013 1.635404 3.736978
v 3.461733 1.016020 3.587020
v 3.461733 1.635404 3.587020
v 3.461733 1.016020 3.736978
v 3.461733 1.635404 3.736978
v 3.269475 1.016020 3.587020
v 3.269475 1.635404 3.587020
v 3.269475 1.016020 3.736978
v 3.269475 1.635404 3.736978
v 2.523635 1.016020 3.587020
v 2.523635 1.635404 3.587020
v 2.523635 1.016020 3.736978
v 2.523635 1.635404 3.736978
v 2.331378 1.016020 3.587020
v 2.331378 1.635404 3.587020
v 2.331378 1.016020 3.736978
v 2.331378 1.635404 3.736978
v 3.465495 1.016020 3.587020
v 3.465495 1.635404 3.587020
v 3.465495 1.016020 3.736978
v 3.465495 1.635404 3.736978
v 3.273238 1.016020 3.587020
v 3.273238 1.635404 3.587020
v 3.273238 1.016020 3.736978
v 3.273238 1.635404 3.736978
v 1.389518 1.016020 3.587020
v 1.389518 1.635404 3.587020
v 1.389518 1.016020 3.736978
v 1.389518 1.635404 3.736978
v 1.581776 1.016020 3.587020
v 1.581776 1.635404 3.587020
v 1.581776 1.016020 3.736978
v 1.581776 1.635404 3.736978
vn -1.0000 -0.0000 -0.0000
vn -0.0000 -0.0000 -1.0000
vn 1.0000 -0.0000 -0.0000
vn -0.0000 -0.0000 1.0000
vn -0.0000 -1.0000 -0.0000
vn -0.0000 1.0000 -0.0000
vt 0.375000 0.000000
vt 0.625000 0.000000
vt 0.625000 0.250000
vt 0.375000 0.250000
vt 0.625000 0.500000
vt 0.375000 0.500000
vt 0.625000 0.750000
vt 0.375000 0.750000
vt 0.625000 1.000000
vt 0.375000 1.000000
vt 0.125000 0.500000
vt 0.125000 0.750000
vt 0.875000 0.500000
vt 0.875000 0.750000
s 0
f 217/119/43 218/120/43 220/121/43 219/122/43
f 219/122/44 220/121/44 224/123/44 223/124/44
f 223/124/45 224/123/45 222/125/45 221/126/45
f 221/126/46 222/125/46 218/127/46 217/128/46
f 219/129/47 223/124/47 221/126/47 217/130/47
f 224/123/48 220/131/48 218/132/48 222/125/48
f 225/119/43 226/120/43 228/121/43 227/122/43
f 227/122/44 228/121/44 232/123/44 231/124/44
f 231/124/45 232/123/45 230/125/45 229/126/45
f 229/126/46 230/125/46 226/127/46 225/128/46
f 227/129/47 231/124/47 229/126/47 225/130/47
f 232/123/48 228/131/48 226/132/48 230/125/48
f 233/119/45 235/122/45 236/121/45 234/120/45
f 235/122/44 239/124/44 240/123/44 236/121/44
f 239/124/43 237/126/43 238/125/43 240/123/43
f 237/126/46 233/128/46 234/127/46 238/125/46
f 235/129/47 233/130/47 237/126/47 239/124/47
f 240/123/48 238/125/48 234/132/48 236/131/48
f 241/119/45 243/122/45 244/121/45 242/120/45
f 243/122/44 247/124/44 248/123/44 244/121/44
f 247/124/43 245/126/43 246/125/43 248/123/43
f 245/126/46 241/128/46 242/127/46 246/125/46
f 243/129/47 241/130/47 245/126/47 247/124/47
f 248/123/48 246/125/48 242/132/48 244/131/48
f 249/119/45 251/122/45 252/121/45 250/120/45
f 251/122/44 255/124/44 256/123/44 252/121/44
f 255/124/43 253/126/43 254/125/43 256/123/43
f 253/126/46 249/128/46 250/127/46 254/125/46
f 251/129/47 249/130/47 253/126/47 255/124/47
f 256/123/48 254/125/48 250/132/48 252/131/48
f 257/119/43 258/120/43 260/121/43 259/122/43
f 259/122/44 260/121/44 264/123/44 263/124/44
f 263/124/45 264/123/45 262/125/45 261/126/45
f 261/126/46 262/125/46 258/127/46 257/128/46
f 259/129/47 263/124/47 261/126/47 257/130/47
f 264/123/48 260/131/48 258/132/48 262/125/48
f 265/119/43 267/122/43 268/121/43 266/120/43
f 267/122/46 271/124/46 272/123/46 268/121/46
f 271/124/45 269/126/45 270/125/45 272/123/45
f 269/126/44 265/128/44 266/127/44 270/125/44
f 267/129/47 265/130/47 269/126/47 271/124/47
f 272/123/48 270/125/48 266/132/48 268/131/48
f 273/119/43 275/122/43 276/121/43 274/120/43
f 275/122/46 279/124/46 280/123/46 276/121/46
f 279/124/45 277/126/45 278/125/45 280/123/45
f 277/126/44 273/128/44 274/127/44 278/125/44
f 275/129/47 273/130/47 277/126/47 279/124/47
f 280/123/48 278/125/48 274/132/48 276/131/48
f 281/119/45 282/120/45 284/121/45 283/122/45
f 283/122/46 284/121/46 288/123/46 287/124/46
f 287/124/43 288/123/43 286/125/43 285/126/43
f 285/126/44 286/125/44 282/127/44 281/128/44
f 283/129/47 287/124/47 285/126/47 281/130/47
f 288/123/48 284/131/48 282/132/48 286/125/48
f 289/119/45 290/120/45 292/121/45 291/122/45
f 291/122/46 292/121/46 296/123/46 295/124/46
f 295/124/43 296/123/43 294/125/43 293/126/43
f 293/126/44 294/125/44 290/127/44 289/128/44
f 291/129/47 295/124/47 293/126/47 289/130/47
f 296/123/48 292/131/48 290/132/48 294/125/48
f 297/119/45 298/120/45 300/121/45 299/122/45
f 299/122/46 300/121/46 304/123/46 303/124/46
f 303/124/43 304/123/43 302/125/43 301/126/43
f 301/126/44 302/125/44 298/127/44 297/128/44
f 299/129/47 303/124/47 301/126/47 297/130/47
f 304/123/48 300/131/48 298/132/48 302/125/48
f 305/119/43 307/122/43 308/121/43 306/120/43
f 307/122/46 311/124/46 312/123/46 308/121/46
f 311/124/45 309/126/45 310/125/45 312/123/45
f 309/126/44 305/128/44 306/127/44 310/125/44
f 307/129/47 305/130/47 309/126/47 311/124/47
f 312/123/48 310/125/48 306/132/48 308/131/48
o Cylinder
v 2.423744 4.389458 -1.562239
v 2.423744 4.389458 3.733230
v 4.042585 3.181250 -1.628715
v 4.042585 3.181250 3.799706
v 0.804904 3.181250 -1.628715
v 0.804904 3.181250 3.799706
vn 0.5981 0.8014 -0.0000
vn -0.0000 -1.0000 -0.0000
vn -0.0000 0.0549 0.9985
vn -0.5981 0.8014 -0.0000
vn -0.0000 0.0549 -0.9985
vt 1.000000 0.500000
vt 1.000000 1.000000
vt 0.666667 1.000000
vt 0.666667 0.500000
vt 0.333333 1.000000
vt 0.333333 0.500000
vt 0.457846 0.130000
vt 0.250000 0.490000
vt 0.042154 0.130000
vt -0.000000 1.000000
vt -0.000000 0.500000
vt 0.750000 0.490000
vt 0.957846 0.130000
vt 0.542154 0.130000
s 0
f 313/133/49 314/134/49 316/135/49 315/136/49
f 315/136/50 316/135/50 318/137/50 317/138/50
f 316/139/51 314/140/51 318/141/51
f 317/138/52 318/137/52 314/142/52 313/143/52
f 313/144/53 315/145/53 317/146/53
o Cube.007
v 0.638203 3.263370 -1.546029
v 4.199735 3.263370 -1.546029
v 0.638203 3.263370 -1.695988
v 4.199735 3.263370 -1.695988
v 0.638203 3.092357 -1.546029
v 4.199735 3.092357 -1.546029
v 0.638203 3.092357 -1.695988
v 4.199735 3.092357 -1.695988
v 4.213049 3.263370 -1.546030
v 0.651516 3.263370 -1.546030
v 4.213049 3.263370 -1.695989
v 0.651516 3.263370 -1.695989
v 4.213049 3.092357 -1.546030
v 0.651516 3.092357 -1.546030
v 4.213049 3.092357 -1.695989
v 0.651516 3.092357 -1.695989
v 0.638202 3.263370 3.717020
v 4.199735 3.263370 3.717020
v 0.638202 3.263370 3.866979
v 4.199735 3.263370 3.866979
v 0.638202 3.092357 3.717020
v 4.199735 3.092357 3.717020
v 0.638202 3.092357 3.866979
v 4.199735 3.092357 3.866979
v 4.213049 3.263370 3.717021
v 0.651516 3.263370 3.717021
v 4.213049 3.263370 3.866980
v 0.651516 3.263370 3.866980
v 4.213049 3.092358 3.717021
v 0.651516 3.092357 3.717021
v 4.213049 3.092358 3.866980
v 0.651516 3.092357 3.866980
vn -0.0000 1.0000 -0.0000
vn -0.0000 -0.0000 -1.0000
vn -0.0000 -1.0000 -0.0000
vn -0.0000 -0.0000 1.0000
vn -1.0000 -0.0000 -0.0000
vn 1.0000 -0.0000 -0.0000
vt 0.375000 0.000000
vt 0.625000 0.000000
vt 0.625000 0.250000
vt 0.375000 0.250000
vt 0.625000 0.500000
vt 0.375000 0.500000
vt 0.625000 0.750000
vt 0.375000 0.750000
vt 0.625000 1.000000
vt 0.375000 1.000000
vt 0.125000 0.500000
vt 0.125000 0.750000
vt 0.875000 0.500000
vt 0.875000 0.750000
s 0
f 319/147/54 320/148/54 322/149/54 321/150/54
f 321/150/55 322/149/55 326/151/55 325/152/55
f 325/152/56 326/151/56 324/153/56 323/154/56
f 323/154/57 324/153/57 320/155/57 319/156/57
f 321/157/58 325/152/58 323/154/58 319/158/58
f 326/151/59 322/159/59 320/160/59 324/153/59
f 327/147/54 329/150/54 330/149/54 328/148/54
f 329/150/55 333/152/55 334/151/55 330/149/55
f 333/152/56 331/154/56 332/153/56 334/151/56
f 331/154/57 327/156/57 328/155/57 332/153/57
f 329/157/59 327/158/59 331/154/59 333/152/59
f 334/151/58 332/153/58 328/160/58 330/159/58
f 335/147/54 337/150/54 338/149/54 336/148/54
f 337/150/57 341/152/57 342/151/57 338/149/57
f 341/152/56 339/154/56 340/153/56 342/151/56
f 339/154/55 335/156/55 336/155/55 340/153/55
f 337/157/58 335/158/58 339/154/58 341/152/58
f 342/151/59 340/153/59 336/160/59 338/159/59
f 343/147/54 344/148/54 346/149/54 345/150/54
f 345/150/57 346/149/57 350/151/57 349/152/57
f 349/152/56 350/151/56 348/153/56 347/154/56
f 347/154/55 348/153/55 344/155/55 343/156/55
f 345/157/59 349/152/59 347/154/59 343/158/59
f 350/151/58 346/159/58 344/160/58 348/153/58
o Cube.010
v 1.368702 3.759692 -1.490264
v 3.469235 3.759692 -1.490264
v 1.368702 3.759692 -1.662400
v 3.469235 3.759692 -1.662400
v 1.368702 3.622270 -1.490264
v 3.469235 3.622270 -1.490264
v 1.368702 3.622270 -1.662400
v 3.469235 3.622270 -1.662400
v 3.482549 3.759692 -1.490264
v 1.382016 3.759692 -1.490264
v 3.482549 3.759692 -1.662400
v 1.382016 3.759692 -1.662400
v 3.482549 3.622270 -1.490264
v 1.382016 3.622270 -1.490264
v 3.482549 3.622270 -1.662400
v 1.382016 3.622270 -1.662400
v 1.368702 3.759692 3.661255
v 3.469235 3.759692 3.661255
v 1.368702 3.759692 3.833391
v 3.469235 3.759692 3.833391
v 1.368702 3.622270 3.661255
v 3.469235 3.622270 3.661255
v 1.368702 3.622270 3.833391
v 3.469235 3.622270 3.833391
v 3.482549 3.759692 3.661255
v 1.382016 3.759692 3.661255
v 3.482549 3.759692 3.833391
v 1.382016 3.759692 3.833391
v 3.482549 3.622270 3.661255
v 1.382016 3.622270 3.661255
v 3.482549 3.622270 3.833391
v 1.382016 3.622270 3.833391
vn -0.0000 1.0000 -0.0000
vn -0.0000 -0.0000 -1.0000
vn -0.0000 -1.0000 -0.0000
vn -0.0000 -0.0000 1.0000
vn -1.0000 -0.0000 -0.0000
vn 1.0000 -0.0000 -0.0000
vt 0.375000 0.000000
vt 0.625000 0.000000
vt 0.625000 0.250000
vt 0.375000 0.250000
vt 0.625000 0.500000
vt 0.375000 0.500000
vt 0.625000 0.750000
vt 0.375000 0.750000
vt 0.625000 1.000000
vt 0.375000 1.000000
vt 0.125000 0.500000
vt 0.125000 0.750000
vt 0.875000 0.500000
vt 0.875000 0.750000
s 0
f 351/161/60 352/162/60 354/163/60 353/164/60
f 353/164/61 354/163/61 358/165/61 357/166/61
f 357/166/62 358/165/62 356/167/62 355/168/62
f 355/168/63 356/167/63 352/169/63 351/170/63
f 353/171/64 357/166/64 355/168/64 351/172/64
f 358/165/65 354/173/65 352/174/65 356/167/65
f 359/161/60 361/164/60 362/163/60 360/162/60
f 361/164/61 365/166/61 366/165/61 362/163/61
f 365/166/62 363/168/62 364/167/62 366/165/62
f 363/168/63 359/170/63 360/169/63 364/167/63
f 361/171/65 359/172/65 363/168/65 365/166/65
f 366/165/64 364/167/64 360/174/64 362/173/64
f 367/161/60 369/164/60 370/163/60 368/162/60
f 369/164/63 373/166/63 374/165/63 370/163/63
f 373/166/62 371/168/62 372/167/62 374/165/62
f 371/168/61 367/170/61 368/169/61 372/167/61
f 369/171/64 367/172/64 371/168/64 373/166/64
f 374/165/65 372/167/65 368/174/65 370/173/65
f 375/161/60 376/162/60 378/163/60 377/164/60
f 377/164/63 378/163/63 382/165/63 381/166/63
f 381/166/62 382/165/62 380/167/62 379/168/62
f 379/168/61 380/167/61 376/169/61 375/170/61
f 377/171/65 381/166/65 379/168/65 375/172/65
f 382/165/64 378/173/64 376/174/64 380/167/64
o Cube.013
v 0.389681 2.942031 -1.208941
v 0.306893 3.027088 -1.208941
v 0.389681 2.942031 -1.787867
v 0.306893 3.027088 -1.787867
v 1.177683 3.534392 -1.208941
v 1.100248 3.619450 -1.208941
v 1.177683 3.534392 -1.787867
v 1.100248 3.619450 -1.787867
v 0.353998 2.978692 -1.281470
v 0.353998 2.978692 -1.715338
v 0.321280 3.012308 -1.381000
v 0.309790 3.024112 -1.498404
v 0.321280 3.012308 -1.615808
v 0.271211 3.063749 -1.715338
v 0.271211 3.063749 -1.281470
v 0.238492 3.097365 -1.615808
v 0.227003 3.109169 -1.498404
v 0.238492 3.097365 -1.381000
v 1.144307 3.571053 -1.715338
v 1.144307 3.571053 -1.281470
v 1.113704 3.604669 -1.615808
v 1.102958 3.616473 -1.498404
v 1.113704 3.604669 -1.381001
v 1.066873 3.656111 -1.281470
v 1.066873 3.656111 -1.715338
v 1.036270 3.689726 -1.381001
v 1.025523 3.701530 -1.498404
v 1.036270 3.689726 -1.615808
v 0.389681 2.942031 -0.630014
v 0.306893 3.027088 -0.630014
v 0.389681 2.942031 -1.208941
v 0.306893 3.027088 -1.208941
v 1.177683 3.534392 -0.630015
v 1.100248 3.619450 -0.630015
v 1.177683 3.534392 -1.208941
v 1.100248 3.619450 -1.208941
v 0.353998 2.978692 -0.702544
v 0.353998 2.978692 -1.136411
v 0.321280 3.012308 -0.802074
v 0.309790 3.024112 -0.919477
v 0.321280 3.012308 -1.036881
v 0.271211 3.063749 -1.136411
v 0.271211 3.063749 -0.702544
v 0.238492 3.097365 -1.036881
v 0.227003 3.109169 -0.919477
v 0.238492 3.097365 -0.802074
v 1.144307 3.571053 -1.136412
v 1.144307 3.571053 -0.702544
v 1.113704 3.604669 -1.036881
v 1.102958 3.616473 -0.919478
v 1.113704 3.604669 -0.802074
v 1.066873 3.656111 -0.702544
v 1.066873 3.656111 -1.136412
v 1.036270 3.689726 -0.802074
v 1.025523 3.701530 -0.919478
v 1.036270 3.689726 -1.036881
v 0.389681 2.942031 -0.051088
v 0.306893 3.027088 -0.051088
v 0.389681 2.942031 -0.630014
v 0.306893 3.027088 -0.630014
v 1.177683 3.534392 -0.051088
v 1.100248 3.619450 -0.051088
v 1.177683 3.534392 -0.630015
v 1.100248 3.619450 -0.630015
v 0.353998 2.978692 -0.123617
v 0.353998 2.978692 -0.557485
v 0.321280 3.012308 -0.223147
v 0.309790 3.024112 -0.340551
v 0.321280 3.012308 -0.457955
v 0.271211 3.063749 -0.557485
v 0.271211 3.063749 -0.123617
v 0.238492 3.097365 -0.457955
v 0.227003 3.109169 -0.340551
v 0.238492 3.097365 -0.223148
v 1.144307 3.571053 -0.557485
v 1.144307 3.571053 -0.123617
v 1.113704 3.604669 -0.457955
v 1.102958 3.616473 -0.340551
v 1.113704 3.604669 -0.223148
v 1.066873 3.656111 -0.123617
v 1.066873 3.656111 -0.557485
v 1.036270 3.689726 -0.223148
v 1.025523 3.701530 -0.340551
v 1.036270 3.689726 -0.457955
v 0.389681 2.942031 0.527838
v 0.306893 3.027088 0.527838
v 0.389681 2.942031 -0.051088
v 0.306893 3.027088 -0.051088
v 1.177683 3.534392 0.527838
v 1.100248 3.619450 0.527838
v 1.177683 3.534392 -0.051088
v 1.100248 3.619450 -0.051088
v 0.353998 2.978692 0.455309
v 0.353998 2.978692 0.021441
v 0.321280 3.012308 0.355779
v 0.309790 3.024112 0.238375
v 0.321280 3.012308 0.120971
v 0.271211 3.063749 0.021441
v 0.271211 3.063749 0.455309
v 0.238492 3.097365 0.120972
v 0.227003 3.109169 0.238375
v 0.238492 3.097365 0.355779
v 1.144307 3.571053 0.021441
v 1.144307 3.571053 0.455309
v 1.113704 3.604669 0.120971
v 1.102958 3.616473 0.238375
v 1.113704 3.604669 0.355779
v 1.066873 3.656111 0.455309
v 1.066873 3.656111 0.021441
v 1.036270 3.689726 0.355779
v 1.025523 3.701530 0.238375
v 1.036270 3.689726 0.120971
v 0.389681 2.942031 1.106765
v 0.306893 3.027088 1.106765
v 0.389681 2.942031 0.527838
v 0.306893 3.027088 0.527838
v 1.177683 3.534392 1.106765
v 1.100248 3.619450 1.106765
v 1.177683 3.534392 0.527838
v 1.100248 3.619450 0.527838
v 0.353998 2.978692 1.034235
v 0.353998 2.978692 0.600368
v 0.321280 3.012308 0.934705
v 0.309790 3.024112 0.817302
v 0.321280 3.012308 0.699898
v 0.271211 3.063749 0.600368
v 0.271211 3.063749 1.034235
v 0.238492 3.097365 0.699898
v 0.227003 3.109169 0.817302
v 0.238492 3.097365 0.934705
v 1.144307 3.571053 0.600368
v 1.144307 3.571053 1.034235
v 1.113704 3.604669 0.699898
v 1.102958 3.616473 0.817302
v 1.113704 3.604669 0.934705
v 1.066873 3.656111 1.034235
v 1.066873 3.656111 0.600368
v 1.036270 3.689726 0.934705
v 1.025523 3.701530 0.817302
v 1.036270 3.689726 0.699898
v 0.389681 2.942031 1.685691
v 0.306893 3.027088 1.685691
v 0.389681 2.942031 1.106765
v 0.306893 3.027088 1.106765
v 1.177683 3.534392 1.685691
v 1.100248 3.619450 1.685691
v 1.177683 3.534392 1.106765
v 1.100248 3.619450 1.106765
v 0.353998 2.978692 1.613162
v 0.353998 2.978692 1.179294
v 0.321280 3.012308 1.513632
v 0.309790 3.024112 1.396228
v 0.321280 3.012308 1.278824
v 0.271211 3.063749 1.179294
v 0.271211 3.063749 1.613162
v 0.238492 3.097365 1.278824
v 0.227003 3.109169 1.396228
v 0.238492 3.097365 1.513632
v 1.144307 3.571053 1.179294
v 1.144307 3.571053 1.613162
v 1.113704 3.604669 1.278824
v 1.102958 3.616473 1.396228
v 1.113704 3.604669 1.513632
v 1.066873 3.656111 1.613162
v 1.066873 3.656111 1.179294
v 1.036270 3.689726 1.513632
v 1.025523 3.701530 1.396228
v 1.036270 3.689726 1.278824
v 0.389681 2.942031 2.264618
v 0.306893 3.027088 2.264618
v 0.389681 2.942031 1.685691
v 0.306893 3.027088 1.685691
v 1.177683 3.534392 2.264618
v 1.100248 3.619450 2.264618
v 1.177683 3.534392 1.685691
v 1.100248 3.619450 1.685691
v 0.353998 2.978692 2.192089
v 0.353998 2.978692 1.758221
v 0.321280 3.012308 2.092558
v 0.309790 3.024112 1.975155
v 0.321280 3.012308 1.857751
v 0.271211 3.063749 1.758221
v 0.271211 3.063749 2.192088
v 0.238492 3.097365 1.857751
v 0.227003 3.109169 1.975155
v 0.238492 3.097365 2.092558
v 1.144307 3.571053 1.758221
v 1.144307 3.571053 2.192089
v 1.113704 3.604669 1.857751
v 1.102958 3.616473 1.975155
v 1.113704 3.604669 2.092558
v 1.066873 3.656111 2.192088
v 1.066873 3.656111 1.758221
v 1.036270 3.689726 2.092558
v 1.025523 3.701530 1.975155
v 1.036270 3.689726 1.857751
v 0.389681 2.942031 2.843544
v 0.306893 3.027088 2.843544
v 0.389681 2.942031 2.264618
v 0.306893 3.027088 2.264618
v 1.177683 3.534392 2.843544
v 1.100248 3.619450 2.843544
v 1.177683 3.534392 2.264618
v 1.100248 3.619450 2.264618
v 0.353998 2.978692 2.771014
v 0.353998 2.978692 2.337147
v 0.321280 3.012308 2.671485
v 0.309790 3.024112 2.554081
v 0.321280 3.012308 2.436677
v 0.271211 3.063749 2.337147
v 0.271211 3.063749 2.771014
v 0.238492 3.097365 2.436677
v 0.227003 3.109169 2.554081
v 0.238492 3.097365 2.671485
v 1.144307 3.571053 2.337147
v 1.144307 3.571053 2.771014
v 1.113704 3.604669 2.436677
v 1.102958 3.616473 2.554081
v 1.113704 3.604669 2.671485
v 1.066873 3.656111 2.771014
v 1.066873 3.656111 2.337147
v 1.036270 3.689726 2.671485
v 1.025523 3.701530 2.554081
v 1.036270 3.689726 2.436677
v 0.389681 2.942031 3.422471
v 0.306893 3.027088 3.422471
v 0.389681 2.942031 2.843544
v 0.306893 3.027088 2.843544
v 1.177683 3.534392 3.422471
v 1.100248 3.619450 3.422471
v 1.177683 3.534392 2.843544
v 1.100248 3.619450 2.843544
v 0.353998 2.978692 3.349942
v 0.353998 2.978692 2.916073
v 0.321280 3.012308 3.250411
v 0.309790 3.024112 3.133007
v 0.321280 3.012308 3.015603
v 0.271211 3.063749 2.916073
v 0.271211 3.063749 3.349942
v 0.238492 3.097365 3.015603
v 0.227003 3.109169 3.133007
v 0.238492 3.097365 3.250411
v 1.144307 3.571053 2.916073
v 1.144307 3.571053 3.349942
v 1.113704 3.604669 3.015603
v 1.102958 3.616473 3.133007
v 1.113704 3.604669 3.250411
v 1.066873 3.656111 3.349942
v 1.066873 3.656111 2.916074
v 1.036270 3.689726 3.250411
v 1.025523 3.701530 3.133007
v 1.036270 3.689726 3.015603
v 0.389681 2.942031 4.001398
v 0.306893 3.027088 4.001398
v 0.389681 2.942031 3.422471
v 0.306893 3.027088 3.422471
v 1.177683 3.534392 4.001398
v 1.100248 3.619450 4.001398
v 1.177683 3.534392 3.422471
v 1.100248 3.619450 3.422471
v 0.353998 2.978692 3.928869
v 0.353998 2.978692 3.495000
v 0.321280 3.012308 3.829338
v 0.309790 3.024112 3.711934
v 0.321280 3.012308 3.594530
v 0.271211 3.063749 3.495000
v 0.271211 3.063749 3.928869
v 0.238492 3.097365 3.594530
v 0.227003 3.109169 3.711934
v 0.238492 3.097365 3.829338
v 1.144307 3.571053 3.495000
v 1.144307 3.571053 3.928869
v 1.113704 3.604669 3.594530
v 1.102958 3.616473 3.711934
v 1.113704 3.604669 3.829338
v 1.066873 3.656111 3.928869
v 1.066873 3.656111 3.495000
v 1.036270 3.689726 3.829338
v 1.025523 3.701530 3.711934
v 1.036270 3.689726 3.594530
v 1.177683 3.534392 -1.208941
v 1.100248 3.619450 -1.208941
v 1.177683 3.534392 -1.787867
v 1.100248 3.619450 -1.787867
v 1.834168 4.007259 -1.208941
v 1.756734 4.092317 -1.208941
v 1.834168 4.007259 -1.787867
v 1.756734 4.092317 -1.787867
v 1.144307 3.571053 -1.281470
v 1.144307 3.571053 -1.715338
v 1.113704 3.604669 -1.381001
v 1.102958 3.616473 -1.498404
v 1.113704 3.604669 -1.615808
v 1.066873 3.656111 -1.715338
v 1.066873 3.656111 -1.281470
v 1.036270 3.689726 -1.615808
v 1.025523 3.701530 -1.498404
v 1.036270 3.689726 -1.381001
v 1.800793 4.043921 -1.715338
v 1.800793 4.043921 -1.281470
v 1.770190 4.077536 -1.615808
v 1.759444 4.089340 -1.498404
v 1.770190 4.077536 -1.381001
v 1.723358 4.128978 -1.281470
v 1.723358 4.128978 -1.715338
v 1.692755 4.162593 -1.381001
v 1.682009 4.174397 -1.498404
v 1.692755 4.162593 -1.615808
v 1.177683 3.534392 -0.630015
v 1.100248 3.619450 -0.630015
v 1.177683 3.534392 -1.208941
v 1.100248 3.619450 -1.208941
v 1.834168 4.007259 -0.630015
v 1.756734 4.092317 -0.630015
v 1.834168 4.007259 -1.208941
v 1.756734 4.092317 -1.208941
v 1.144307 3.571053 -0.702544
v 1.144307 3.571053 -1.136412
v 1.113704 3.604669 -0.802074
v 1.102958 3.616473 -0.919478
v 1.113704 3.604669 -1.036881
v 1.066873 3.656111 -1.136412
v 1.066873 3.656111 -0.702544
v 1.036270 3.689726 -1.036881
v 1.025523 3.701530 -0.919478
v 1.036270 3.689726 -0.802074
v 1.800793 4.043921 -1.136412
v 1.800793 4.043921 -0.702544
v 1.770190 4.077536 -1.036881
v 1.759444 4.089340 -0.919478
v 1.770190 4.077536 -0.802074
v 1.723358 4.128978 -0.702544
v 1.723358 4.128978 -1.136412
v 1.692755 4.162593 -0.802074
v 1.682009 4.174397 -0.919478
v 1.692755 4.162593 -1.036881
v 1.177683 3.534392 -0.051088
v 1.100248 3.619450 -0.051088
v 1.177683 3.534392 -0.630015
v 1.100248 3.619450 -0.630015
v 1.834168 4.007259 -0.051088
v 1.756734 4.092317 -0.051088
v 1.834168 4.007259 -0.630015
v 1.756734 4.092317 -0.630015
v 1.144307 3.571053 -0.123617
v 1.144307 3.571053 -0.557485
v 1.113704 3.604669 -0.223148
v 1.102958 3.616473 -0.340551
v 1.113704 3.604669 -0.457955
v 1.066873 3.656111 -0.557485
v 1.066873 3.656111 -0.123617
v 1.036270 3.689726 -0.457955
v 1.025523 3.701530 -0.340551
v 1.036270 3.689726 -0.223148
v 1.800793 4.043921 -0.557485
v 1.800793 4.043921 -0.123617
v 1.770190 4.077536 -0.457955
v 1.759444 4.089340 -0.340551
v 1.770190 4.077536 -0.223148
v 1.723358 4.128978 -0.123617
v 1.723358 4.128978 -0.557485
v 1.692755 4.162593 -0.223148
v 1.682009 4.174397 -0.340551
v 1.692755 4.162593 -0.457955
v 1.177683 3.534392 0.527838
v 1.100248 3.619450 0.527838
v 1.177683 3.534392 -0.051088
v 1.100248 3.619450 -0.051088
v 1.834168 4.007259 0.527838
v 1.756734 4.092317 0.527838
v 1.834168 4.007259 -0.051088
v 1.756734 4.092317 -0.051088
v 1.144307 3.571053 0.455309
v 1.144307 3.571053 0.021441
v 1.113704 3.604669 0.355779
v 1.102958 3.616473 0.238375
v 1.113704 3.604669 0.120971
v 1.066873 3.656111 0.021441
v 1.066873 3.656111 0.455309
v 1.036270 3.689726 0.120971
v 1.025523 3.701530 0.238375
v 1.036270 3.689726 0.355779
v 1.800793 4.043921 0.021441
v 1.800793 4.043921 0.455309
v 1.770190 4.077536 0.120971
v 1.759444 4.089340 0.238375
v 1.770190 4.077536 0.355779
v 1.723358 4.128978 0.455309
v 1.723358 4.128978 0.021441
v 1.692755 4.162593 0.355779
v 1.682009 4.174397 0.238375
v 1.692755 4.162593 0.120971
v 1.177683 3.534392 1.106765
v 1.100248 3.619450 1.106765
v 1.177683 3.534392 0.527838
v 1.100248 3.619450 0.527838
v 1.834168 4.007259 1.106765
v 1.756734 4.092317 1.106765
v 1.834168 4.007259 0.527838
v 1.756734 4.092317 0.527838
v 1.144307 3.571053 1.034235
v 1.144307 3.571053 0.600368
v 1.113704 3.604669 0.934705
v 1.102958 3.616473 0.817302
v 1.113704 3.604669 0.699898
v 1.066873 3.656111 0.600368
v 1.066873 3.656111 1.034235
v 1.036270 3.689726 0.699898
v 1.025523 3.701530 0.817302
v 1.036270 3.689726 0.934705
v 1.800793 4.043921 0.600368
v 1.800793 4.043921 1.034235
v 1.770190 4.077536 0.699898
v 1.759444 4.089340 0.817302
v 1.770190 4.077536 0.934705
v 1.723358 4.128978 1.034235
v 1.723358 4.128978 0.600368
v 1.692755 4.162593 0.934705
v 1.682009 4.174397 0.817302
v 1.692755 4.162593 0.699898
v 1.177683 3.534392 1.685691
v 1.100248 3.619450 1.685691
v 1.177683 3.534392 1.106765
v 1.100248 3.619450 1.106765
v 1.834168 4.007259 1.685691
v 1.756734 4.092317 1.685691
v 1.834168 4.007259 1.106765
v 1.756734 4.092317 1.106765
v 1.144307 3.571053 1.613162
v 1.144307 3.571053 1.179294
v 1.113704 3.604669 1.513632
v 1.102958 3.616473 1.396228
v 1.113704 3.604669 1.278824
v 1.066873 3.656111 1.179294
v 1.066873 3.656111 1.613162
v 1.036270 3.689726 1.278824
v 1.025523 3.701530 1.396228
v 1.036270 3.689726 1.513632
v 1.800793 4.043921 1.179294
v 1.800793 4.043921 1.613162
v 1.770190 4.077536 1.278824
v 1.759444 4.089340 1.396228
v 1.770190 4.077536 1.513632
v 1.723358 4.128978 1.613162
v 1.723358 4.128978 1.179294
v 1.692755 4.162593 1.513632
v 1.682009 4.174397 1.396228
v 1.692755 4.162593 1.278824
v 1.177683 3.534392 2.264618
v 1.100248 3.619450 2.264618
v 1.177683 3.534392 1.685691
v 1.100248 3.619450 1.685691
v 1.834168 4.007259 2.264618
v 1.756734 4.092317 2.264618
v 1.834168 4.007259 1.685691
v 1.756734 4.092317 1.685691
v 1.144307 3.571053 2.192089
v 1.144307 3.571053 1.758221
v 1.113704 3.604669 2.092558
v 1.102958 3.616473 1.975155
v 1.113704 3.604669 1.857751
v 1.066873 3.656111 1.758221
v 1.066873 3.656111 2.192088
v 1.036270 3.689726 1.857751
v 1.025523 3.701530 1.975155
v 1.036270 3.689726 2.092558
v 1.800793 4.043921 1.758221
v 1.800793 4.043921 2.192089
v 1.770190 4.077536 1.857751
v 1.759444 4.089340 1.975155
v 1.770190 4.077536 2.092558
v 1.723358 4.128978 2.192088
v 1.723358 4.128978 1.758221
v 1.692755 4.162593 2.092558
v 1.682009 4.174397 1.975155
v 1.692755 4.162593 1.857751
v 1.177683 3.534392 2.843544
v 1.100248 3.619450 2.843544
v 1.177683 3.534392 2.264618
v 1.100248 3.619450 2.264618
v 1.834168 4.007259 2.843544
v 1.756734 4.092317 2.843544
v 1.834168 4.007259 2.264618
v 1.756734 4.092317 2.264618
v 1.144307 3.571053 2.771014
v 1.144307 3.571053 2.337147
v 1.113704 3.604669 2.671485
v 1.102958 3.616473 2.554081
v 1.113704 3.604669 2.436677
v 1.066873 3.656111 2.337147
v 1.066873 3.656111 2.771014
v 1.036270 3.689726 2.436677
v 1.025523 3.701530 2.554081
v 1.036270 3.689726 2.671485
v 1.800793 4.043921 2.337147
v 1.800793 4.043921 2.771014
v 1.770190 4.077536 2.436677
v 1.759444 4.089340 2.554081
v 1.770190 4.077536 2.671485
v 1.723358 4.128978 2.771014
v 1.723358 4.128978 2.337147
v 1.692755 4.162593 2.671485
v 1.682009 4.174397 2.554081
v 1.692755 4.162593 2.436677
v 1.177683 3.534392 3.422471
v 1.100248 3.619450 3.422471
v 1.177683 3.534392 2.843544
v 1.100248 3.619450 2.843544
v 1.834168 4.007259 3.422471
v 1.756734 4.092317 3.422471
v 1.834168 4.007259 2.843544
v 1.756734 4.092317 2.843544
v 1.144307 3.571053 3.349942
v 1.144307 3.571053 2.916073
v 1.113704 3.604669 3.250411
v 1.102958 3.616473 3.133007
v 1.113704 3.604669 3.015603
v 1.066873 3.656111 2.916074
v 1.066873 3.656111 3.349942
v 1.036270 3.689726 3.015603
v 1.025523 3.701530 3.133007
v 1.036270 3.689726 3.250411
v 1.800793 4.043921 2.916073
v 1.800793 4.043921 3.349942
v 1.770190 4.077536 3.015603
v 1.759444 4.089340 3.133007
v 1.770190 4.077536 3.250411
v 1.723358 4.128978 3.349942
v 1.723358 4.128978 2.916074
v 1.692755 4.162593 3.250411
v 1.682009 4.174397 3.133007
v 1.692755 4.162593 3.015603
v 1.177683 3.534392 4.001398
v 1.100248 3.619450 4.001398
v 1.177683 3.534392 3.422471
v 1.100248 3.619450 3.422471
v 1.834168 4.007259 4.001398
v 1.756734 4.092317 4.001398
v 1.834168 4.007259 3.422471
v 1.756734 4.092317 3.422471
v 1.144307 3.571053 3.928869
v 1.144307 3.571053 3.495000
v 1.113704 3.604669 3.829338
v 1.102958 3.616473 3.711934
v 1.113704 3.604669 3.594530
v 1.066873 3.656111 3.495000
v 1.066873 3.656111 3.928869
v 1.036270 3.689726 3.594530
v 1.025523 3.701530 3.711934
v 1.036270 3.689726 3.829338
v 1.800793 4.043921 3.495000
v 1.800793 4.043921 3.928869
v 1.770190 4.077536 3.594530
v 1.759444 4.089340 3.711934
v 1.770190 4.077536 3.829338
v 1.723358 4.128978 3.928869
v 1.723358 4.128978 3.495000
v 1.692755 4.162593 3.829338
v 1.682009 4.174397 3.711934
v 1.692755 4.162593 3.594530
v 1.834168 4.007259 -1.208941
v 1.756734 4.092317 -1.208941
v 1.834168 4.007259 -1.787867
v 1.756734 4.092317 -1.787867
v 2.490654 4.480127 -1.208941
v 2.413219 4.565185 -1.208941
v 2.490654 4.480127 -1.787867
v 2.413219 4.565185 -1.787867
v 1.800793 4.043921 -1.281470
v 1.800793 4.043921 -1.715338
v 1.770190 4.077536 -1.381001
v 1.759444 4.089340 -1.498404
v 1.770190 4.077536 -1.615808
v 1.723358 4.128978 -1.715338
v 1.723358 4.128978 -1.281470
v 1.692755 4.162593 -1.615808
v 1.682009 4.174397 -1.498404
v 1.692755 4.162593 -1.381001
v 2.457278 4.516788 -1.715338
v 2.457278 4.516788 -1.281470
v 2.426675 4.550404 -1.615808
v 2.415929 4.562208 -1.498404
v 2.426675 4.550404 -1.381001
v 2.379844 4.601846 -1.281470
v 2.379844 4.601846 -1.715338
v 2.349241 4.635461 -1.381001
v 2.338494 4.647265 -1.498404
v 2.349241 4.635461 -1.615808
v 1.834168 4.007259 -0.630015
v 1.756734 4.092317 -0.630015
v 1.834168 4.007259 -1.208941
v 1.756734 4.092317 -1.208941
v 2.490654 4.480127 -0.630015
v 2.413219 4.565185 -0.630015
v 2.490654 4.480127 -1.208941
v 2.413219 4.565185 -1.208941
v 1.800793 4.043921 -0.702544
v 1.800793 4.043921 -1.136412
v 1.770190 4.077536 -0.802074
v 1.759444 4.089340 -0.919478
v 1.770190 4.077536 -1.036881
v 1.723358 4.128978 -1.136412
v 1.723358 4.128978 -0.702544
v 1.692755 4.162593 -1.036881
v 1.682009 4.174397 -0.919478
v 1.692755 4.162593 -0.802074
v 2.457278 4.516788 -1.136412
v 2.457278 4.516788 -0.702544
v 2.426675 4.550404 -1.036881
v 2.415929 4.562208 -0.919478
v 2.426675 4.550404 -0.802074
v 2.379844 4.601846 -0.702544
v 2.379844 4.601846 -1.136412
v 2.349241 4.635461 -0.802074
v 2.338494 4.647265 -0.919478
v 2.349241 4.635461 -1.036881
v 1.834168 4.007259 -0.051088
v 1.756734 4.092317 -0.051088
v 1.834168 4.007259 -0.630015
v 1.756734 4.092317 -0.630015
v 2.490654 4.480127 -0.051088
v 2.413219 4.565185 -0.051088
v 2.490654 4.480127 -0.630015
v 2.413219 4.565185 -0.630015
v 1.800793 4.043921 -0.123617
v 1.800793 4.043921 -0.557485
v 1.770190 4.077536 -0.223148
v 1.759444 4.089340 -0.340551
v 1.770190 4.077536 -0.457955
v 1.723358 4.128978 -0.557485
v 1.723358 4.128978 -0.123617
v 1.692755 4.162593 -0.457955
v 1.682009 4.174397 -0.340551
v 1.692755 4.162593 -0.223148
v 2.457278 4.516788 -0.557485
v 2.457278 4.516788 -0.123617
v 2.426675 4.550404 -0.457955
v 2.415929 4.562208 -0.340551
v 2.426675 4.550404 -0.223148
v 2.379844 4.601846 -0.123617
v 2.379844 4.601846 -0.557485
v 2.349241 4.635461 -0.223148
v 2.338494 4.647265 -0.340551
v 2.349241 4.635461 -0.457955
v 1.834168 4.007259 0.527838
v 1.756734 4.092317 0.527838
v 1.834168 4.007259 -0.051088
v 1.756734 4.092317 -0.051088
v 2.490654 4.480127 0.527838
v 2.413219 4.565185 0.527838
v 2.490654 4.480127 -0.051088
v 2.413219 4.565185 -0.051088
v 1.800793 4.043921 0.455309
v 1.800793 4.043921 0.021441
v 1.770190 4.077536 0.355779
v 1.759444 4.089340 0.238375
v 1.770190 4.077536 0.120971
v 1.723358 4.128978 0.021441
v 1.723358 4.128978 0.455309
v 1.692755 4.162593 0.120971
v 1.682009 4.174397 0.238375
v 1.692755 4.162593 0.355779
v 2.457278 4.516788 0.021441
v 2.457278 4.516788 0.455309
v 2.426675 4.550404 0.120971
v 2.415929 4.562208 0.238375
v 2.426675 4.550404 0.355779
v 2.379844 4.601846 0.455309
v 2.379844 4.601846 0.021441
v 2.349241 4.635461 0.355779
v 2.338494 4.647265 0.238375
v 2.349241 4.635461 0.120971
v 1.834168 4.007259 1.106765
v 1.756734 4.092317 1.106765
v 1.834168 4.007259 0.527838
v 1.756734 4.092317 0.527838
v 2.490654 4.480127 1.106765
v 2.413219 4.565185 1.106765
v 2.490654 4.480127 0.527838
v 2.413219 4.565185 0.527838
v 1.800793 4.043921 1.034235
v 1.800793 4.043921 0.600368
v 1.770190 4.077536 0.934705
v 1.759444 4.089340 0.817302
v 1.770190 4.077536 0.699898
v 1.723358 4.128978 0.600368
v 1.723358 4.128978 1.034235
v 1.692755 4.162593 0.699898
v 1.682009 4.174397 0.817302
v 1.692755 4.162593 0.934705
v 2.457278 4.516788 0.600368
v 2.457278 4.516788 1.034235
v 2.426675 4.550404 0.699898
v 2.415929 4.562208 0.817302
v 2.426675 4.550404 0.934705
v 2.379844 4.601846 1.034235
v 2.379844 4.601846 0.600368
v 2.349241 4.635461 0.934705
v 2.338494 4.647265 0.817302
v 2.349241 4.635461 0.699898
v 1.834168 4.007259 1.685691
v 1.756734 4.092317 1.685691
v 1.834168 4.007259 1.106765
v 1.756734 4.092317 1.106765
v 2.490654 4.480127 1.685691
v 2.413219 4.565185 1.685691
v 2.490654 4.480127 1.106765
v 2.413219 4.565185 1.106765
v 1.800793 4.043921 1.613162
v 1.800793 4.043921 1.179294
v 1.770190 4.077536 1.513632
v 1.759444 4.089340 1.396228
v 1.770190 4.077536 1.278824
v 1.723358 4.128978 1.179294
v 1.723358 4.128978 1.613162
v 1.692755 4.162593 1.278824
v 1.682009 4.174397 1.396228
v 1.692755 4.162593 1.513632
v 2.457278 4.516788 1.179294
v 2.457278 4.516788 1.613162
v 2.426675 4.550404 1.278824
v 2.415929 4.562208 1.396228
v 2.426675 4.550404 1.513632
v 2.379844 4.601846 1.613162
v 2.379844 4.601846 1.179294
v 2.349241 4.635461 1.513632
v 2.338494 4.647265 1.396228
v 2.349241 4.635461 1.278824
v 1.834168 4.007259 2.264618
v 1.756734 4.092317 2.264618
v 1.834168 4.007259 1.685691
v 1.756734 4.092317 1.685691
v 2.490654 4.480127 2.264618
v 2.413219 4.565185 2.264618
v 2.490654 4.480127 1.685691
v 2.413219 4.565185 1.685691
v 1.800793 4.043921 2.192089
v 1.800793 4.043921 1.758221
v 1.770190 4.077536 2.092558
v 1.759444 4.089340 1.975155
v 1.770190 4.077536 1.857751
v 1.723358 4.128978 1.758221
v 1.723358 4.128978 2.192088
v 1.692755 4.162593 1.857751
v 1.682009 4.174397 1.975155
v 1.692755 4.162593 2.092558
v 2.457278 4.516788 1.758221
v 2.457278 4.516788 2.192089
v 2.426675 4.550404 1.857751
v 2.415929 4.562208 1.975155
v 2.426675 4.550404 2.092558
v 2.379844 4.601846 2.192088
v 2.379844 4.601846 1.758221
v 2.349241 4.635461 2.092558
v 2.338494 4.647265 1.975155
v 2.349241 4.635461 1.857751
v 1.834168 4.007259 2.843544
v 1.756734 4.092317 2.843544
v 1.834168 4.007259 2.264618
v 1.756734 4.092317 2.264618
v 2.490654 4.480127 2.843544
v 2.413219 4.565185 2.843544
v 2.490654 4.480127 2.264618
v 2.413219 4.565185 2.264618
v 1.800793 4.043921 2.771014
v 1.800793 4.043921 2.337147
v 1.770190 4.077536 2.671485
v 1.759444 4.089340 2.554081
v 1.770190 4.077536 2.436677
v 1.723358 4.128978 2.337147
v 1.723358 4.128978 2.771014
v 1.692755 4.162593 2.436677
v 1.682009 4.174397 2.554081
v 1.692755 4.162593 2.671485
v 2.457278 4.516788 2.337147
v 2.457278 4.516788 2.771014
v 2.426675 4.550404 2.436677
v 2.415929 4.562208 2.554081
v 2.426675 4.550404 2.671485
v 2.379844 4.601846 2.771014
v 2.379844 4.601846 2.337147
v 2.349241 4.635461 2.671485
v 2.338494 4.647265 2.554081
v 2.349241 4.635461 2.436677
v 1.834168 4.007259 3.422471
v 1.756734 4.092317 3.422471
v 1.834168 4.007259 2.843544
v 1.756734 4.092317 2.843544
v 2.490654 4.480127 3.422471
v 2.413219 4.565185 3.422471
v 2.490654 4.480127 2.843544
v 2.413219 4.565185 2.843544
v 1.800793 4.043921 3.349942
v 1.800793 4.043921 2.916073
v 1.770190 4.077536 3.250411
v 1.759444 4.089340 3.133007
v 1.770190 4.077536 3.015603
v 1.723358 4.128978 2.916074
v 1.723358 4.128978 3.349942
v 1.692755 4.162593 3.015603
v 1.682009 4.174397 3.133007
v 1.692755 4.162593 3.250411
v 2.457278 4.516788 2.916073
v 2.457278 4.516788 3.349942
v 2.426675 4.550404 3.015603
v 2.415929 4.562208 3.133007
v 2.426675 4.550404 3.250411
v 2.379844 4.601846 3.349942
v 2.379844 4.601846 2.916074
v 2.349241 4.635461 3.250411
v 2.338494 4.647265 3.133007
v 2.349241 4.635461 3.015603
v 1.834168 4.007259 4.001398
v 1.756734 4.092317 4.001398
v 1.834168 4.007259 3.422471
v 1.756734 4.092317 3.422471
v 2.490654 4.480127 4.001398
v 2.413219 4.565185 4.001398
v 2.490654 4.480127 3.422471
v 2.413219 4.565185 3.422471
v 1.800793 4.043921 3.928869
v 1.800793 4.043921 3.495000
v 1.770190 4.077536 3.829338
v 1.759444 4.089340 3.711934
v 1.770190 4.077536 3.594530
v 1.723358 4.128978 3.495000
v 1.723358 4.128978 3.928869
v 1.692755 4.162593 3.594530
v 1.682009 4.174397 3.711934
v 1.692755 4.162593 3.829338
v 2.457278 4.516788 3.495000
v 2.457278 4.516788 3.928869
v 2.426675 4.550404 3.594530
v 2.415929 4.562208 3.711934
v 2.426675 4.550404 3.829338
v 2.379844 4.601846 3.928869
v 2.379844 4.601846 3.495000
v 2.349241 4.635461 3.829338
v 2.338494 4.647265 3.711934
v 2.349241 4.635461 3.594530
v 4.457808 2.942030 -1.208941
v 4.540595 3.027088 -1.208941
v 4.457808 2.942030 -1.787868
v 4.540595 3.027088 -1.787868
v 3.669805 3.534392 -1.208941
v 3.747240 3.619449 -1.208941
v 3.669805 3.534392 -1.787868
v 3.747240 3.619449 -1.787868
v 4.493490 2.978692 -1.281470
v 4.493490 2.978692 -1.715338
v 4.526209 3.012307 -1.381001
v 4.537698 3.024112 -1.498405
v 4.526209 3.012307 -1.615808
v 4.576278 3.063749 -1.715338
v 4.576278 3.063749 -1.281471
v 4.608996 3.097364 -1.615808
v 4.620485 3.109169 -1.498405
v 4.608996 3.097364 -1.381001
v 3.703181 3.571053 -1.715339
v 3.703181 3.571053 -1.281471
v 3.733784 3.604669 -1.615808
v 3.744530 3.616473 -1.498405
v 3.733784 3.604669 -1.381001
v 3.780616 3.656110 -1.281471
v 3.780616 3.656110 -1.715339
v 3.811219 3.689726 -1.381001
v 3.821965 3.701530 -1.498405
v 3.811219 3.689726 -1.615808
v 4.457808 2.942030 -0.630015
v 4.540595 3.027088 -0.630015
v 4.457808 2.942030 -1.208941
v 4.540595 3.027088 -1.208941
v 3.669805 3.534392 -0.630015
v 3.747240 3.619449 -0.630015
v 3.669805 3.534392 -1.208941
v 3.747240 3.619449 -1.208941
v 4.493490 2.978692 -0.702544
v 4.493490 2.978692 -1.136412
v 4.526209 3.012307 -0.802074
v 4.537698 3.024112 -0.919478
v 4.526209 3.012307 -1.036882
v 4.576278 3.063749 -1.136412
v 4.576278 3.063749 -0.702544
v 4.608996 3.097364 -1.036882
v 4.620485 3.109169 -0.919478
v 4.608996 3.097364 -0.802074
v 3.703181 3.571053 -1.136412
v 3.703181 3.571053 -0.702544
v 3.733784 3.604669 -1.036882
v 3.744530 3.616473 -0.919478
v 3.733784 3.604669 -0.802074
v 3.780616 3.656110 -0.702544
v 3.780616 3.656110 -1.136412
v 3.811219 3.689726 -0.802074
v 3.821965 3.701530 -0.919478
v 3.811219 3.689726 -1.036882
v 4.457808 2.942030 -0.051088
v 4.540595 3.027088 -0.051088
v 4.457808 2.942030 -0.630015
v 4.540595 3.027088 -0.630015
v 3.669805 3.534392 -0.051088
v 3.747240 3.619449 -0.051088
v 3.669805 3.534392 -0.630015
v 3.747240 3.619449 -0.630015
v 4.493490 2.978692 -0.123618
v 4.493490 2.978692 -0.557486
v 4.526209 3.012307 -0.223148
v 4.537698 3.024112 -0.340552
v 4.526209 3.012307 -0.457955
v 4.576278 3.063749 -0.557486
v 4.576278 3.063749 -0.123618
v 4.608996 3.097364 -0.457955
v 4.620485 3.109169 -0.340552
v 4.608996 3.097364 -0.223148
v 3.703181 3.571053 -0.557486
v 3.703181 3.571053 -0.123618
v 3.733784 3.604669 -0.457956
v 3.744530 3.616473 -0.340552
v 3.733784 3.604669 -0.223148
v 3.780616 3.656110 -0.123618
v 3.780616 3.656110 -0.557486
v 3.811219 3.689726 -0.223148
v 3.821965 3.701530 -0.340552
v 3.811219 3.689726 -0.457956
v 4.457808 2.942030 0.527838
v 4.540595 3.027088 0.527838
v 4.457808 2.942030 -0.051088
v 4.540595 3.027088 -0.051088
v 3.669805 3.534392 0.527838
v 3.747240 3.619449 0.527838
v 3.669805 3.534392 -0.051088
v 3.747240 3.619449 -0.051088
v 4.493490 2.978692 0.455309
v 4.493490 2.978692 0.021441
v 4.526209 3.012307 0.355779
v 4.537698 3.024112 0.238375
v 4.526209 3.012307 0.120971
v 4.576278 3.063749 0.021441
v 4.576278 3.063749 0.455309
v 4.608996 3.097364 0.120971
v 4.620485 3.109169 0.238375
v 4.608996 3.097364 0.355778
v 3.703181 3.571053 0.021441
v 3.703181 3.571053 0.455309
v 3.733784 3.604669 0.120971
v 3.744530 3.616473 0.238375
v 3.733784 3.604669 0.355779
v 3.780616 3.656110 0.455309
v 3.780616 3.656110 0.021441
v 3.811219 3.689726 0.355778
v 3.821965 3.701530 0.238375
v 3.811219 3.689726 0.120971
v 4.457808 2.942030 1.106765
v 4.540595 3.027088 1.106765
v 4.457808 2.942030 0.527838
v 4.540595 3.027088 0.527838
v 3.669805 3.534392 1.106765
v 3.747240 3.619449 1.106765
v 3.669805 3.534392 0.527838
v 3.747240 3.619449 0.527838
v 4.493490 2.978692 1.034235
v 4.493490 2.978692 0.600368
v 4.526209 3.012307 0.934705
v 4.537698 3.024112 0.817301
v 4.526209 3.012307 0.699897
v 4.576278 3.063749 0.600368
v 4.576278 3.063749 1.034235
v 4.608996 3.097364 0.699898
v 4.620485 3.109169 0.817301
v 4.608996 3.097364 0.934705
v 3.703181 3.571053 0.600367
v 3.703181 3.571053 1.034235
v 3.733784 3.604669 0.699897
v 3.744530 3.616473 0.817301
v 3.733784 3.604669 0.934705
v 3.780616 3.656110 1.034235
v 3.780616 3.656110 0.600367
v 3.811219 3.689726 0.934705
v 3.821965 3.701530 0.817301
v 3.811219 3.689726 0.699898
v 4.457808 2.942030 1.685691
v 4.540595 3.027088 1.685691
v 4.457808 2.942030 1.106765
v 4.540595 3.027088 1.106765
v 3.669805 3.534392 1.685691
v 3.747240 3.619449 1.685691
v 3.669805 3.534392 1.106765
v 3.747240 3.619449 1.106765
v 4.493490 2.978692 1.613162
v 4.493490 2.978692 1.179294
v 4.526209 3.012307 1.513632
v 4.537698 3.024112 1.396228
v 4.526209 3.012307 1.278824
v 4.576278 3.063749 1.179294
v 4.576278 3.063749 1.613162
v 4.608996 3.097364 1.278824
v 4.620485 3.109169 1.396228
v 4.608996 3.097364 1.513632
v 3.703181 3.571053 1.179294
v 3.703181 3.571053 1.613162
v 3.733784 3.604669 1.278824
v 3.744530 3.616473 1.396228
v 3.733784 3.604669 1.513632
v 3.780616 3.656110 1.613162
v 3.780616 3.656110 1.179294
v 3.811219 3.689726 1.513632
v 3.821965 3.701530 1.396228
v 3.811219 3.689726 1.278824
v 4.457808 2.942030 2.264618
v 4.540595 3.027088 2.264618
v 4.457808 2.942030 1.685691
v 4.540595 3.027088 1.685691
v 3.669805 3.534392 2.264618
v 3.747240 3.619449 2.264618
v 3.669805 3.534392 1.685691
v 3.747240 3.619449 1.685691
v 4.493490 2.978692 2.192089
v 4.493490 2.978692 1.758220
v 4.526209 3.012307 2.092558
v 4.537698 3.024112 1.975155
v 4.526209 3.012307 1.857751
v 4.576278 3.063749 1.758221
v 4.576278 3.063749 2.192088
v 4.608996 3.097364 1.857751
v 4.620485 3.109169 1.975155
v 4.608996 3.097364 2.092558
v 3.703181 3.571053 1.758220
v 3.703181 3.571053 2.192089
v 3.733784 3.604669 1.857751
v 3.744530 3.616473 1.975155
v 3.733784 3.604669 2.092558
v 3.780616 3.656110 2.192088
v 3.780616 3.656110 1.758221
v 3.811219 3.689726 2.092558
v 3.821965 3.701530 1.975155
v 3.811219 3.689726 1.857751
v 4.457808 2.942030 2.843544
v 4.540595 3.027088 2.843544
v 4.457808 2.942030 2.264618
v 4.540595 3.027088 2.264618
v 3.669805 3.534392 2.843544
v 3.747240 3.619449 2.843544
v 3.669805 3.534392 2.264618
v 3.747240 3.619449 2.264618
v 4.493490 2.978692 2.771014
v 4.493490 2.978692 2.337147
v 4.526209 3.012307 2.671485
v 4.537698 3.024112 2.554081
v 4.526209 3.012307 2.436677
v 4.576278 3.063749 2.337147
v 4.576278 3.063749 2.771014
v 4.608996 3.097364 2.436677
v 4.620485 3.109169 2.554081
v 4.608996 3.097364 2.671485
v 3.703181 3.571053 2.337147
v 3.703181 3.571053 2.771014
v 3.733784 3.604669 2.436677
v 3.744530 3.616473 2.554081
v 3.733784 3.604669 2.671485
v 3.780616 3.656110 2.771014
v 3.780616 3.656110 2.337147
v 3.811219 3.689726 2.671485
v 3.821965 3.701530 2.554081
v 3.811219 3.689726 2.436677
v 4.457808 2.942030 3.422471
v 4.540595 3.027088 3.422471
v 4.457808 2.942030 2.843544
v 4.540595 3.027088 2.843544
v 3.669805 3.534392 3.422471
v 3.747240 3.619449 3.422471
v 3.669805 3.534392 2.843544
v 3.747240 3.619449 2.843544
v 4.493490 2.978692 3.349942
v 4.493490 2.978692 2.916073
v 4.526209 3.012307 3.250411
v 4.537698 3.024112 3.133007
v 4.526209 3.012307 3.015603
v 4.576278 3.063749 2.916073
v 4.576278 3.063749 3.349942
v 4.608996 3.097364 3.015603
v 4.620485 3.109169 3.133007
v 4.608996 3.097364 3.250411
v 3.703181 3.571053 2.916073
v 3.703181 3.571053 3.349942
v 3.733784 3.604669 3.015603
v 3.744530 3.616473 3.133007
v 3.733784 3.604669 3.250411
v 3.780616 3.656110 3.349942
v 3.780616 3.656110 2.916074
v 3.811219 3.689726 3.250411
v 3.821965 3.701530 3.133007
v 3.811219 3.689726 3.015603
v 4.457808 2.942030 4.001398
v 4.540595 3.027088 4.001398
v 4.457808 2.942030 3.422471
v 4.540595 3.027088 3.422471
v 3.669805 3.534392 4.001398
v 3.747240 3.619449 4.001398
v 3.669805 3.534392 3.422471
v 3.747240 3.619449 3.422471
v 4.493490 2.978692 3.928869
v 4.493490 2.978692 3.495000
v 4.526209 3.012307 3.829338
v 4.537698 3.024112 3.711934
v 4.526209 3.012307 3.594530
v 4.576278 3.063749 3.495000
v 4.576278 3.063749 3.928869
v 4.608996 3.097364 3.594530
v 4.620485 3.109169 3.711934
v 4.608996 3.097364 3.829338
v 3.703181 3.571053 3.495000
v 3.703181 3.571053 3.928869
v 3.733784 3.604669 3.594530
v 3.744530 3.616473 3.711934
v 3.733784 3.604669 3.829338
v 3.780616 3.656110 3.928869
v 3.780616 3.656110 3.495000
v 3.811219 3.689726 3.829338
v 3.821965 3.701530 3.711934
v 3.811219 3.689726 3.594530
v 3.669805 3.534392 -1.208941
v 3.747240 3.619449 -1.208941
v 3.669805 3.534392 -1.787868
v 3.747240 3.619449 -1.787868
v 3.013320 4.007259 -1.208941
v 3.090754 4.092317 -1.208941
v 3.013320 4.007259 -1.787868
v 3.090754 4.092317 -1.787868
v 3.703181 3.571053 -1.281471
v 3.703181 3.571053 -1.715339
v 3.733784 3.604669 -1.381001
v 3.744530 3.616473 -1.498405
v 3.733784 3.604669 -1.615808
v 3.780616 3.656110 -1.715339
v 3.780616 3.656110 -1.281471
v 3.811219 3.689726 -1.615808
v 3.821965 3.701530 -1.498405
v 3.811219 3.689726 -1.381001
v 3.046695 4.043921 -1.715339
v 3.046695 4.043921 -1.281471
v 3.077298 4.077536 -1.615808
v 3.088045 4.089340 -1.498405
v 3.077298 4.077536 -1.381001
v 3.124130 4.128978 -1.281471
v 3.124130 4.128978 -1.715339
v 3.154733 4.162593 -1.381001
v 3.165479 4.174398 -1.498405
v 3.154733 4.162593 -1.615808
v 3.669805 3.534392 -0.630015
v 3.747240 3.619449 -0.630015
v 3.669805 3.534392 -1.208941
v 3.747240 3.619449 -1.208941
v 3.013320 4.007259 -0.630015
v 3.090754 4.092317 -0.630015
v 3.013320 4.007259 -1.208941
v 3.090754 4.092317 -1.208941
v 3.703181 3.571053 -0.702544
v 3.703181 3.571053 -1.136412
v 3.733784 3.604669 -0.802074
v 3.744530 3.616473 -0.919478
v 3.733784 3.604669 -1.036882
v 3.780616 3.656110 -1.136412
v 3.780616 3.656110 -0.702544
v 3.811219 3.689726 -1.036882
v 3.821965 3.701530 -0.919478
v 3.811219 3.689726 -0.802074
v 3.046695 4.043921 -1.136412
v 3.046695 4.043921 -0.702544
v 3.077298 4.077536 -1.036882
v 3.088045 4.089340 -0.919478
v 3.077298 4.077536 -0.802074
v 3.124130 4.128978 -0.702544
v 3.124130 4.128978 -1.136412
v 3.154733 4.162593 -0.802074
v 3.165479 4.174398 -0.919478
v 3.154733 4.162593 -1.036882
v 3.669805 3.534392 -0.051088
v 3.747240 3.619449 -0.051088
v 3.669805 3.534392 -0.630015
v 3.747240 3.619449 -0.630015
v 3.013320 4.007259 -0.051088
v 3.090754 4.092317 -0.051088
v 3.013320 4.007259 -0.630015
v 3.090754 4.092317 -0.630015
v 3.703181 3.571053 -0.123618
v 3.703181 3.571053 -0.557486
v 3.733784 3.604669 -0.223148
v 3.744530 3.616473 -0.340552
v 3.733784 3.604669 -0.457956
v 3.780616 3.656110 -0.557486
v 3.780616 3.656110 -0.123618
v 3.811219 3.689726 -0.457956
v 3.821965 3.701530 -0.340552
v 3.811219 3.689726 -0.223148
v 3.046695 4.043921 -0.557486
v 3.046695 4.043921 -0.123618
v 3.077298 4.077536 -0.457956
v 3.088045 4.089340 -0.340552
v 3.077298 4.077536 -0.223148
v 3.124130 4.128978 -0.123618
v 3.124130 4.128978 -0.557486
v 3.154733 4.162593 -0.223148
v 3.165479 4.174398 -0.340552
v 3.154733 4.162593 -0.457956
v 3.669805 3.534392 0.527838
v 3.747240 3.619449 0.527838
v 3.669805 3.534392 -0.051088
v 3.747240 3.619449 -0.051088
v 3.013320 4.007259 0.527838
v 3.090754 4.092317 0.527838
v 3.013320 4.007259 -0.051088
v 3.090754 4.092317 -0.051088
v 3.703181 3.571053 0.455309
v 3.703181 3.571053 0.021441
v 3.733784 3.604669 0.355779
v 3.744530 3.616473 0.238375
v 3.733784 3.604669 0.120971
v 3.780616 3.656110 0.021441
v 3.780616 3.656110 0.455309
v 3.811219 3.689726 0.120971
v 3.821965 3.701530 0.238375
v 3.811219 3.689726 0.355778
v 3.046695 4.043921 0.021441
v 3.046695 4.043921 0.455309
v 3.077298 4.077536 0.120971
v 3.088045 4.089340 0.238375
v 3.077298 4.077536 0.355779
v 3.124130 4.128978 0.455309
v 3.124130 4.128978 0.021441
v 3.154733 4.162593 0.355778
v 3.165479 4.174398 0.238375
v 3.154733 4.162593 0.120971
v 3.669805 3.534392 1.106765
v 3.747240 3.619449 1.106765
v 3.669805 3.534392 0.527838
v 3.747240 3.619449 0.527838
v 3.013320 4.007259 1.106765
v 3.090754 4.092317 1.106765
v 3.013320 4.007259 0.527838
v 3.090754 4.092317 0.527838
v 3.703181 3.571053 1.034235
v 3.703181 3.571053 0.600367
v 3.733784 3.604669 0.934705
v 3.744530 3.616473 0.817301
v 3.733784 3.604669 0.699897
v 3.780616 3.656110 0.600367
v 3.780616 3.656110 1.034235
v 3.811219 3.689726 0.699898
v 3.821965 3.701530 0.817301
v 3.811219 3.689726 0.934705
v 3.046695 4.043921 0.600367
v 3.046695 4.043921 1.034235
v 3.077298 4.077536 0.699897
v 3.088045 4.089340 0.817301
v 3.077298 4.077536 0.934705
v 3.124130 4.128978 1.034235
v 3.124130 4.128978 0.600367
v 3.154733 4.162593 0.934705
v 3.165479 4.174398 0.817301
v 3.154733 4.162593 0.699898
v 3.669805 3.534392 1.685691
v 3.747240 3.619449 1.685691
v 3.669805 3.534392 1.106765
v 3.747240 3.619449 1.106765
v 3.013320 4.007259 1.685691
v 3.090754 4.092317 1.685691
v 3.013320 4.007259 1.106765
v 3.090754 4.092317 1.106765
v 3.703181 3.571053 1.613162
v 3.703181 3.571053 1.179294
v 3.733784 3.604669 1.513632
v 3.744530 3.616473 1.396228
v 3.733784 3.604669 1.278824
v 3.780616 3.656110 1.179294
v 3.780616 3.656110 1.613162
v 3.811219 3.689726 1.278824
v 3.821965 3.701530 1.396228
v 3.811219 3.689726 1.513632
v 3.046695 4.043921 1.179294
v 3.046695 4.043921 1.613162
v 3.077298 4.077536 1.278824
v 3.088045 4.089340 1.396228
v 3.077298 4.077536 1.513632
v 3.124130 4.128978 1.613162
v 3.124130 4.128978 1.179294
v 3.154733 4.162593 1.513632
v 3.165479 4.174398 1.396228
v 3.154733 4.162593 1.278824
v 3.669805 3.534392 2.264618
v 3.747240 3.619449 2.264618
v 3.669805 3.534392 1.685691
v 3.747240 3.619449 1.685691
v 3.013320 4.007259 2.264618
v 3.090754 4.092317 2.264618
v 3.013320 4.007259 1.685691
v 3.090754 4.092317 1.685691
v 3.703181 3.571053 2.192089
v 3.703181 3.571053 1.758220
v 3.733784 3.604669 2.092558
v 3.744530 3.616473 1.975155
v 3.733784 3.604669 1.857751
v 3.780616 3.656110 1.758221
v 3.780616 3.656110 2.192088
v 3.811219 3.689726 1.857751
v 3.821965 3.701530 1.975155
v 3.811219 3.689726 2.092558
v 3.046695 4.043921 1.758220
v 3.046695 4.043921 2.192089
v 3.077298 4.077536 1.857751
v 3.088045 4.089340 1.975155
v 3.077298 4.077536 2.092558
v 3.124130 4.128978 2.192088
v 3.124130 4.128978 1.758221
v 3.154733 4.162593 2.092558
v 3.165479 4.174398 1.975155
v 3.154733 4.162593 1.857751
v 3.669805 3.534392 2.843544
v 3.747240 3.619449 2.843544
v 3.669805 3.534392 2.264618
v 3.747240 3.619449 2.264618
v 3.013320 4.007259 2.843544
v 3.090754 4.092317 2.843544
v 3.013320 4.007259 2.264618
v 3.090754 4.092317 2.264618
v 3.703181 3.571053 2.771014
v 3.703181 3.571053 2.337147
v 3.733784 3.604669 2.671485
v 3.744530 3.616473 2.554081
v 3.733784 3.604669 2.436677
v 3.780616 3.656110 2.337147
v 3.780616 3.656110 2.771014
v 3.811219 3.689726 2.436677
v 3.821965 3.701530 2.554081
v 3.811219 3.689726 2.671485
v 3.046695 4.043921 2.337147
v 3.046695 4.043921 2.771014
v 3.077298 4.077536 2.436677
v 3.088045 4.089340 2.554081
v 3.077298 4.077536 2.671485
v 3.124130 4.128978 2.771014
v 3.124130 4.128978 2.337147
v 3.154733 4.162593 2.671485
v 3.165479 4.174398 2.554081
v 3.154733 4.162593 2.436677
v 3.669805 3.534392 3.422471
v 3.747240 3.619449 3.422471
v 3.669805 3.534392 2.843544
v 3.747240 3.619449 2.843544
v 3.013320 4.007259 3.422471
v 3.090754 4.092317 3.422471
v 3.013320 4.007259 2.843544
v 3.090754 4.092317 2.843544
v 3.703181 3.571053 3.349942
v 3.703181 3.571053 2.916073
v 3.733784 3.604669 3.250411
v 3.744530 3.616473 3.133007
v 3.733784 3.604669 3.015603
v 3.780616 3.656110 2.916074
v 3.780616 3.656110 3.349942
v 3.811219 3.689726 3.015603
v 3.821965 3.701530 3.133007
v 3.811219 3.689726 3.250411
v 3.046695 4.043921 2.916073
v 3.046695 4.043921 3.349942
v 3.077298 4.077536 3.015603
v 3.088045 4.089340 3.133007
v 3.077298 4.077536 3.250411
v 3.124130 4.128978 3.349942
v 3.124130 4.128978 2.916074
v 3.154733 4.162593 3.250411
v 3.165479 4.174398 3.133007
v 3.154733 4.162593 3.015603
v 3.669805 3.534392 4.001398
v 3.747240 3.619449 4.001398
v 3.669805 3.534392 3.422471
v 3.747240 3.619449 3.422471
v 3.013320 4.007259 4.001398
v 3.090754 4.092317 4.001398
v 3.013320 4.007259 3.422471
v 3.090754 4.092317 3.422471
v 3.703181 3.571053 3.928869
v 3.703181 3.571053 3.495000
v 3.733784 3.604669 3.829338
v 3.744530 3.616473 3.711934
v 3.733784 3.604669 3.594530
v 3.780616 3.656110 3.495000
v 3.780616 3.656110 3.928869
v 3.811219 3.689726 3.594530
v 3.821965 3.701530 3.711934
v 3.811219 3.689726 3.829338
v 3.046695 4.043921 3.495000
v 3.046695 4.043921 3.928869
v 3.077298 4.077536 3.594530
v 3.088045 4.089340 3.711934
v 3.077298 4.077536 3.829338
v 3.124130 4.128978 3.928869
v 3.124130 4.128978 3.495000
v 3.154733 4.162593 3.829338
v 3.165479 4.174398 3.711934
v 3.154733 4.162593 3.594530
v 3.013320 4.007259 -1.208941
v 3.090754 4.092317 -1.208941
v 3.013320 4.007259 -1.787868
v 3.090754 4.092317 -1.787868
v 2.356834 4.480127 -1.208941
v 2.434268 4.565185 -1.208941
v 2.356834 4.480127 -1.787868
v 2.434268 4.565185 -1.787868
v 3.046695 4.043921 -1.281471
v 3.046695 4.043921 -1.715339
v 3.077298 4.077536 -1.381001
v 3.088045 4.089340 -1.498405
v 3.077298 4.077536 -1.615808
v 3.124130 4.128978 -1.715339
v 3.124130 4.128978 -1.281471
v 3.154733 4.162593 -1.615808
v 3.165479 4.174398 -1.498405
v 3.154733 4.162593 -1.381001
v 2.390210 4.516788 -1.715339
v 2.390210 4.516788 -1.281471
v 2.420813 4.550404 -1.615808
v 2.431559 4.562208 -1.498405
v 2.420813 4.550404 -1.381001
v 2.467644 4.601846 -1.281471
v 2.467644 4.601846 -1.715339
v 2.498247 4.635461 -1.381001
v 2.508993 4.647265 -1.498405
v 2.498247 4.635461 -1.615808
v 3.013320 4.007259 -0.630015
v 3.090754 4.092317 -0.630015
v 3.013320 4.007259 -1.208941
v 3.090754 4.092317 -1.208941
v 2.356834 4.480127 -0.630015
v 2.434268 4.565185 -0.630015
v 2.356834 4.480127 -1.208941
v 2.434268 4.565185 -1.208941
v 3.046695 4.043921 -0.702544
v 3.046695 4.043921 -1.136412
v 3.077298 4.077536 -0.802074
v 3.088045 4.089340 -0.919478
v 3.077298 4.077536 -1.036882
v 3.124130 4.128978 -1.136412
v 3.124130 4.128978 -0.702544
v 3.154733 4.162593 -1.036882
v 3.165479 4.174398 -0.919478
v 3.154733 4.162593 -0.802074
v 2.390210 4.516788 -1.136412
v 2.390210 4.516788 -0.702544
v 2.420813 4.550404 -1.036882
v 2.431559 4.562208 -0.919478
v 2.420813 4.550404 -0.802074
v 2.467644 4.601846 -0.702544
v 2.467644 4.601846 -1.136412
v 2.498247 4.635461 -0.802074
v 2.508993 4.647265 -0.919478
v 2.498247 4.635461 -1.036882
v 3.013320 4.007259 -0.051088
v 3.090754 4.092317 -0.051088
v 3.013320 4.007259 -0.630015
v 3.090754 4.092317 -0.630015
v 2.356834 4.480127 -0.051088
v 2.434268 4.565185 -0.051088
v 2.356834 4.480127 -0.630015
v 2.434268 4.565185 -0.630015
v 3.046695 4.043921 -0.123618
v 3.046695 4.043921 -0.557486
v 3.077298 4.077536 -0.223148
v 3.088045 4.089340 -0.340552
v 3.077298 4.077536 -0.457956
v 3.124130 4.128978 -0.557486
v 3.124130 4.128978 -0.123618
v 3.154733 4.162593 -0.457956
v 3.165479 4.174398 -0.340552
v 3.154733 4.162593 -0.223148
v 2.390210 4.516788 -0.557486
v 2.390210 4.516788 -0.123618
v 2.420813 4.550404 -0.457956
v 2.431559 4.562208 -0.340552
v 2.420813 4.550404 -0.223148
v 2.467644 4.601846 -0.123618
v 2.467644 4.601846 -0.557486
v 2.498247 4.635461 -0.223148
v 2.508993 4.647265 -0.340552
v 2.498247 4.635461 -0.457956
v 3.013320 4.007259 0.527838
v 3.090754 4.092317 0.527838
v 3.013320 4.007259 -0.051088
v 3.090754 4.092317 -0.051088
v 2.356834 4.480127 0.527838
v 2.434268 4.565185 0.527838
v 2.356834 4.480127 -0.051088
v 2.434268 4.565185 -0.051088
v 3.046695 4.043921 0.455309
v 3.046695 4.043921 0.021441
v 3.077298 4.077536 0.355779
v 3.088045 4.089340 0.238375
v 3.077298 4.077536 0.120971
v 3.124130 4.128978 0.021441
v 3.124130 4.128978 0.455309
v 3.154733 4.162593 0.120971
v 3.165479 4.174398 0.238375
v 3.154733 4.162593 0.355778
v 2.390210 4.516788 0.021441
v 2.390210 4.516788 0.455309
v 2.420813 4.550404 0.120971
v 2.431559 4.562208 0.238375
v 2.420813 4.550404 0.355779
v 2.467644 4.601846 0.455309
v 2.467644 4.601846 0.021441
v 2.498247 4.635461 0.355778
v 2.508993 4.647265 0.238375
v 2.498247 4.635461 0.120971
v 3.013320 4.007259 1.106765
v 3.090754 4.092317 1.106765
v 3.013320 4.007259 0.527838
v 3.090754 4.092317 0.527838
v 2.356834 4.480127 1.106765
v 2.434268 4.565185 1.106765
v 2.356834 4.480127 0.527838
v 2.434268 4.565185 0.527838
v 3.046695 4.043921 1.034235
v 3.046695 4.043921 0.600367
v 3.077298 4.077536 0.934705
v 3.088045 4.089340 0.817301
v 3.077298 4.077536 0.699897
v 3.124130 4.128978 0.600367
v 3.124130 4.128978 1.034235
v 3.154733 4.162593 0.699898
v 3.165479 4.174398 0.817301
v 3.154733 4.162593 0.934705
v 2.390210 4.516788 0.600367
v 2.390210 4.516788 1.034235
v 2.420813 4.550404 0.699897
v 2.431559 4.562208 0.817301
v 2.420813 4.550404 0.934705
v 2.467644 4.601846 1.034235
v 2.467644 4.601846 0.600367
v 2.498247 4.635461 0.934705
v 2.508993 4.647265 0.817301
v 2.498247 4.635461 0.699898
v 3.013320 4.007259 1.685691
v 3.090754 4.092317 1.685691
v 3.013320 4.007259 1.106765
v 3.090754 4.092317 1.106765
v 2.356834 4.480127 1.685691
v 2.434268 4.565185 1.685691
v 2.356834 4.480127 1.106765
v 2.434268 4.565185 1.106765
v 3.046695 4.043921 1.613162
v 3.046695 4.043921 1.179294
v 3.077298 4.077536 1.513632
v 3.088045 4.089340 1.396228
v 3.077298 4.077536 1.278824
v 3.124130 4.128978 1.179294
v 3.124130 4.128978 1.613162
v 3.154733 4.162593 1.278824
v 3.165479 4.174398 1.396228
v 3.154733 4.162593 1.513632
v 2.390210 4.516788 1.179294
v 2.390210 4.516788 1.613162
v 2.420813 4.550404 1.278824
v 2.431559 4.562208 1.396228
v 2.420813 4.550404 1.513632
v 2.467644 4.601846 1.613162
v 2.467644 4.601846 1.179294
v 2.498247 4.635461 1.513632
v 2.508993 4.647265 1.396228
v 2.498247 4.635461 1.278824
v 3.013320 4.007259 2.264618
v 3.090754 4.092317 2.264618
v 3.013320 4.007259 1.685691
v 3.090754 4.092317 1.685691
v 2.356834 4.480127 2.264618
v 2.434268 4.565185 2.264618
v 2.356834 4.480127 1.685691
v 2.434268 4.565185 1.685691
v 3.046695 4.043921 2.192089
v 3.046695 4.043921 1.758220
v 3.077298 4.077536 2.092558
v 3.088045 4.089340 1.975155
v 3.077298 4.077536 1.857751
v 3.124130 4.128978 1.758221
v 3.124130 4.128978 2.192088
v 3.154733 4.162593 1.857751
v 3.165479 4.174398 1.975155
v 3.154733 4.162593 2.092558
v 2.390210 4.516788 1.758220
v 2.390210 4.516788 2.192089
v 2.420813 4.550404 1.857751
v 2.431559 4.562208 1.975155
v 2.420813 4.550404 2.092558
v 2.467644 4.601846 2.192088
v 2.467644 4.601846 1.758221
v 2.498247 4.635461 2.092558
v 2.508993 4.647265 1.975155
v 2.498247 4.635461 1.857751
v 3.013320 4.007259 2.843544
v 3.090754 4.092317 2.843544
v 3.013320 4.007259 2.264618
v 3.090754 4.092317 2.264618
v 2.356834 4.480127 2.843544
v 2.434268 4.565185 2.843544
v 2.356834 4.480127 2.264618
v 2.434268 4.565185 2.264618
v 3.046695 4.043921 2.771014
v 3.046695 4.043921 2.337147
v 3.077298 4.077536 2.671485
v 3.088045 4.089340 2.554081
v 3.077298 4.077536 2.436677
v 3.124130 4.128978 2.337147
v 3.124130 4.128978 2.771014
v 3.154733 4.162593 2.436677
v 3.165479 4.174398 2.554081
v 3.154733 4.162593 2.671485
v 2.390210 4.516788 2.337147
v 2.390210 4.516788 2.771014
v 2.420813 4.550404 2.436677
v 2.431559 4.562208 2.554081
v 2.420813 4.550404 2.671485
v 2.467644 4.601846 2.771014
v 2.467644 4.601846 2.337147
v 2.498247 4.635461 2.671485
v 2.508993 4.647265 2.554081
v 2.498247 4.635461 2.436677
v 3.013320 4.007259 3.422471
v 3.090754 4.092317 3.422471
v 3.013320 4.007259 2.843544
v 3.090754 4.092317 2.843544
v 2.356834 4.480127 3.422471
v 2.434268 4.565185 3.422471
v 2.356834 4.480127 2.843544
v 2.434268 4.565185 2.843544
v 3.046695 4.043921 3.349942
v 3.046695 4.043921 2.916073
v 3.077298 4.077536 3.250411
v 3.088045 4.089340 3.133007
v 3.077298 4.077536 3.015603
v 3.124130 4.128978 2.916074
v 3.124130 4.128978 3.349942
v 3.154733 4.162593 3.015603
v 3.165479 4.174398 3.133007
v 3.154733 4.162593 3.250411
v 2.390210 4.516788 2.916073
v 2.390210 4.516788 3.349942
v 2.420813 4.550404 3.015603
v 2.431559 4.562208 3.133007
v 2.420813 4.550404 3.250411
v 2.467644 4.601846 3.349942
v 2.467644 4.601846 2.916074
v 2.498247 4.635461 3.250411
v 2.508993 4.647265 3.133007
v 2.498247 4.635461 3.015603
v 3.013320 4.007259 4.001398
v 3.090754 4.092317 4.001398
v 3.013320 4.007259 3.422471
v 3.090754 4.092317 3.422471
v 2.356834 4.480127 4.001398
v 2.434268 4.565185 4.001398
v 2.356834 4.480127 3.422471
v 2.434268 4.565185 3.422471
v 3.046695 4.043921 3.928869
v 3.046695 4.043921 3.495000
v 3.077298 4.077536 3.829338
v 3.088045 4.089340 3.711934
v 3.077298 4.077536 3.594530
v 3.124130 4.128978 3.495000
v 3.124130 4.128978 3.928869
v 3.154733 4.162593 3.594530
v 3.165479 4.174398 3.711934
v 3.154733 4.162593 3.829338
v 2.390210 4.516788 3.495000
v 2.390210 4.516788 3.928869
v 2.420813 4.550404 3.594530
v 2.431559 4.562208 3.711934
v 2.420813 4.550404 3.829338
v 2.467644 4.601846 3.928869
v 2.467644 4.601846 3.495000
v 2.498247 4.635461 3.829338
v 2.508993 4.647265 3.711934
v 2.498247 4.635461 3.594530
vn -0.4920 0.6599 -0.5678
vn -0.0000 -0.0000 -1.0000
vn -0.0000 -0.0000 1.0000
vn -0.7166 -0.6975 -0.0000
vn 0.7395 0.6732 -0.0000
vn -0.4920 0.6599 0.5678
vn 0.4941 -0.6583 -0.5680
vn 0.4941 -0.6583 0.5680
vn -0.5419 0.7288 0.4185
vn -0.5904 0.7956 0.1359
vn -0.5904 0.7956 -0.1359
vn -0.5419 0.7288 -0.4185
vn 0.5442 -0.7270 -0.4187
vn 0.5930 -0.7936 -0.1360
vn 0.5930 -0.7936 0.1360
vn 0.5442 -0.7270 0.4187
vn 0.4941 -0.6583 0.5679
vn 0.5930 -0.7936 0.1359
vn -0.4835 0.6713 -0.5618
vn -0.7395 -0.6732 -0.0000
vn -0.4835 0.6713 0.5618
vn 0.4835 -0.6713 -0.5618
vn 0.4835 -0.6713 0.5618
vn -0.5322 0.7389 0.4132
vn -0.5792 0.8041 0.1339
vn -0.5792 0.8041 -0.1339
vn -0.5322 0.7389 -0.4132
vn 0.5322 -0.7389 -0.4132
vn 0.5792 -0.8041 -0.1339
vn 0.5792 -0.8041 0.1339
vn 0.5322 -0.7389 0.4132
vn 0.4920 0.6599 -0.5678
vn 0.7166 -0.6975 -0.0000
vn -0.7395 0.6732 -0.0000
vn 0.4920 0.6599 0.5678
vn -0.4941 -0.6583 -0.5680
vn -0.4941 -0.6583 0.5680
vn 0.5419 0.7288 0.4185
vn 0.5904 0.7956 0.1359
vn 0.5904 0.7956 -0.1359
vn 0.5419 0.7288 -0.4185
vn -0.5442 -0.7270 -0.4187
vn -0.5930 -0.7936 -0.1360
vn -0.5930 -0.7936 0.1360
vn -0.5442 -0.7270 0.4187
vn 0.4835 0.6713 -0.5618
vn 0.7395 -0.6732 -0.0000
vn 0.4835 0.6713 0.5618
vn -0.4835 -0.6713 -0.5618
vn -0.4835 -0.6713 0.5618
vn 0.5322 0.7389 0.4132
vn 0.5792 0.8041 0.1339
vn 0.5792 0.8041 -0.1339
vn 0.5322 0.7389 -0.4132
vn -0.5322 -0.7389 -0.4132
vn -0.5792 -0.8041 -0.1339
vn -0.5792 -0.8041 0.1339
vn -0.5322 -0.7389 0.4132
vt 0.625000 0.500000
vt 0.875000 0.500000
vt 0.875000 0.531321
vt 0.625000 0.531321
vt 0.375000 0.250000
vt 0.625000 0.250000
vt 0.375000 0.500000
vt 0.375000 0.750000
vt 0.625000 0.750000
vt 0.625000 1.000000
vt 0.375000 1.000000
vt 0.375000 0.218679
vt 0.625000 0.218679
vt 0.375000 0.531321
vt 0.625000 0.718679
vt 0.875000 0.718679
vt 0.875000 0.750000
vt 0.125000 0.718679
vt 0.375000 0.718679
vt 0.125000 0.750000
vt 0.125000 0.500000
vt 0.125000 0.531321
vt 0.600467 0.682274
vt 0.875000 0.688850
vt 0.530603 0.625000
vt 0.875000 0.625000
vt 0.600467 0.567726
vt 0.875000 0.561150
vt 0.125000 0.688850
vt 0.350467 0.682274
vt 0.125000 0.625000
vt 0.375000 0.625000
vt 0.125000 0.561150
vt 0.350467 0.567726
vt 0.325934 0.175699
vt 0.575934 0.175699
vt 0.375000 0.125000
vt 0.436206 0.125000
vt 0.325934 0.074301
vt 0.575934 0.074301
vt 0.375000 0.031321
vt 0.625000 0.031321
vt 0.375000 0.000000
vt 0.625000 0.000000
s 0
f 390/175/66 386/176/66 396/177/66 407/178/66
f 385/179/67 386/180/67 390/175/67 389/181/67
f 387/182/68 388/183/68 384/184/68 383/185/68
f 392/186/69 396/187/69 386/180/69 385/179/69
f 389/181/70 390/175/70 407/178/70 401/188/70
f 406/189/71 397/190/71 384/191/71 388/183/71
f 391/192/72 402/193/72 387/182/72 383/194/72
f 402/193/70 406/189/70 388/183/70 387/182/70
f 385/195/73 389/181/73 401/188/73 392/196/73
f 397/190/74 406/189/74 408/197/74 400/198/74
f 400/198/75 408/197/75 409/199/75 399/200/75
f 399/200/76 409/199/76 410/201/76 398/202/76
f 398/202/77 410/201/77 407/178/77 396/177/77
f 402/193/78 391/192/78 393/203/78 405/204/78
f 405/204/79 393/203/79 394/205/79 404/206/79
f 404/206/80 394/205/80 395/207/80 403/208/80
f 403/208/81 395/207/81 392/196/81 401/188/81
f 406/189/70 402/193/70 405/204/70 408/197/70
f 408/197/70 405/204/70 404/206/70 409/199/70
f 409/199/70 404/206/70 403/208/70 410/201/70
f 410/201/70 403/208/70 401/188/70 407/178/70
f 396/187/69 392/186/69 395/209/69 398/210/69
f 398/210/69 395/209/69 394/211/69 399/212/69
f 399/212/69 394/211/69 393/213/69 400/214/69
f 400/214/69 393/213/69 391/215/69 397/216/69
f 383/217/69 384/218/69 397/216/69 391/215/69
f 418/175/66 414/176/66 424/177/66 435/178/66
f 413/179/67 414/180/67 418/175/67 417/181/67
f 415/182/68 416/183/68 412/184/68 411/185/68
f 420/186/69 424/187/69 414/180/69 413/179/69
f 417/181/70 418/175/70 435/178/70 429/188/70
f 434/189/71 425/190/71 412/191/71 416/183/71
f 419/192/72 430/193/72 415/182/72 411/194/72
f 430/193/70 434/189/70 416/183/70 415/182/70
f 413/195/73 417/181/73 429/188/73 420/196/73
f 425/190/74 434/189/74 436/197/74 428/198/74
f 428/198/75 436/197/75 437/199/75 427/200/75
f 427/200/76 437/199/76 438/201/76 426/202/76
f 426/202/77 438/201/77 435/178/77 424/177/77
f 430/193/78 419/192/78 421/203/78 433/204/78
f 433/204/79 421/203/79 422/205/79 432/206/79
f 432/206/80 422/205/80 423/207/80 431/208/80
f 431/208/81 423/207/81 420/196/81 429/188/81
f 434/189/70 430/193/70 433/204/70 436/197/70
f 436/197/70 433/204/70 432/206/70 437/199/70
f 437/199/70 432/206/70 431/208/70 438/201/70
f 438/201/70 431/208/70 429/188/70 435/178/70
f 424/187/69 420/186/69 423/209/69 426/210/69
f 426/210/69 423/209/69 422/211/69 427/212/69
f 427/212/69 422/211/69 421/213/69 428/214/69
f 428/214/69 421/213/69 419/215/69 425/216/69
f 411/217/69 412/218/69 425/216/69 419/215/69
f 446/175/66 442/176/66 452/177/66 463/178/66
f 441/179/67 442/180/67 446/175/67 445/181/67
f 443/182/68 444/183/68 440/184/68 439/185/68
f 448/186/69 452/187/69 442/180/69 441/179/69
f 445/181/70 446/175/70 463/178/70 457/188/70
f 462/189/71 453/190/71 440/191/71 444/183/71
f 447/192/72 458/193/72 443/182/72 439/194/72
f 458/193/70 462/189/70 444/183/70 443/182/70
f 441/195/73 445/181/73 457/188/73 448/196/73
f 453/190/74 462/189/74 464/197/74 456/198/74
f 456/198/75 464/197/75 465/199/75 455/200/75
f 455/200/76 465/199/76 466/201/76 454/202/76
f 454/202/77 466/201/77 463/178/77 452/177/77
f 458/193/78 447/192/78 449/203/78 461/204/78
f 461/204/79 449/203/79 450/205/79 460/206/79
f 460/206/80 450/205/80 451/207/80 459/208/80
f 459/208/81 451/207/81 448/196/81 457/188/81
f 462/189/70 458/193/70 461/204/70 464/197/70
f 464/197/70 461/204/70 460/206/70 465/199/70
f 465/199/70 460/206/70 459/208/70 466/201/70
f 466/201/70 459/208/70 457/188/70 463/178/70
f 452/187/69 448/186/69 451/209/69 454/210/69
f 454/210/69 451/209/69 450/211/69 455/212/69
f 455/212/69 450/211/69 449/213/69 456/214/69
f 456/214/69 449/213/69 447/215/69 453/216/69
f 439/217/69 440/218/69 453/216/69 447/215/69
f 474/175/66 470/176/66 480/177/66 491/178/66
f 469/179/67 470/180/67 474/175/67 473/181/67
f 471/182/68 472/183/68 468/184/68 467/185/68
f 476/186/69 480/187/69 470/180/69 469/179/69
f 473/181/70 474/175/70 491/178/70 485/188/70
f 490/189/71 481/190/71 468/191/71 472/183/71
f 475/192/72 486/193/72 471/182/72 467/194/72
f 486/193/70 490/189/70 472/183/70 471/182/70
f 469/195/73 473/181/73 485/188/73 476/196/73
f 481/190/74 490/189/74 492/197/74 484/198/74
f 484/198/75 492/197/75 493/199/75 483/200/75
f 483/200/76 493/199/76 494/201/76 482/202/76
f 482/202/77 494/201/77 491/178/77 480/177/77
f 486/193/78 475/192/78 477/203/78 489/204/78
f 489/204/79 477/203/79 478/205/79 488/206/79
f 488/206/80 478/205/80 479/207/80 487/208/80
f 487/208/81 479/207/81 476/196/81 485/188/81
f 490/189/70 486/193/70 489/204/70 492/197/70
f 492/197/70 489/204/70 488/206/70 493/199/70
f 493/199/70 488/206/70 487/208/70 494/201/70
f 494/201/70 487/208/70 485/188/70 491/178/70
f 480/187/69 476/186/69 479/209/69 482/210/69
f 482/210/69 479/209/69 478/211/69 483/212/69
f 483/212/69 478/211/69 477/213/69 484/214/69
f 484/214/69 477/213/69 475/215/69 481/216/69
f 467/217/69 468/218/69 481/216/69 475/215/69
f 502/175/66 498/176/66 508/177/66 519/178/66
f 497/179/67 498/180/67 502/175/67 501/181/67
f 499/182/68 500/183/68 496/184/68 495/185/68
f 504/186/69 508/187/69 498/180/69 497/179/69
f 501/181/70 502/175/70 519/178/70 513/188/70
f 518/189/71 509/190/71 496/191/71 500/183/71
f 503/192/72 514/193/72 499/182/72 495/194/72
f 514/193/70 518/189/70 500/183/70 499/182/70
f 497/195/73 501/181/73 513/188/73 504/196/73
f 509/190/74 518/189/74 520/197/74 512/198/74
f 512/198/75 520/197/75 521/199/75 511/200/75
f 511/200/76 521/199/76 522/201/76 510/202/76
f 510/202/77 522/201/77 519/178/77 508/177/77
f 514/193/78 503/192/78 505/203/78 517/204/78
f 517/204/79 505/203/79 506/205/79 516/206/79
f 516/206/80 506/205/80 507/207/80 515/208/80
f 515/208/81 507/207/81 504/196/81 513/188/81
f 518/189/70 514/193/70 517/204/70 520/197/70
f 520/197/70 517/204/70 516/206/70 521/199/70
f 521/199/70 516/206/70 515/208/70 522/201/70
f 522/201/70 515/208/70 513/188/70 519/178/70
f 508/187/69 504/186/69 507/209/69 510/210/69
f 510/210/69 507/209/69 506/211/69 511/212/69
f 511/212/69 506/211/69 505/213/69 512/214/69
f 512/214/69 505/213/69 503/215/69 509/216/69
f 495/217/69 496/218/69 509/216/69 503/215/69
f 530/175/66 526/176/66 536/177/66 547/178/66
f 525/179/67 526/180/67 530/175/67 529/181/67
f 527/182/68 528/183/68 524/184/68 523/185/68
f 532/186/69 536/187/69 526/180/69 525/179/69
f 529/181/70 530/175/70 547/178/70 541/188/70
f 546/189/71 537/190/71 524/191/71 528/183/71
f 531/192/72 542/193/72 527/182/72 523/194/72
f 542/193/70 546/189/70 528/183/70 527/182/70
f 525/195/73 529/181/73 541/188/73 532/196/73
f 537/190/74 546/189/74 548/197/74 540/198/74
f 540/198/75 548/197/75 549/199/75 539/200/75
f 539/200/76 549/199/76 550/201/76 538/202/76
f 538/202/77 550/201/77 547/178/77 536/177/77
f 542/193/78 531/192/78 533/203/78 545/204/78
f 545/204/79 533/203/79 534/205/79 544/206/79
f 544/206/80 534/205/80 535/207/80 543/208/80
f 543/208/81 535/207/81 532/196/81 541/188/81
f 546/189/70 542/193/70 545/204/70 548/197/70
f 548/197/70 545/204/70 544/206/70 549/199/70
f 549/199/70 544/206/70 543/208/70 550/201/70
f 550/201/70 543/208/70 541/188/70 547/178/70
f 536/187/69 532/186/69 535/209/69 538/210/69
f 538/210/69 535/209/69 534/211/69 539/212/69
f 539/212/69 534/211/69 533/213/69 540/214/69
f 540/214/69 533/213/69 531/215/69 537/216/69
f 523/217/69 524/218/69 537/216/69 531/215/69
f 558/175/66 554/176/66 564/177/66 575/178/66
f 553/179/67 554/180/67 558/175/67 557/181/67
f 555/182/68 556/183/68 552/184/68 551/185/68
f 560/186/69 564/187/69 554/180/69 553/179/69
f 557/181/70 558/175/70 575/178/70 569/188/70
f 574/189/71 565/190/71 552/191/71 556/183/71
f 559/192/72 570/193/72 555/182/72 551/194/72
f 570/193/70 574/189/70 556/183/70 555/182/70
f 553/195/73 557/181/73 569/188/73 560/196/73
f 565/190/74 574/189/74 576/197/74 568/198/74
f 568/198/75 576/197/75 577/199/75 567/200/75
f 567/200/76 577/199/76 578/201/76 566/202/76
f 566/202/77 578/201/77 575/178/77 564/177/77
f 570/193/78 559/192/78 561/203/78 573/204/78
f 573/204/79 561/203/79 562/205/79 572/206/79
f 572/206/80 562/205/80 563/207/80 571/208/80
f 571/208/81 563/207/81 560/196/81 569/188/81
f 574/189/70 570/193/70 573/204/70 576/197/70
f 576/197/70 573/204/70 572/206/70 577/199/70
f 577/199/70 572/206/70 571/208/70 578/201/70
f 578/201/70 571/208/70 569/188/70 575/178/70
f 564/187/69 560/186/69 563/209/69 566/210/69
f 566/210/69 563/209/69 562/211/69 567/212/69
f 567/212/69 562/211/69 561/213/69 568/214/69
f 568/214/69 561/213/69 559/215/69 565/216/69
f 551/217/69 552/218/69 565/216/69 559/215/69
f 586/175/66 582/176/66 592/177/66 603/178/66
f 581/179/67 582/180/67 586/175/67 585/181/67
f 583/182/68 584/183/68 580/184/68 579/185/68
f 588/186/69 592/187/69 582/180/69 581/179/69
f 585/181/70 586/175/70 603/178/70 597/188/70
f 602/189/71 593/190/71 580/191/71 584/183/71
f 587/192/72 598/193/72 583/182/72 579/194/72
f 598/193/70 602/189/70 584/183/70 583/182/70
f 581/195/73 585/181/73 597/188/73 588/196/73
f 593/190/74 602/189/74 604/197/74 596/198/74
f 596/198/75 604/197/75 605/199/75 595/200/75
f 595/200/76 605/199/76 606/201/76 594/202/76
f 594/202/77 606/201/77 603/178/77 592/177/77
f 598/193/78 587/192/78 589/203/78 601/204/78
f 601/204/79 589/203/79 590/205/79 600/206/79
f 600/206/80 590/205/80 591/207/80 599/208/80
f 599/208/81 591/207/81 588/196/81 597/188/81
f 602/189/70 598/193/70 601/204/70 604/197/70
f 604/197/70 601/204/70 600/206/70 605/199/70
f 605/199/70 600/206/70 599/208/70 606/201/70
f 606/201/70 599/208/70 597/188/70 603/178/70
f 592/187/69 588/186/69 591/209/69 594/210/69
f 594/210/69 591/209/69 590/211/69 595/212/69
f 595/212/69 590/211/69 589/213/69 596/214/69
f 596/214/69 589/213/69 587/215/69 593/216/69
f 579/217/69 580/218/69 593/216/69 587/215/69
f 614/175/66 610/176/66 620/177/66 631/178/66
f 609/179/67 610/180/67 614/175/67 613/181/67
f 611/182/68 612/183/68 608/184/68 607/185/68
f 616/186/69 620/187/69 610/180/69 609/179/69
f 613/181/70 614/175/70 631/178/70 625/188/70
f 630/189/71 621/190/71 608/191/71 612/183/71
f 615/192/72 626/193/72 611/182/72 607/194/72
f 626/193/70 630/189/70 612/183/70 611/182/70
f 609/195/82 613/181/82 625/188/82 616/196/82
f 621/190/74 630/189/74 632/197/74 624/198/74
f 624/198/75 632/197/75 633/199/75 623/200/75
f 623/200/76 633/199/76 634/201/76 622/202/76
f 622/202/77 634/201/77 631/178/77 620/177/77
f 626/193/78 615/192/78 617/203/78 629/204/78
f 629/204/79 617/203/79 618/205/79 628/206/79
f 628/206/80 618/205/80 619/207/80 627/208/80
f 627/208/81 619/207/81 616/196/81 625/188/81
f 630/189/70 626/193/70 629/204/70 632/197/70
f 632/197/70 629/204/70 628/206/70 633/199/70
f 633/199/70 628/206/70 627/208/70 634/201/70
f 634/201/70 627/208/70 625/188/70 631/178/70
f 620/187/69 616/186/69 619/209/69 622/210/69
f 622/210/69 619/209/69 618/211/69 623/212/69
f 623/212/69 618/211/69 617/213/69 624/214/69
f 624/214/69 617/213/69 615/215/69 621/216/69
f 607/217/69 608/218/69 621/216/69 615/215/69
f 642/175/66 638/176/66 648/177/66 659/178/66
f 637/179/67 638/180/67 642/175/67 641/181/67
f 639/182/68 640/183/68 636/184/68 635/185/68
f 644/186/69 648/187/69 638/180/69 637/179/69
f 641/181/70 642/175/70 659/178/70 653/188/70
f 658/189/71 649/190/71 636/191/71 640/183/71
f 643/192/72 654/193/72 639/182/72 635/194/72
f 654/193/70 658/189/70 640/183/70 639/182/70
f 637/195/73 641/181/73 653/188/73 644/196/73
f 649/190/74 658/189/74 660/197/74 652/198/74
f 652/198/75 660/197/75 661/199/75 651/200/75
f 651/200/76 661/199/76 662/201/76 650/202/76
f 650/202/77 662/201/77 659/178/77 648/177/77
f 654/193/78 643/192/78 645/203/78 657/204/78
f 657/204/79 645/203/79 646/205/79 656/206/79
f 656/206/83 646/205/83 647/207/83 655/208/83
f 655/208/81 647/207/81 644/196/81 653/188/81
f 658/189/70 654/193/70 657/204/70 660/197/70
f 660/197/70 657/204/70 656/206/70 661/199/70
f 661/199/70 656/206/70 655/208/70 662/201/70
f 662/201/70 655/208/70 653/188/70 659/178/70
f 648/187/69 644/186/69 647/209/69 650/210/69
f 650/210/69 647/209/69 646/211/69 651/212/69
f 651/212/69 646/211/69 645/213/69 652/214/69
f 652/214/69 645/213/69 643/215/69 649/216/69
f 635/217/69 636/218/69 649/216/69 643/215/69
f 670/175/84 666/176/84 676/177/84 687/178/84
f 665/179/67 666/180/67 670/175/67 669/181/67
f 667/182/68 668/183/68 664/184/68 663/185/68
f 672/186/85 676/187/85 666/180/85 665/179/85
f 669/181/70 670/175/70 687/178/70 681/188/70
f 686/189/86 677/190/86 664/191/86 668/183/86
f 671/192/87 682/193/87 667/182/87 663/194/87
f 682/193/70 686/189/70 668/183/70 667/182/70
f 665/195/88 669/181/88 681/188/88 672/196/88
f 677/190/89 686/189/89 688/197/89 680/198/89
f 680/198/90 688/197/90 689/199/90 679/200/90
f 679/200/91 689/199/91 690/201/91 678/202/91
f 678/202/92 690/201/92 687/178/92 676/177/92
f 682/193/93 671/192/93 673/203/93 685/204/93
f 685/204/94 673/203/94 674/205/94 684/206/94
f 684/206/95 674/205/95 675/207/95 683/208/95
f 683/208/96 675/207/96 672/196/96 681/188/96
f 686/189/70 682/193/70 685/204/70 688/197/70
f 688/197/70 685/204/70 684/206/70 689/199/70
f 689/199/70 684/206/70 683/208/70 690/201/70
f 690/201/70 683/208/70 681/188/70 687/178/70
f 676/187/85 672/186/85 675/209/85 678/210/85
f 678/210/85 675/209/85 674/211/85 679/212/85
f 679/212/85 674/211/85 673/213/85 680/214/85
f 680/214/85 673/213/85 671/215/85 677/216/85
f 663/217/85 664/218/85 677/216/85 671/215/85
f 698/175/84 694/176/84 704/177/84 715/178/84
f 693/179/67 694/180/67 698/175/67 697/181/67
f 695/182/68 696/183/68 692/184/68 691/185/68
f 700/186/85 704/187/85 694/180/85 693/179/85
f 697/181/70 698/175/70 715/178/70 709/188/70
f 714/189/86 705/190/86 692/191/86 696/183/86
f 699/192/87 710/193/87 695/182/87 691/194/87
f 710/193/70 714/189/70 696/183/70 695/182/70
f 693/195/88 697/181/88 709/188/88 700/196/88
f 705/190/89 714/189/89 716/197/89 708/198/89
f 708/198/90 716/197/90 717/199/90 707/200/90
f 707/200/91 717/199/91 718/201/91 706/202/91
f 706/202/92 718/201/92 715/178/92 704/177/92
f 710/193/93 699/192/93 701/203/93 713/204/93
f 713/204/94 701/203/94 702/205/94 712/206/94
f 712/206/95 702/205/95 703/207/95 711/208/95
f 711/208/96 703/207/96 700/196/96 709/188/96
f 714/189/70 710/193/70 713/204/70 716/197/70
f 716/197/70 713/204/70 712/206/70 717/199/70
f 717/199/70 712/206/70 711/208/70 718/201/70
f 718/201/70 711/208/70 709/188/70 715/178/70
f 704/187/85 700/186/85 703/209/85 706/210/85
f 706/210/85 703/209/85 702/211/85 707/212/85
f 707/212/85 702/211/85 701/213/85 708/214/85
f 708/214/85 701/213/85 699/215/85 705/216/85
f 691/217/85 692/218/85 705/216/85 699/215/85
f 726/175/84 722/176/84 732/177/84 743/178/84
f 721/179/67 722/180/67 726/175/67 725/181/67
f 723/182/68 724/183/68 720/184/68 719/185/68
f 728/186/85 732/187/85 722/180/85 721/179/85
f 725/181/70 726/175/70 743/178/70 737/188/70
f 742/189/86 733/190/86 720/191/86 724/183/86
f 727/192/87 738/193/87 723/182/87 719/194/87
f 738/193/70 742/189/70 724/183/70 723/182/70
f 721/195/88 725/181/88 737/188/88 728/196/88
f 733/190/89 742/189/89 744/197/89 736/198/89
f 736/198/90 744/197/90 745/199/90 735/200/90
f 735/200/91 745/199/91 746/201/91 734/202/91
f 734/202/92 746/201/92 743/178/92 732/177/92
f 738/193/93 727/192/93 729/203/93 741/204/93
f 741/204/94 729/203/94 730/205/94 740/206/94
f 740/206/95 730/205/95 731/207/95 739/208/95
f 739/208/96 731/207/96 728/196/96 737/188/96
f 742/189/70 738/193/70 741/204/70 744/197/70
f 744/197/70 741/204/70 740/206/70 745/199/70
f 745/199/70 740/206/70 739/208/70 746/201/70
f 746/201/70 739/208/70 737/188/70 743/178/70
f 732/187/85 728/186/85 731/209/85 734/210/85
f 734/210/85 731/209/85 730/211/85 735/212/85
f 735/212/85 730/211/85 729/213/85 736/214/85
f 736/214/85 729/213/85 727/215/85 733/216/85
f 719/217/85 720/218/85 733/216/85 727/215/85
f 754/175/84 750/176/84 760/177/84 771/178/84
f 749/179/67 750/180/67 754/175/67 753/181/67
f 751/182/68 752/183/68 748/184/68 747/185/68
f 756/186/85 760/187/85 750/180/85 749/179/85
f 753/181/70 754/175/70 771/178/70 765/188/70
f 770/189/86 761/190/86 748/191/86 752/183/86
f 755/192/87 766/193/87 751/182/87 747/194/87
f 766/193/70 770/189/70 752/183/70 751/182/70
f 749/195/88 753/181/88 765/188/88 756/196/88
f 761/190/89 770/189/89 772/197/89 764/198/89
f 764/198/90 772/197/90 773/199/90 763/200/90
f 763/200/91 773/199/91 774/201/91 762/202/91
f 762/202/92 774/201/92 771/178/92 760/177/92
f 766/193/93 755/192/93 757/203/93 769/204/93
f 769/204/94 757/203/94 758/205/94 768/206/94
f 768/206/95 758/205/95 759/207/95 767/208/95
f 767/208/96 759/207/96 756/196/96 765/188/96
f 770/189/70 766/193/70 769/204/70 772/197/70
f 772/197/70 769/204/70 768/206/70 773/199/70
f 773/199/70 768/206/70 767/208/70 774/201/70
f 774/201/70 767/208/70 765/188/70 771/178/70
f 760/187/85 756/186/85 759/209/85 762/210/85
f 762/210/85 759/209/85 758/211/85 763/212/85
f 763/212/85 758/211/85 757/213/85 764/214/85
f 764/214/85 757/213/85 755/215/85 761/216/85
f 747/217/85 748/218/85 761/216/85 755/215/85
f 782/175/84 778/176/84 788/177/84 799/178/84
f 777/179/67 778/180/67 782/175/67 781/181/67
f 779/182/68 780/183/68 776/184/68 775/185/68
f 784/186/85 788/187/85 778/180/85 777/179/85
f 781/181/70 782/175/70 799/178/70 793/188/70
f 798/189/86 789/190/86 776/191/86 780/183/86
f 783/192/87 794/193/87 779/182/87 775/194/87
f 794/193/70 798/189/70 780/183/70 779/182/70
f 777/195/88 781/181/88 793/188/88 784/196/88
f 789/190/89 798/189/89 800/197/89 792/198/89
f 792/198/90 800/197/90 801/199/90 791/200/90
f 791/200/91 801/199/91 802/201/91 790/202/91
f 790/202/92 802/201/92 799/178/92 788/177/92
f 794/193/93 783/192/93 785/203/93 797/204/93
f 797/204/94 785/203/94 786/205/94 796/206/94
f 796/206/95 786/205/95 787/207/95 795/208/95
f 795/208/96 787/207/96 784/196/96 793/188/96
f 798/189/70 794/193/70 797/204/70 800/197/70
f 800/197/70 797/204/70 796/206/70 801/199/70
f 801/199/70 796/206/70 795/208/70 802/201/70
f 802/201/70 795/208/70 793/188/70 799/178/70
f 788/187/85 784/186/85 787/209/85 790/210/85
f 790/210/85 787/209/85 786/211/85 791/212/85
f 791/212/85 786/211/85 785/213/85 792/214/85
f 792/214/85 785/213/85 783/215/85 789/216/85
f 775/217/85 776/218/85 789/216/85 783/215/85
f 810/175/84 806/176/84 816/177/84 827/178/84
f 805/179/67 806/180/67 810/175/67 809/181/67
f 807/182/68 808/183/68 804/184/68 803/185/68
f 812/186/85 816/187/85 806/180/85 805/179/85
f 809/181/70 810/175/70 827/178/70 821/188/70
f 826/189/86 817/190/86 804/191/86 808/183/86
f 811/192/87 822/193/87 807/182/87 803/194/87
f 822/193/70 826/189/70 808/183/70 807/182/70
f 805/195/88 809/181/88 821/188/88 812/196/88
f 817/190/89 826/189/89 828/197/89 820/198/89
f 820/198/90 828/197/90 829/199/90 819/200/90
f 819/200/91 829/199/91 830/201/91 818/202/91
f 818/202/92 830/201/92 827/178/92 816/177/92
f 822/193/93 811/192/93 813/203/93 825/204/93
f 825/204/94 813/203/94 814/205/94 824/206/94
f 824/206/95 814/205/95 815/207/95 823/208/95
f 823/208/96 815/207/96 812/196/96 821/188/96
f 826/189/70 822/193/70 825/204/70 828/197/70
f 828/197/70 825/204/70 824/206/70 829/199/70
f 829/199/70 824/206/70 823/208/70 830/201/70
f 830/201/70 823/208/70 821/188/70 827/178/70
f 816/187/85 812/186/85 815/209/85 818/210/85
f 818/210/85 815/209/85 814/211/85 819/212/85
f 819/212/85 814/211/85 813/213/85 820/214/85
f 820/214/85 813/213/85 811/215/85 817/216/85
f 803/217/85 804/218/85 817/216/85 811/215/85
f 838/175/84 834/176/84 844/177/84 855/178/84
f 833/179/67 834/180/67 838/175/67 837/181/67
f 835/182/68 836/183/68 832/184/68 831/185/68
f 840/186/85 844/187/85 834/180/85 833/179/85
f 837/181/70 838/175/70 855/178/70 849/188/70
f 854/189/86 845/190/86 832/191/86 836/183/86
f 839/192/87 850/193/87 835/182/87 831/194/87
f 850/193/70 854/189/70 836/183/70 835/182/70
f 833/195/88 837/181/88 849/188/88 840/196/88
f 845/190/89 854/189/89 856/197/89 848/198/89
f 848/198/90 856/197/90 857/199/90 847/200/90
f 847/200/91 857/199/91 858/201/91 846/202/91
f 846/202/92 858/201/92 855/178/92 844/177/92
f 850/193/93 839/192/93 841/203/93 853/204/93
f 853/204/94 841/203/94 842/205/94 852/206/94
f 852/206/95 842/205/95 843/207/95 851/208/95
f 851/208/96 843/207/96 840/196/96 849/188/96
f 854/189/70 850/193/70 853/204/70 856/197/70
f 856/197/70 853/204/70 852/206/70 857/199/70
f 857/199/70 852/206/70 851/208/70 858/201/70
f 858/201/70 851/208/70 849/188/70 855/178/70
f 844/187/85 840/186/85 843/209/85 846/210/85
f 846/210/85 843/209/85 842/211/85 847/212/85
f 847/212/85 842/211/85 841/213/85 848/214/85
f 848/214/85 841/213/85 839/215/85 845/216/85
f 831/217/85 832/218/85 845/216/85 839/215/85
f 866/175/84 862/176/84 872/177/84 883/178/84
f 861/179/67 862/180/67 866/175/67 865/181/67
f 863/182/68 864/183/68 860/184/68 859/185/68
f 868/186/85 872/187/85 862/180/85 861/179/85
f 865/181/70 866/175/70 883/178/70 877/188/70
f 882/189/86 873/190/86 860/191/86 864/183/86
f 867/192/87 878/193/87 863/182/87 859/194/87
f 878/193/70 882/189/70 864/183/70 863/182/70
f 861/195/88 865/181/88 877/188/88 868/196/88
f 873/190/89 882/189/89 884/197/89 876/198/89
f 876/198/90 884/197/90 885/199/90 875/200/90
f 875/200/91 885/199/91 886/201/91 874/202/91
f 874/202/92 886/201/92 883/178/92 872/177/92
f 878/193/93 867/192/93 869/203/93 881/204/93
f 881/204/94 869/203/94 870/205/94 880/206/94
f 880/206/95 870/205/95 871/207/95 879/208/95
f 879/208/96 871/207/96 868/196/96 877/188/96
f 882/189/70 878/193/70 881/204/70 884/197/70
f 884/197/70 881/204/70 880/206/70 885/199/70
f 885/199/70 880/206/70 879/208/70 886/201/70
f 886/201/70 879/208/70 877/188/70 883/178/70
f 872/187/85 868/186/85 871/209/85 874/210/85
f 874/210/85 871/209/85 870/211/85 875/212/85
f 875/212/85 870/211/85 869/213/85 876/214/85
f 876/214/85 869/213/85 867/215/85 873/216/85
f 859/217/85 860/218/85 873/216/85 867/215/85
f 894/175/84 890/176/84 900/177/84 911/178/84
f 889/179/67 890/180/67 894/175/67 893/181/67
f 891/182/68 892/183/68 888/184/68 887/185/68
f 896/186/85 900/187/85 890/180/85 889/179/85
f 893/181/70 894/175/70 911/178/70 905/188/70
f 910/189/86 901/190/86 888/191/86 892/183/86
f 895/192/87 906/193/87 891/182/87 887/194/87
f 906/193/70 910/189/70 892/183/70 891/182/70
f 889/195/88 893/181/88 905/188/88 896/196/88
f 901/190/89 910/189/89 912/197/89 904/198/89
f 904/198/90 912/197/90 913/199/90 903/200/90
f 903/200/91 913/199/91 914/201/91 902/202/91
f 902/202/92 914/201/92 911/178/92 900/177/92
f 906/193/93 895/192/93 897/203/93 909/204/93
f 909/204/94 897/203/94 898/205/94 908/206/94
f 908/206/95 898/205/95 899/207/95 907/208/95
f 907/208/96 899/207/96 896/196/96 905/188/96
f 910/189/70 906/193/70 909/204/70 912/197/70
f 912/197/70 909/204/70 908/206/70 913/199/70
f 913/199/70 908/206/70 907/208/70 914/201/70
f 914/201/70 907/208/70 905/188/70 911/178/70
f 900/187/85 896/186/85 899/209/85 902/210/85
f 902/210/85 899/209/85 898/211/85 903/212/85
f 903/212/85 898/211/85 897/213/85 904/214/85
f 904/214/85 897/213/85 895/215/85 901/216/85
f 887/217/85 888/218/85 901/216/85 895/215/85
f 922/175/84 918/176/84 928/177/84 939/178/84
f 917/179/67 918/180/67 922/175/67 921/181/67
f 919/182/68 920/183/68 916/184/68 915/185/68
f 924/186/85 928/187/85 918/180/85 917/179/85
f 921/181/70 922/175/70 939/178/70 933/188/70
f 938/189/86 929/190/86 916/191/86 920/183/86
f 923/192/87 934/193/87 919/182/87 915/194/87
f 934/193/70 938/189/70 920/183/70 919/182/70
f 917/195/88 921/181/88 933/188/88 924/196/88
f 929/190/89 938/189/89 940/197/89 932/198/89
f 932/198/90 940/197/90 941/199/90 931/200/90
f 931/200/91 941/199/91 942/201/91 930/202/91
f 930/202/92 942/201/92 939/178/92 928/177/92
f 934/193/93 923/192/93 925/203/93 937/204/93
f 937/204/94 925/203/94 926/205/94 936/206/94
f 936/206/95 926/205/95 927/207/95 935/208/95
f 935/208/96 927/207/96 924/196/96 933/188/96
f 938/189/70 934/193/70 937/204/70 940/197/70
f 940/197/70 937/204/70 936/206/70 941/199/70
f 941/199/70 936/206/70 935/208/70 942/201/70
f 942/201/70 935/208/70 933/188/70 939/178/70
f 928/187/85 924/186/85 927/209/85 930/210/85
f 930/210/85 927/209/85 926/211/85 931/212/85
f 931/212/85 926/211/85 925/213/85 932/214/85
f 932/214/85 925/213/85 923/215/85 929/216/85
f 915/217/85 916/218/85 929/216/85 923/215/85
f 950/175/84 946/176/84 956/177/84 967/178/84
f 945/179/67 946/180/67 950/175/67 949/181/67
f 947/182/68 948/183/68 944/184/68 943/185/68
f 952/186/85 956/187/85 946/180/85 945/179/85
f 949/181/70 950/175/70 967/178/70 961/188/70
f 966/189/86 957/190/86 944/191/86 948/183/86
f 951/192/87 962/193/87 947/182/87 943/194/87
f 962/193/70 966/189/70 948/183/70 947/182/70
f 945/195/88 949/181/88 961/188/88 952/196/88
f 957/190/89 966/189/89 968/197/89 960/198/89
f 960/198/90 968/197/90 969/199/90 959/200/90
f 959/200/91 969/199/91 970/201/91 958/202/91
f 958/202/92 970/201/92 967/178/92 956/177/92
f 962/193/93 951/192/93 953/203/93 965/204/93
f 965/204/94 953/203/94 954/205/94 964/206/94
f 964/206/95 954/205/95 955/207/95 963/208/95
f 963/208/96 955/207/96 952/196/96 961/188/96
f 966/189/70 962/193/70 965/204/70 968/197/70
f 968/197/70 965/204/70 964/206/70 969/199/70
f 969/199/70 964/206/70 963/208/70 970/201/70
f 970/201/70 963/208/70 961/188/70 967/178/70
f 956/187/85 952/186/85 955/209/85 958/210/85
f 958/210/85 955/209/85 954/211/85 959/212/85
f 959/212/85 954/211/85 953/213/85 960/214/85
f 960/214/85 953/213/85 951/215/85 957/216/85
f 943/217/85 944/218/85 957/216/85 951/215/85
f 978/175/84 974/176/84 984/177/84 995/178/84
f 973/179/67 974/180/67 978/175/67 977/181/67
f 975/182/68 976/183/68 972/184/68 971/185/68
f 980/186/85 984/187/85 974/180/85 973/179/85
f 977/181/70 978/175/70 995/178/70 989/188/70
f 994/189/86 985/190/86 972/191/86 976/183/86
f 979/192/87 990/193/87 975/182/87 971/194/87
f 990/193/70 994/189/70 976/183/70 975/182/70
f 973/195/88 977/181/88 989/188/88 980/196/88
f 985/190/89 994/189/89 996/197/89 988/198/89
f 988/198/90 996/197/90 997/199/90 987/200/90
f 987/200/91 997/199/91 998/201/91 986/202/91
f 986/202/92 998/201/92 995/178/92 984/177/92
f 990/193/93 979/192/93 981/203/93 993/204/93
f 993/204/94 981/203/94 982/205/94 992/206/94
f 992/206/95 982/205/95 983/207/95 991/208/95
f 991/208/96 983/207/96 980/196/96 989/188/96
f 994/189/70 990/193/70 993/204/70 996/197/70
f 996/197/70 993/204/70 992/206/70 997/199/70
f 997/199/70 992/206/70 991/208/70 998/201/70
f 998/201/70 991/208/70 989/188/70 995/178/70
f 984/187/85 980/186/85 983/209/85 986/210/85
f 986/210/85 983/209/85 982/211/85 987/212/85
f 987/212/85 982/211/85 981/213/85 988/214/85
f 988/214/85 981/213/85 979/215/85 985/216/85
f 971/217/85 972/218/85 985/216/85 979/215/85
f 1006/175/84 1002/176/84 1012/177/84 1023/178/84
f 1001/179/67 1002/180/67 1006/175/67 1005/181/67
f 1003/182/68 1004/183/68 1000/184/68 999/185/68
f 1008/186/85 1012/187/85 1002/180/85 1001/179/85
f 1005/181/70 1006/175/70 1023/178/70 1017/188/70
f 1022/189/86 1013/190/86 1000/191/86 1004/183/86
f 1007/192/87 1018/193/87 1003/182/87 999/194/87
f 1018/193/70 1022/189/70 1004/183/70 1003/182/70
f 1001/195/88 1005/181/88 1017/188/88 1008/196/88
f 1013/190/89 1022/189/89 1024/197/89 1016/198/89
f 1016/198/90 1024/197/90 1025/199/90 1015/200/90
f 1015/200/91 1025/199/91 1026/201/91 1014/202/91
f 1014/202/92 1026/201/92 1023/178/92 1012/177/92
f 1018/193/93 1007/192/93 1009/203/93 1021/204/93
f 1021/204/94 1009/203/94 1010/205/94 1020/206/94
f 1020/206/95 1010/205/95 1011/207/95 1019/208/95
f 1019/208/96 1011/207/96 1008/196/96 1017/188/96
f 1022/189/70 1018/193/70 1021/204/70 1024/197/70
f 1024/197/70 1021/204/70 1020/206/70 1025/199/70
f 1025/199/70 1020/206/70 1019/208/70 1026/201/70
f 1026/201/70 1019/208/70 1017/188/70 1023/178/70
f 1012/187/85 1008/186/85 1011/209/85 1014/210/85
f 1014/210/85 1011/209/85 1010/211/85 1015/212/85
f 1015/212/85 1010/211/85 1009/213/85 1016/214/85
f 1016/214/85 1009/213/85 1007/215/85 1013/216/85
f 999/217/85 1000/218/85 1013/216/85 1007/215/85
f 1034/175/84 1030/176/84 1040/177/84 1051/178/84
f 1029/179/67 1030/180/67 1034/175/67 1033/181/67
f 1031/182/68 1032/183/68 1028/184/68 1027/185/68
f 1036/186/85 1040/187/85 1030/180/85 1029/179/85
f 1033/181/70 1034/175/70 1051/178/70 1045/188/70
f 1050/189/86 1041/190/86 1028/191/86 1032/183/86
f 1035/192/87 1046/193/87 1031/182/87 1027/194/87
f 1046/193/70 1050/189/70 1032/183/70 1031/182/70
f 1029/195/88 1033/181/88 1045/188/88 1036/196/88
f 1041/190/89 1050/189/89 1052/197/89 1044/198/89
f 1044/198/90 1052/197/90 1053/199/90 1043/200/90
f 1043/200/91 1053/199/91 1054/201/91 1042/202/91
f 1042/202/92 1054/201/92 1051/178/92 1040/177/92
f 1046/193/93 1035/192/93 1037/203/93 1049/204/93
f 1049/204/94 1037/203/94 1038/205/94 1048/206/94
f 1048/206/95 1038/205/95 1039/207/95 1047/208/95
f 1047/208/96 1039/207/96 1036/196/96 1045/188/96
f 1050/189/70 1046/193/70 1049/204/70 1052/197/70
f 1052/197/70 1049/204/70 1048/206/70 1053/199/70
f 1053/199/70 1048/206/70 1047/208/70 1054/201/70
f 1054/201/70 1047/208/70 1045/188/70 1051/178/70
f 1040/187/85 1036/186/85 1039/209/85 1042/210/85
f 1042/210/85 1039/209/85 1038/211/85 1043/212/85
f 1043/212/85 1038/211/85 1037/213/85 1044/214/85
f 1044/214/85 1037/213/85 1035/215/85 1041/216/85
f 1027/217/85 1028/218/85 1041/216/85 1035/215/85
f 1062/175/84 1058/176/84 1068/177/84 1079/178/84
f 1057/179/67 1058/180/67 1062/175/67 1061/181/67
f 1059/182/68 1060/183/68 1056/184/68 1055/185/68
f 1064/186/85 1068/187/85 1058/180/85 1057/179/85
f 1061/181/70 1062/175/70 1079/178/70 1073/188/70
f 1078/189/86 1069/190/86 1056/191/86 1060/183/86
f 1063/192/87 1074/193/87 1059/182/87 1055/194/87
f 1074/193/70 1078/189/70 1060/183/70 1059/182/70
f 1057/195/88 1061/181/88 1073/188/88 1064/196/88
f 1069/190/89 1078/189/89 1080/197/89 1072/198/89
f 1072/198/90 1080/197/90 1081/199/90 1071/200/90
f 1071/200/91 1081/199/91 1082/201/91 1070/202/91
f 1070/202/92 1082/201/92 1079/178/92 1068/177/92
f 1074/193/93 1063/192/93 1065/203/93 1077/204/93
f 1077/204/94 1065/203/94 1066/205/94 1076/206/94
f 1076/206/95 1066/205/95 1067/207/95 1075/208/95
f 1075/208/96 1067/207/96 1064/196/96 1073/188/96
f 1078/189/70 1074/193/70 1077/204/70 1080/197/70
f 1080/197/70 1077/204/70 1076/206/70 1081/199/70
f 1081/199/70 1076/206/70 1075/208/70 1082/201/70
f 1082/201/70 1075/208/70 1073/188/70 1079/178/70
f 1068/187/85 1064/186/85 1067/209/85 1070/210/85
f 1070/210/85 1067/209/85 1066/211/85 1071/212/85
f 1071/212/85 1066/211/85 1065/213/85 1072/214/85
f 1072/214/85 1065/213/85 1063/215/85 1069/216/85
f 1055/217/85 1056/218/85 1069/216/85 1063/215/85
f 1090/175/84 1086/176/84 1096/177/84 1107/178/84
f 1085/179/67 1086/180/67 1090/175/67 1089/181/67
f 1087/182/68 1088/183/68 1084/184/68 1083/185/68
f 1092/186/85 1096/187/85 1086/180/85 1085/179/85
f 1089/181/70 1090/175/70 1107/178/70 1101/188/70
f 1106/189/86 1097/190/86 1084/191/86 1088/183/86
f 1091/192/87 1102/193/87 1087/182/87 1083/194/87
f 1102/193/70 1106/189/70 1088/183/70 1087/182/70
f 1085/195/88 1089/181/88 1101/188/88 1092/196/88
f 1097/190/89 1106/189/89 1108/197/89 1100/198/89
f 1100/198/90 1108/197/90 1109/199/90 1099/200/90
f 1099/200/91 1109/199/91 1110/201/91 1098/202/91
f 1098/202/92 1110/201/92 1107/178/92 1096/177/92
f 1102/193/93 1091/192/93 1093/203/93 1105/204/93
f 1105/204/94 1093/203/94 1094/205/94 1104/206/94
f 1104/206/95 1094/205/95 1095/207/95 1103/208/95
f 1103/208/96 1095/207/96 1092/196/96 1101/188/96
f 1106/189/70 1102/193/70 1105/204/70 1108/197/70
f 1108/197/70 1105/204/70 1104/206/70 1109/199/70
f 1109/199/70 1104/206/70 1103/208/70 1110/201/70
f 1110/201/70 1103/208/70 1101/188/70 1107/178/70
f 1096/187/85 1092/186/85 1095/209/85 1098/210/85
f 1098/210/85 1095/209/85 1094/211/85 1099/212/85
f 1099/212/85 1094/211/85 1093/213/85 1100/214/85
f 1100/214/85 1093/213/85 1091/215/85 1097/216/85
f 1083/217/85 1084/218/85 1097/216/85 1091/215/85
f 1118/175/84 1114/176/84 1124/177/84 1135/178/84
f 1113/179/67 1114/180/67 1118/175/67 1117/181/67
f 1115/182/68 1116/183/68 1112/184/68 1111/185/68
f 1120/186/85 1124/187/85 1114/180/85 1113/179/85
f 1117/181/70 1118/175/70 1135/178/70 1129/188/70
f 1134/189/86 1125/190/86 1112/191/86 1116/183/86
f 1119/192/87 1130/193/87 1115/182/87 1111/194/87
f 1130/193/70 1134/189/70 1116/183/70 1115/182/70
f 1113/195/88 1117/181/88 1129/188/88 1120/196/88
f 1125/190/89 1134/189/89 1136/197/89 1128/198/89
f 1128/198/90 1136/197/90 1137/199/90 1127/200/90
f 1127/200/91 1137/199/91 1138/201/91 1126/202/91
f 1126/202/92 1138/201/92 1135/178/92 1124/177/92
f 1130/193/93 1119/192/93 1121/203/93 1133/204/93
f 1133/204/94 1121/203/94 1122/205/94 1132/206/94
f 1132/206/95 1122/205/95 1123/207/95 1131/208/95
f 1131/208/96 1123/207/96 1120/196/96 1129/188/96
f 1134/189/70 1130/193/70 1133/204/70 1136/197/70
f 1136/197/70 1133/204/70 1132/206/70 1137/199/70
f 1137/199/70 1132/206/70 1131/208/70 1138/201/70
f 1138/201/70 1131/208/70 1129/188/70 1135/178/70
f 1124/187/85 1120/186/85 1123/209/85 1126/210/85
f 1126/210/85 1123/209/85 1122/211/85 1127/212/85
f 1127/212/85 1122/211/85 1121/213/85 1128/214/85
f 1128/214/85 1121/213/85 1119/215/85 1125/216/85
f 1111/217/85 1112/218/85 1125/216/85 1119/215/85
f 1146/175/84 1142/176/84 1152/177/84 1163/178/84
f 1141/179/67 1142/180/67 1146/175/67 1145/181/67
f 1143/182/68 1144/183/68 1140/184/68 1139/185/68
f 1148/186/85 1152/187/85 1142/180/85 1141/179/85
f 1145/181/70 1146/175/70 1163/178/70 1157/188/70
f 1162/189/86 1153/190/86 1140/191/86 1144/183/86
f 1147/192/87 1158/193/87 1143/182/87 1139/194/87
f 1158/193/70 1162/189/70 1144/183/70 1143/182/70
f 1141/195/88 1145/181/88 1157/188/88 1148/196/88
f 1153/190/89 1162/189/89 1164/197/89 1156/198/89
f 1156/198/90 1164/197/90 1165/199/90 1155/200/90
f 1155/200/91 1165/199/91 1166/201/91 1154/202/91
f 1154/202/92 1166/201/92 1163/178/92 1152/177/92
f 1158/193/93 1147/192/93 1149/203/93 1161/204/93
f 1161/204/94 1149/203/94 1150/205/94 1160/206/94
f 1160/206/95 1150/205/95 1151/207/95 1159/208/95
f 1159/208/96 1151/207/96 1148/196/96 1157/188/96
f 1162/189/70 1158/193/70 1161/204/70 1164/197/70
f 1164/197/70 1161/204/70 1160/206/70 1165/199/70
f 1165/199/70 1160/206/70 1159/208/70 1166/201/70
f 1166/201/70 1159/208/70 1157/188/70 1163/178/70
f 1152/187/85 1148/186/85 1151/209/85 1154/210/85
f 1154/210/85 1151/209/85 1150/211/85 1155/212/85
f 1155/212/85 1150/211/85 1149/213/85 1156/214/85
f 1156/214/85 1149/213/85 1147/215/85 1153/216/85
f 1139/217/85 1140/218/85 1153/216/85 1147/215/85
f 1174/175/84 1170/176/84 1180/177/84 1191/178/84
f 1169/179/67 1170/180/67 1174/175/67 1173/181/67
f 1171/182/68 1172/183/68 1168/184/68 1167/185/68
f 1176/186/85 1180/187/85 1170/180/85 1169/179/85
f 1173/181/70 1174/175/70 1191/178/70 1185/188/70
f 1190/189/86 1181/190/86 1168/191/86 1172/183/86
f 1175/192/87 1186/193/87 1171/182/87 1167/194/87
f 1186/193/70 1190/189/70 1172/183/70 1171/182/70
f 1169/195/88 1173/181/88 1185/188/88 1176/196/88
f 1181/190/89 1190/189/89 1192/197/89 1184/198/89
f 1184/198/90 1192/197/90 1193/199/90 1183/200/90
f 1183/200/91 1193/199/91 1194/201/91 1182/202/91
f 1182/202/92 1194/201/92 1191/178/92 1180/177/92
f 1186/193/93 1175/192/93 1177/203/93 1189/204/93
f 1189/204/94 1177/203/94 1178/205/94 1188/206/94
f 1188/206/95 1178/205/95 1179/207/95 1187/208/95
f 1187/208/96 1179/207/96 1176/196/96 1185/188/96
f 1190/189/70 1186/193/70 1189/204/70 1192/197/70
f 1192/197/70 1189/204/70 1188/206/70 1193/199/70
f 1193/199/70 1188/206/70 1187/208/70 1194/201/70
f 1194/201/70 1187/208/70 1185/188/70 1191/178/70
f 1180/187/85 1176/186/85 1179/209/85 1182/210/85
f 1182/210/85 1179/209/85 1178/211/85 1183/212/85
f 1183/212/85 1178/211/85 1177/213/85 1184/214/85
f 1184/214/85 1177/213/85 1175/215/85 1181/216/85
f 1167/217/85 1168/218/85 1181/216/85 1175/215/85
f 1202/175/84 1198/176/84 1208/177/84 1219/178/84
f 1197/179/67 1198/180/67 1202/175/67 1201/181/67
f 1199/182/68 1200/183/68 1196/184/68 1195/185/68
f 1204/186/85 1208/187/85 1198/180/85 1197/179/85
f 1201/181/70 1202/175/70 1219/178/70 1213/188/70
f 1218/189/86 1209/190/86 1196/191/86 1200/183/86
f 1203/192/87 1214/193/87 1199/182/87 1195/194/87
f 1214/193/70 1218/189/70 1200/183/70 1199/182/70
f 1197/195/88 1201/181/88 1213/188/88 1204/196/88
f 1209/190/89 1218/189/89 1220/197/89 1212/198/89
f 1212/198/90 1220/197/90 1221/199/90 1211/200/90
f 1211/200/91 1221/199/91 1222/201/91 1210/202/91
f 1210/202/92 1222/201/92 1219/178/92 1208/177/92
f 1214/193/93 1203/192/93 1205/203/93 1217/204/93
f 1217/204/94 1205/203/94 1206/205/94 1216/206/94
f 1216/206/95 1206/205/95 1207/207/95 1215/208/95
f 1215/208/96 1207/207/96 1204/196/96 1213/188/96
f 1218/189/70 1214/193/70 1217/204/70 1220/197/70
f 1220/197/70 1217/204/70 1216/206/70 1221/199/70
f 1221/199/70 1216/206/70 1215/208/70 1222/201/70
f 1222/201/70 1215/208/70 1213/188/70 1219/178/70
f 1208/187/85 1204/186/85 1207/209/85 1210/210/85
f 1210/210/85 1207/209/85 1206/211/85 1211/212/85
f 1211/212/85 1206/211/85 1205/213/85 1212/214/85
f 1212/214/85 1205/213/85 1203/215/85 1209/216/85
f 1195/217/85 1196/218/85 1209/216/85 1203/215/85
f 1230/175/97 1247/178/97 1236/177/97 1226/176/97
f 1225/179/67 1229/181/67 1230/175/67 1226/180/67
f 1227/182/68 1223/185/68 1224/184/68 1228/183/68
f 1232/186/98 1225/179/98 1226/180/98 1236/187/98
f 1229/181/99 1241/188/99 1247/178/99 1230/175/99
f 1246/189/100 1228/183/100 1224/191/100 1237/190/100
f 1231/192/101 1223/194/101 1227/182/101 1242/193/101
f 1242/193/99 1227/182/99 1228/183/99 1246/189/99
f 1225/195/102 1232/196/102 1241/188/102 1229/181/102
f 1237/190/103 1240/198/103 1248/197/103 1246/189/103
f 1240/198/104 1239/200/104 1249/199/104 1248/197/104
f 1239/200/105 1238/202/105 1250/201/105 1249/199/105
f 1238/202/106 1236/177/106 1247/178/106 1250/201/106
f 1242/193/107 1245/204/107 1233/203/107 1231/192/107
f 1245/204/108 1244/206/108 1234/205/108 1233/203/108
f 1244/206/109 1243/208/109 1235/207/109 1234/205/109
f 1243/208/110 1241/188/110 1232/196/110 1235/207/110
f 1246/189/99 1248/197/99 1245/204/99 1242/193/99
f 1248/197/99 1249/199/99 1244/206/99 1245/204/99
f 1249/199/99 1250/201/99 1243/208/99 1244/206/99
f 1250/201/99 1247/178/99 1241/188/99 1243/208/99
f 1236/187/98 1238/210/98 1235/209/98 1232/186/98
f 1238/210/98 1239/212/98 1234/211/98 1235/209/98
f 1239/212/98 1240/214/98 1233/213/98 1234/211/98
f 1240/214/98 1237/216/98 1231/215/98 1233/213/98
f 1223/217/98 1231/215/98 1237/216/98 1224/218/98
f 1258/175/97 1275/178/97 1264/177/97 1254/176/97
f 1253/179/67 1257/181/67 1258/175/67 1254/180/67
f 1255/182/68 1251/185/68 1252/184/68 1256/183/68
f 1260/186/98 1253/179/98 1254/180/98 1264/187/98
f 1257/181/99 1269/188/99 1275/178/99 1258/175/99
f 1274/189/100 1256/183/100 1252/191/100 1265/190/100
f 1259/192/101 1251/194/101 1255/182/101 1270/193/101
f 1270/193/99 1255/182/99 1256/183/99 1274/189/99
f 1253/195/102 1260/196/102 1269/188/102 1257/181/102
f 1265/190/103 1268/198/103 1276/197/103 1274/189/103
f 1268/198/104 1267/200/104 1277/199/104 1276/197/104
f 1267/200/105 1266/202/105 1278/201/105 1277/199/105
f 1266/202/106 1264/177/106 1275/178/106 1278/201/106
f 1270/193/107 1273/204/107 1261/203/107 1259/192/107
f 1273/204/108 1272/206/108 1262/205/108 1261/203/108
f 1272/206/109 1271/208/109 1263/207/109 1262/205/109
f 1271/208/110 1269/188/110 1260/196/110 1263/207/110
f 1274/189/99 1276/197/99 1273/204/99 1270/193/99
f 1276/197/99 1277/199/99 1272/206/99 1273/204/99
f 1277/199/99 1278/201/99 1271/208/99 1272/206/99
f 1278/201/99 1275/178/99 1269/188/99 1271/208/99
f 1264/187/98 1266/210/98 1263/209/98 1260/186/98
f 1266/210/98 1267/212/98 1262/211/98 1263/209/98
f 1267/212/98 1268/214/98 1261/213/98 1262/211/98
f 1268/214/98 1265/216/98 1259/215/98 1261/213/98
f 1251/217/98 1259/215/98 1265/216/98 1252/218/98
f 1286/175/97 1303/178/97 1292/177/97 1282/176/97
f 1281/179/67 1285/181/67 1286/175/67 1282/180/67
f 1283/182/68 1279/185/68 1280/184/68 1284/183/68
f 1288/186/98 1281/179/98 1282/180/98 1292/187/98
f 1285/181/99 1297/188/99 1303/178/99 1286/175/99
f 1302/189/100 1284/183/100 1280/191/100 1293/190/100
f 1287/192/101 1279/194/101 1283/182/101 1298/193/101
f 1298/193/99 1283/182/99 1284/183/99 1302/189/99
f 1281/195/102 1288/196/102 1297/188/102 1285/181/102
f 1293/190/103 1296/198/103 1304/197/103 1302/189/103
f 1296/198/104 1295/200/104 1305/199/104 1304/197/104
f 1295/200/105 1294/202/105 1306/201/105 1305/199/105
f 1294/202/106 1292/177/106 1303/178/106 1306/201/106
f 1298/193/107 1301/204/107 1289/203/107 1287/192/107
f 1301/204/108 1300/206/108 1290/205/108 1289/203/108
f 1300/206/109 1299/208/109 1291/207/109 1290/205/109
f 1299/208/110 1297/188/110 1288/196/110 1291/207/110
f 1302/189/99 1304/197/99 1301/204/99 1298/193/99
f 1304/197/99 1305/199/99 1300/206/99 1301/204/99
f 1305/199/99 1306/201/99 1299/208/99 1300/206/99
f 1306/201/99 1303/178/99 1297/188/99 1299/208/99
f 1292/187/98 1294/210/98 1291/209/98 1288/186/98
f 1294/210/98 1295/212/98 1290/211/98 1291/209/98
f 1295/212/98 1296/214/98 1289/213/98 1290/211/98
f 1296/214/98 1293/216/98 1287/215/98 1289/213/98
f 1279/217/98 1287/215/98 1293/216/98 1280/218/98
f 1314/175/97 1331/178/97 1320/177/97 1310/176/97
f 1309/179/67 1313/181/67 1314/175/67 1310/180/67
f 1311/182/68 1307/185/68 1308/184/68 1312/183/68
f 1316/186/98 1309/179/98 1310/180/98 1320/187/98
f 1313/181/99 1325/188/99 1331/178/99 1314/175/99
f 1330/189/100 1312/183/100 1308/191/100 1321/190/100
f 1315/192/101 1307/194/101 1311/182/101 1326/193/101
f 1326/193/99 1311/182/99 1312/183/99 1330/189/99
f 1309/195/102 1316/196/102 1325/188/102 1313/181/102
f 1321/190/103 1324/198/103 1332/197/103 1330/189/103
f 1324/198/104 1323/200/104 1333/199/104 1332/197/104
f 1323/200/105 1322/202/105 1334/201/105 1333/199/105
f 1322/202/106 1320/177/106 1331/178/106 1334/201/106
f 1326/193/107 1329/204/107 1317/203/107 1315/192/107
f 1329/204/108 1328/206/108 1318/205/108 1317/203/108
f 1328/206/109 1327/208/109 1319/207/109 1318/205/109
f 1327/208/110 1325/188/110 1316/196/110 1319/207/110
f 1330/189/99 1332/197/99 1329/204/99 1326/193/99
f 1332/197/99 1333/199/99 1328/206/99 1329/204/99
f 1333/199/99 1334/201/99 1327/208/99 1328/206/99
f 1334/201/99 1331/178/99 1325/188/99 1327/208/99
f 1320/187/98 1322/210/98 1319/209/98 1316/186/98
f 1322/210/98 1323/212/98 1318/211/98 1319/209/98
f 1323/212/98 1324/214/98 1317/213/98 1318/211/98
f 1324/214/98 1321/216/98 1315/215/98 1317/213/98
f 1307/217/98 1315/215/98 1321/216/98 1308/218/98
f 1342/175/97 1359/178/97 1348/177/97 1338/176/97
f 1337/179/67 1341/181/67 1342/175/67 1338/180/67
f 1339/182/68 1335/185/68 1336/184/68 1340/183/68
f 1344/186/98 1337/179/98 1338/180/98 1348/187/98
f 1341/181/99 1353/188/99 1359/178/99 1342/175/99
f 1358/189/100 1340/183/100 1336/191/100 1349/190/100
f 1343/192/101 1335/194/101 1339/182/101 1354/193/101
f 1354/193/99 1339/182/99 1340/183/99 1358/189/99
f 1337/195/102 1344/196/102 1353/188/102 1341/181/102
f 1349/190/103 1352/198/103 1360/197/103 1358/189/103
f 1352/198/104 1351/200/104 1361/199/104 1360/197/104
f 1351/200/105 1350/202/105 1362/201/105 1361/199/105
f 1350/202/106 1348/177/106 1359/178/106 1362/201/106
f 1354/193/107 1357/204/107 1345/203/107 1343/192/107
f 1357/204/108 1356/206/108 1346/205/108 1345/203/108
f 1356/206/109 1355/208/109 1347/207/109 1346/205/109
f 1355/208/110 1353/188/110 1344/196/110 1347/207/110
f 1358/189/99 1360/197/99 1357/204/99 1354/193/99
f 1360/197/99 1361/199/99 1356/206/99 1357/204/99
f 1361/199/99 1362/201/99 1355/208/99 1356/206/99
f 1362/201/99 1359/178/99 1353/188/99 1355/208/99
f 1348/187/98 1350/210/98 1347/209/98 1344/186/98
f 1350/210/98 1351/212/98 1346/211/98 1347/209/98
f 1351/212/98 1352/214/98 1345/213/98 1346/211/98
f 1352/214/98 1349/216/98 1343/215/98 1345/213/98
f 1335/217/98 1343/215/98 1349/216/98 1336/218/98
f 1370/175/97 1387/178/97 1376/177/97 1366/176/97
f 1365/179/67 1369/181/67 1370/175/67 1366/180/67
f 1367/182/68 1363/185/68 1364/184/68 1368/183/68
f 1372/186/98 1365/179/98 1366/180/98 1376/187/98
f 1369/181/99 1381/188/99 1387/178/99 1370/175/99
f 1386/189/100 1368/183/100 1364/191/100 1377/190/100
f 1371/192/101 1363/194/101 1367/182/101 1382/193/101
f 1382/193/99 1367/182/99 1368/183/99 1386/189/99
f 1365/195/102 1372/196/102 1381/188/102 1369/181/102
f 1377/190/103 1380/198/103 1388/197/103 1386/189/103
f 1380/198/104 1379/200/104 1389/199/104 1388/197/104
f 1379/200/105 1378/202/105 1390/201/105 1389/199/105
f 1378/202/106 1376/177/106 1387/178/106 1390/201/106
f 1382/193/107 1385/204/107 1373/203/107 1371/192/107
f 1385/204/108 1384/206/108 1374/205/108 1373/203/108
f 1384/206/109 1383/208/109 1375/207/109 1374/205/109
f 1383/208/110 1381/188/110 1372/196/110 1375/207/110
f 1386/189/99 1388/197/99 1385/204/99 1382/193/99
f 1388/197/99 1389/199/99 1384/206/99 1385/204/99
f 1389/199/99 1390/201/99 1383/208/99 1384/206/99
f 1390/201/99 1387/178/99 1381/188/99 1383/208/99
f 1376/187/98 1378/210/98 1375/209/98 1372/186/98
f 1378/210/98 1379/212/98 1374/211/98 1375/209/98
f 1379/212/98 1380/214/98 1373/213/98 1374/211/98
f 1380/214/98 1377/216/98 1371/215/98 1373/213/98
f 1363/217/98 1371/215/98 1377/216/98 1364/218/98
f 1398/175/97 1415/178/97 1404/177/97 1394/176/97
f 1393/179/67 1397/181/67 1398/175/67 1394/180/67
f 1395/182/68 1391/185/68 1392/184/68 1396/183/68
f 1400/186/98 1393/179/98 1394/180/98 1404/187/98
f 1397/181/99 1409/188/99 1415/178/99 1398/175/99
f 1414/189/100 1396/183/100 1392/191/100 1405/190/100
f 1399/192/101 1391/194/101 1395/182/101 1410/193/101
f 1410/193/99 1395/182/99 1396/183/99 1414/189/99
f 1393/195/102 1400/196/102 1409/188/102 1397/181/102
f 1405/190/103 1408/198/103 1416/197/103 1414/189/103
f 1408/198/104 1407/200/104 1417/199/104 1416/197/104
f 1407/200/105 1406/202/105 1418/201/105 1417/199/105
f 1406/202/106 1404/177/106 1415/178/106 1418/201/106
f 1410/193/107 1413/204/107 1401/203/107 1399/192/107
f 1413/204/108 1412/206/108 1402/205/108 1401/203/108
f 1412/206/109 1411/208/109 1403/207/109 1402/205/109
f 1411/208/110 1409/188/110 1400/196/110 1403/207/110
f 1414/189/99 1416/197/99 1413/204/99 1410/193/99
f 1416/197/99 1417/199/99 1412/206/99 1413/204/99
f 1417/199/99 1418/201/99 1411/208/99 1412/206/99
f 1418/201/99 1415/178/99 1409/188/99 1411/208/99
f 1404/187/98 1406/210/98 1403/209/98 1400/186/98
f 1406/210/98 1407/212/98 1402/211/98 1403/209/98
f 1407/212/98 1408/214/98 1401/213/98 1402/211/98
f 1408/214/98 1405/216/98 1399/215/98 1401/213/98
f 1391/217/98 1399/215/98 1405/216/98 1392/218/98
f 1426/175/97 1443/178/97 1432/177/97 1422/176/97
f 1421/179/67 1425/181/67 1426/175/67 1422/180/67
f 1423/182/68 1419/185/68 1420/184/68 1424/183/68
f 1428/186/98 1421/179/98 1422/180/98 1432/187/98
f 1425/181/99 1437/188/99 1443/178/99 1426/175/99
f 1442/189/100 1424/183/100 1420/191/100 1433/190/100
f 1427/192/101 1419/194/101 1423/182/101 1438/193/101
f 1438/193/99 1423/182/99 1424/183/99 1442/189/99
f 1421/195/102 1428/196/102 1437/188/102 1425/181/102
f 1433/190/103 1436/198/103 1444/197/103 1442/189/103
f 1436/198/104 1435/200/104 1445/199/104 1444/197/104
f 1435/200/105 1434/202/105 1446/201/105 1445/199/105
f 1434/202/106 1432/177/106 1443/178/106 1446/201/106
f 1438/193/107 1441/204/107 1429/203/107 1427/192/107
f 1441/204/108 1440/206/108 1430/205/108 1429/203/108
f 1440/206/109 1439/208/109 1431/207/109 1430/205/109
f 1439/208/110 1437/188/110 1428/196/110 1431/207/110
f 1442/189/99 1444/197/99 1441/204/99 1438/193/99
f 1444/197/99 1445/199/99 1440/206/99 1441/204/99
f 1445/199/99 1446/201/99 1439/208/99 1440/206/99
f 1446/201/99 1443/178/99 1437/188/99 1439/208/99
f 1432/187/98 1434/210/98 1431/209/98 1428/186/98
f 1434/210/98 1435/212/98 1430/211/98 1431/209/98
f 1435/212/98 1436/214/98 1429/213/98 1430/211/98
f 1436/214/98 1433/216/98 1427/215/98 1429/213/98
f 1419/217/98 1427/215/98 1433/216/98 1420/218/98
f 1454/175/97 1471/178/97 1460/177/97 1450/176/97
f 1449/179/67 1453/181/67 1454/175/67 1450/180/67
f 1451/182/68 1447/185/68 1448/184/68 1452/183/68
f 1456/186/98 1449/179/98 1450/180/98 1460/187/98
f 1453/181/99 1465/188/99 1471/178/99 1454/175/99
f 1470/189/100 1452/183/100 1448/191/100 1461/190/100
f 1455/192/101 1447/194/101 1451/182/101 1466/193/101
f 1466/193/99 1451/182/99 1452/183/99 1470/189/99
f 1449/195/102 1456/196/102 1465/188/102 1453/181/102
f 1461/190/103 1464/198/103 1472/197/103 1470/189/103
f 1464/198/104 1463/200/104 1473/199/104 1472/197/104
f 1463/200/105 1462/202/105 1474/201/105 1473/199/105
f 1462/202/106 1460/177/106 1471/178/106 1474/201/106
f 1466/193/107 1469/204/107 1457/203/107 1455/192/107
f 1469/204/108 1468/206/108 1458/205/108 1457/203/108
f 1468/206/109 1467/208/109 1459/207/109 1458/205/109
f 1467/208/110 1465/188/110 1456/196/110 1459/207/110
f 1470/189/99 1472/197/99 1469/204/99 1466/193/99
f 1472/197/99 1473/199/99 1468/206/99 1469/204/99
f 1473/199/99 1474/201/99 1467/208/99 1468/206/99
f 1474/201/99 1471/178/99 1465/188/99 1467/208/99
f 1460/187/98 1462/210/98 1459/209/98 1456/186/98
f 1462/210/98 1463/212/98 1458/211/98 1459/209/98
f 1463/212/98 1464/214/98 1457/213/98 1458/211/98
f 1464/214/98 1461/216/98 1455/215/98 1457/213/98
f 1447/217/98 1455/215/98 1461/216/98 1448/218/98
f 1482/175/97 1499/178/97 1488/177/97 1478/176/97
f 1477/179/67 1481/181/67 1482/175/67 1478/180/67
f 1479/182/68 1475/185/68 1476/184/68 1480/183/68
f 1484/186/98 1477/179/98 1478/180/98 1488/187/98
f 1481/181/99 1493/188/99 1499/178/99 1482/175/99
f 1498/189/100 1480/183/100 1476/191/100 1489/190/100
f 1483/192/101 1475/194/101 1479/182/101 1494/193/101
f 1494/193/99 1479/182/99 1480/183/99 1498/189/99
f 1477/195/102 1484/196/102 1493/188/102 1481/181/102
f 1489/190/103 1492/198/103 1500/197/103 1498/189/103
f 1492/198/104 1491/200/104 1501/199/104 1500/197/104
f 1491/200/105 1490/202/105 1502/201/105 1501/199/105
f 1490/202/106 1488/177/106 1499/178/106 1502/201/106
f 1494/193/107 1497/204/107 1485/203/107 1483/192/107
f 1497/204/108 1496/206/108 1486/205/108 1485/203/108
f 1496/206/109 1495/208/109 1487/207/109 1486/205/109
f 1495/208/110 1493/188/110 1484/196/110 1487/207/110
f 1498/189/99 1500/197/99 1497/204/99 1494/193/99
f 1500/197/99 1501/199/99 1496/206/99 1497/204/99
f 1501/199/99 1502/201/99 1495/208/99 1496/206/99
f 1502/201/99 1499/178/99 1493/188/99 1495/208/99
f 1488/187/98 1490/210/98 1487/209/98 1484/186/98
f 1490/210/98 1491/212/98 1486/211/98 1487/209/98
f 1491/212/98 1492/214/98 1485/213/98 1486/211/98
f 1492/214/98 1489/216/98 1483/215/98 1485/213/98
f 1475/217/98 1483/215/98 1489/216/98 1476/218/98
f 1510/175/111 1527/178/111 1516/177/111 1506/176/111
f 1505/179/67 1509/181/67 1510/175/67 1506/180/67
f 1507/182/68 1503/185/68 1504/184/68 1508/183/68
f 1512/186/112 1505/179/112 1506/180/112 1516/187/112
f 1509/181/99 1521/188/99 1527/178/99 1510/175/99
f 1526/189/113 1508/183/113 1504/191/113 1517/190/113
f 1511/192/114 1503/194/114 1507/182/114 1522/193/114
f 1522/193/99 1507/182/99 1508/183/99 1526/189/99
f 1505/195/115 1512/196/115 1521/188/115 1509/181/115
f 1517/190/116 1520/198/116 1528/197/116 1526/189/116
f 1520/198/117 1519/200/117 1529/199/117 1528/197/117
f 1519/200/118 1518/202/118 1530/201/118 1529/199/118
f 1518/202/119 1516/177/119 1527/178/119 1530/201/119
f 1522/193/120 1525/204/120 1513/203/120 1511/192/120
f 1525/204/121 1524/206/121 1514/205/121 1513/203/121
f 1524/206/122 1523/208/122 1515/207/122 1514/205/122
f 1523/208/123 1521/188/123 1512/196/123 1515/207/123
f 1526/189/99 1528/197/99 1525/204/99 1522/193/99
f 1528/197/99 1529/199/99 1524/206/99 1525/204/99
f 1529/199/99 1530/201/99 1523/208/99 1524/206/99
f 1530/201/99 1527/178/99 1521/188/99 1523/208/99
f 1516/187/112 1518/210/112 1515/209/112 1512/186/112
f 1518/210/112 1519/212/112 1514/211/112 1515/209/112
f 1519/212/112 1520/214/112 1513/213/112 1514/211/112
f 1520/214/112 1517/216/112 1511/215/112 1513/213/112
f 1503/217/112 1511/215/112 1517/216/112 1504/218/112
f 1538/175/111 1555/178/111 1544/177/111 1534/176/111
f 1533/179/67 1537/181/67 1538/175/67 1534/180/67
f 1535/182/68 1531/185/68 1532/184/68 1536/183/68
f 1540/186/112 1533/179/112 1534/180/112 1544/187/112
f 1537/181/99 1549/188/99 1555/178/99 1538/175/99
f 1554/189/113 1536/183/113 1532/191/113 1545/190/113
f 1539/192/114 1531/194/114 1535/182/114 1550/193/114
f 1550/193/99 1535/182/99 1536/183/99 1554/189/99
f 1533/195/115 1540/196/115 1549/188/115 1537/181/115
f 1545/190/116 1548/198/116 1556/197/116 1554/189/116
f 1548/198/117 1547/200/117 1557/199/117 1556/197/117
f 1547/200/118 1546/202/118 1558/201/118 1557/199/118
f 1546/202/119 1544/177/119 1555/178/119 1558/201/119
f 1550/193/120 1553/204/120 1541/203/120 1539/192/120
f 1553/204/121 1552/206/121 1542/205/121 1541/203/121
f 1552/206/122 1551/208/122 1543/207/122 1542/205/122
f 1551/208/123 1549/188/123 1540/196/123 1543/207/123
f 1554/189/99 1556/197/99 1553/204/99 1550/193/99
f 1556/197/99 1557/199/99 1552/206/99 1553/204/99
f 1557/199/99 1558/201/99 1551/208/99 1552/206/99
f 1558/201/99 1555/178/99 1549/188/99 1551/208/99
f 1544/187/112 1546/210/112 1543/209/112 1540/186/112
f 1546/210/112 1547/212/112 1542/211/112 1543/209/112
f 1547/212/112 1548/214/112 1541/213/112 1542/211/112
f 1548/214/112 1545/216/112 1539/215/112 1541/213/112
f 1531/217/112 1539/215/112 1545/216/112 1532/218/112
f 1566/175/111 1583/178/111 1572/177/111 1562/176/111
f 1561/179/67 1565/181/67 1566/175/67 1562/180/67
f 1563/182/68 1559/185/68 1560/184/68 1564/183/68
f 1568/186/112 1561/179/112 1562/180/112 1572/187/112
f 1565/181/99 1577/188/99 1583/178/99 1566/175/99
f 1582/189/113 1564/183/113 1560/191/113 1573/190/113
f 1567/192/114 1559/194/114 1563/182/114 1578/193/114
f 1578/193/99 1563/182/99 1564/183/99 1582/189/99
f 1561/195/115 1568/196/115 1577/188/115 1565/181/115
f 1573/190/116 1576/198/116 1584/197/116 1582/189/116
f 1576/198/117 1575/200/117 1585/199/117 1584/197/117
f 1575/200/118 1574/202/118 1586/201/118 1585/199/118
f 1574/202/119 1572/177/119 1583/178/119 1586/201/119
f 1578/193/120 1581/204/120 1569/203/120 1567/192/120
f 1581/204/121 1580/206/121 1570/205/121 1569/203/121
f 1580/206/122 1579/208/122 1571/207/122 1570/205/122
f 1579/208/123 1577/188/123 1568/196/123 1571/207/123
f 1582/189/99 1584/197/99 1581/204/99 1578/193/99
f 1584/197/99 1585/199/99 1580/206/99 1581/204/99
f 1585/199/99 1586/201/99 1579/208/99 1580/206/99
f 1586/201/99 1583/178/99 1577/188/99 1579/208/99
f 1572/187/112 1574/210/112 1571/209/112 1568/186/112
f 1574/210/112 1575/212/112 1570/211/112 1571/209/112
f 1575/212/112 1576/214/112 1569/213/112 1570/211/112
f 1576/214/112 1573/216/112 1567/215/112 1569/213/112
f 1559/217/112 1567/215/112 1573/216/112 1560/218/112
f 1594/175/111 1611/178/111 1600/177/111 1590/176/111
f 1589/179/67 1593/181/67 1594/175/67 1590/180/67
f 1591/182/68 1587/185/68 1588/184/68 1592/183/68
f 1596/186/112 1589/179/112 1590/180/112 1600/187/112
f 1593/181/99 1605/188/99 1611/178/99 1594/175/99
f 1610/189/113 1592/183/113 1588/191/113 1601/190/113
f 1595/192/114 1587/194/114 1591/182/114 1606/193/114
f 1606/193/99 1591/182/99 1592/183/99 1610/189/99
f 1589/195/115 1596/196/115 1605/188/115 1593/181/115
f 1601/190/116 1604/198/116 1612/197/116 1610/189/116
f 1604/198/117 1603/200/117 1613/199/117 1612/197/117
f 1603/200/118 1602/202/118 1614/201/118 1613/199/118
f 1602/202/119 1600/177/119 1611/178/119 1614/201/119
f 1606/193/120 1609/204/120 1597/203/120 1595/192/120
f 1609/204/121 1608/206/121 1598/205/121 1597/203/121
f 1608/206/122 1607/208/122 1599/207/122 1598/205/122
f 1607/208/123 1605/188/123 1596/196/123 1599/207/123
f 1610/189/99 1612/197/99 1609/204/99 1606/193/99
f 1612/197/99 1613/199/99 1608/206/99 1609/204/99
f 1613/199/99 1614/201/99 1607/208/99 1608/206/99
f 1614/201/99 1611/178/99 1605/188/99 1607/208/99
f 1600/187/112 1602/210/112 1599/209/112 1596/186/112
f 1602/210/112 1603/212/112 1598/211/112 1599/209/112
f 1603/212/112 1604/214/112 1597/213/112 1598/211/112
f 1604/214/112 1601/216/112 1595/215/112 1597/213/112
f 1587/217/112 1595/215/112 1601/216/112 1588/218/112
f 1622/175/111 1639/178/111 1628/177/111 1618/176/111
f 1617/179/67 1621/181/67 1622/175/67 1618/180/67
f 1619/182/68 1615/185/68 1616/184/68 1620/183/68
f 1624/186/112 1617/179/112 1618/180/112 1628/187/112
f 1621/181/99 1633/188/99 1639/178/99 1622/175/99
f 1638/189/113 1620/183/113 1616/191/113 1629/190/113
f 1623/192/114 1615/194/114 1619/182/114 1634/193/114
f 1634/193/99 1619/182/99 1620/183/99 1638/189/99
f 1617/195/115 1624/196/115 1633/188/115 1621/181/115
f 1629/190/116 1632/198/116 1640/197/116 1638/189/116
f 1632/198/117 1631/200/117 1641/199/117 1640/197/117
f 1631/200/118 1630/202/118 1642/201/118 1641/199/118
f 1630/202/119 1628/177/119 1639/178/119 1642/201/119
f 1634/193/120 1637/204/120 1625/203/120 1623/192/120
f 1637/204/121 1636/206/121 1626/205/121 1625/203/121
f 1636/206/122 1635/208/122 1627/207/122 1626/205/122
f 1635/208/123 1633/188/123 1624/196/123 1627/207/123
f 1638/189/99 1640/197/99 1637/204/99 1634/193/99
f 1640/197/99 1641/199/99 1636/206/99 1637/204/99
f 1641/199/99 1642/201/99 1635/208/99 1636/206/99
f 1642/201/99 1639/178/99 1633/188/99 1635/208/99
f 1628/187/112 1630/210/112 1627/209/112 1624/186/112
f 1630/210/112 1631/212/112 1626/211/112 1627/209/112
f 1631/212/112 1632/214/112 1625/213/112 1626/211/112
f 1632/214/112 1629/216/112 1623/215/112 1625/213/112
f 1615/217/112 1623/215/112 1629/216/112 1616/218/112
f 1650/175/111 1667/178/111 1656/177/111 1646/176/111
f 1645/179/67 1649/181/67 1650/175/67 1646/180/67
f 1647/182/68 1643/185/68 1644/184/68 1648/183/68
f 1652/186/112 1645/179/112 1646/180/112 1656/187/112
f 1649/181/99 1661/188/99 1667/178/99 1650/175/99
f 1666/189/113 1648/183/113 1644/191/113 1657/190/113
f 1651/192/114 1643/194/114 1647/182/114 1662/193/114
f 1662/193/99 1647/182/99 1648/183/99 1666/189/99
f 1645/195/115 1652/196/115 1661/188/115 1649/181/115
f 1657/190/116 1660/198/116 1668/197/116 1666/189/116
f 1660/198/117 1659/200/117 1669/199/117 1668/197/117
f 1659/200/118 1658/202/118 1670/201/118 1669/199/118
f 1658/202/119 1656/177/119 1667/178/119 1670/201/119
f 1662/193/120 1665/204/120 1653/203/120 1651/192/120
f 1665/204/121 1664/206/121 1654/205/121 1653/203/121
f 1664/206/122 1663/208/122 1655/207/122 1654/205/122
f 1663/208/123 1661/188/123 1652/196/123 1655/207/123
f 1666/189/99 1668/197/99 1665/204/99 1662/193/99
f 1668/197/99 1669/199/99 1664/206/99 1665/204/99
f 1669/199/99 1670/201/99 1663/208/99 1664/206/99
f 1670/201/99 1667/178/99 1661/188/99 1663/208/99
f 1656/187/112 1658/210/112 1655/209/112 1652/186/112
f 1658/210/112 1659/212/112 1654/211/112 1655/209/112
f 1659/212/112 1660/214/112 1653/213/112 1654/211/112
f 1660/214/112 1657/216/112 1651/215/112 1653/213/112
f 1643/217/112 1651/215/112 1657/216/112 1644/218/112
f 1678/175/111 1695/178/111 1684/177/111 1674/176/111
f 1673/179/67 1677/181/67 1678/175/67 1674/180/67
f 1675/182/68 1671/185/68 1672/184/68 1676/183/68
f 1680/186/112 1673/179/112 1674/180/112 1684/187/112
f 1677/181/99 1689/188/99 1695/178/99 1678/175/99
f 1694/189/113 1676/183/113 1672/191/113 1685/190/113
f 1679/192/114 1671/194/114 1675/182/114 1690/193/114
f 1690/193/99 1675/182/99 1676/183/99 1694/189/99
f 1673/195/115 1680/196/115 1689/188/115 1677/181/115
f 1685/190/116 1688/198/116 1696/197/116 1694/189/116
f 1688/198/117 1687/200/117 1697/199/117 1696/197/117
f 1687/200/118 1686/202/118 1698/201/118 1697/199/118
f 1686/202/119 1684/177/119 1695/178/119 1698/201/119
f 1690/193/120 1693/204/120 1681/203/120 1679/192/120
f 1693/204/121 1692/206/121 1682/205/121 1681/203/121
f 1692/206/122 1691/208/122 1683/207/122 1682/205/122
f 1691/208/123 1689/188/123 1680/196/123 1683/207/123
f 1694/189/99 1696/197/99 1693/204/99 1690/193/99
f 1696/197/99 1697/199/99 1692/206/99 1693/204/99
f 1697/199/99 1698/201/99 1691/208/99 1692/206/99
f 1698/201/99 1695/178/99 1689/188/99 1691/208/99
f 1684/187/112 1686/210/112 1683/209/112 1680/186/112
f 1686/210/112 1687/212/112 1682/211/112 1683/209/112
f 1687/212/112 1688/214/112 1681/213/112 1682/211/112
f 1688/214/112 1685/216/112 1679/215/112 1681/213/112
f 1671/217/112 1679/215/112 1685/216/112 1672/218/112
f 1706/175/111 1723/178/111 1712/177/111 1702/176/111
f 1701/179/67 1705/181/67 1706/175/67 1702/180/67
f 1703/182/68 1699/185/68 1700/184/68 1704/183/68
f 1708/186/112 1701/179/112 1702/180/112 1712/187/112
f 1705/181/99 1717/188/99 1723/178/99 1706/175/99
f 1722/189/113 1704/183/113 1700/191/113 1713/190/113
f 1707/192/114 1699/194/114 1703/182/114 1718/193/114
f 1718/193/99 1703/182/99 1704/183/99 1722/189/99
f 1701/195/115 1708/196/115 1717/188/115 1705/181/115
f 1713/190/116 1716/198/116 1724/197/116 1722/189/116
f 1716/198/117 1715/200/117 1725/199/117 1724/197/117
f 1715/200/118 1714/202/118 1726/201/118 1725/199/118
f 1714/202/119 1712/177/119 1723/178/119 1726/201/119
f 1718/193/120 1721/204/120 1709/203/120 1707/192/120
f 1721/204/121 1720/206/121 1710/205/121 1709/203/121
f 1720/206/122 1719/208/122 1711/207/122 1710/205/122
f 1719/208/123 1717/188/123 1708/196/123 1711/207/123
f 1722/189/99 1724/197/99 1721/204/99 1718/193/99
f 1724/197/99 1725/199/99 1720/206/99 1721/204/99
f 1725/199/99 1726/201/99 1719/208/99 1720/206/99
f 1726/201/99 1723/178/99 1717/188/99 1719/208/99
f 1712/187/112 1714/210/112 1711/209/112 1708/186/112
f 1714/210/112 1715/212/112 1710/211/112 1711/209/112
f 1715/212/112 1716/214/112 1709/213/112 1710/211/112
f 1716/214/112 1713/216/112 1707/215/112 1709/213/112
f 1699/217/112 1707/215/112 1713/216/112 1700/218/112
f 1734/175/111 1751/178/111 1740/177/111 1730/176/111
f 1729/179/67 1733/181/67 1734/175/67 1730/180/67
f 1731/182/68 1727/185/68 1728/184/68 1732/183/68
f 1736/186/112 1729/179/112 1730/180/112 1740/187/112
f 1733/181/99 1745/188/99 1751/178/99 1734/175/99
f 1750/189/113 1732/183/113 1728/191/113 1741/190/113
f 1735/192/114 1727/194/114 1731/182/114 1746/193/114
f 1746/193/99 1731/182/99 1732/183/99 1750/189/99
f 1729/195/115 1736/196/115 1745/188/115 1733/181/115
f 1741/190/116 1744/198/116 1752/197/116 1750/189/116
f 1744/198/117 1743/200/117 1753/199/117 1752/197/117
f 1743/200/118 1742/202/118 1754/201/118 1753/199/118
f 1742/202/119 1740/177/119 1751/178/119 1754/201/119
f 1746/193/120 1749/204/120 1737/203/120 1735/192/120
f 1749/204/121 1748/206/121 1738/205/121 1737/203/121
f 1748/206/122 1747/208/122 1739/207/122 1738/205/122
f 1747/208/123 1745/188/123 1736/196/123 1739/207/123
f 1750/189/99 1752/197/99 1749/204/99 1746/193/99
f 1752/197/99 1753/199/99 1748/206/99 1749/204/99
f 1753/199/99 1754/201/99 1747/208/99 1748/206/99
f 1754/201/99 1751/178/99 1745/188/99 1747/208/99
f 1740/187/112 1742/210/112 1739/209/112 1736/186/112
f 1742/210/112 1743/212/112 1738/211/112 1739/209/112
f 1743/212/112 1744/214/112 1737/213/112 1738/211/112
f 1744/214/112 1741/216/112 1735/215/112 1737/213/112
f 1727/217/112 1735/215/112 1741/216/112 1728/218/112
f 1762/175/111 1779/178/111 1768/177/111 1758/176/111
f 1757/179/67 1761/181/67 1762/175/67 1758/180/67
f 1759/182/68 1755/185/68 1756/184/68 1760/183/68
f 1764/186/112 1757/179/112 1758/180/112 1768/187/112
f 1761/181/99 1773/188/99 1779/178/99 1762/175/99
f 1778/189/113 1760/183/113 1756/191/113 1769/190/113
f 1763/192/114 1755/194/114 1759/182/114 1774/193/114
f 1774/193/99 1759/182/99 1760/183/99 1778/189/99
f 1757/195/115 1764/196/115 1773/188/115 1761/181/115
f 1769/190/116 1772/198/116 1780/197/116 1778/189/116
f 1772/198/117 1771/200/117 1781/199/117 1780/197/117
f 1771/200/118 1770/202/118 1782/201/118 1781/199/118
f 1770/202/119 1768/177/119 1779/178/119 1782/201/119
f 1774/193/120 1777/204/120 1765/203/120 1763/192/120
f 1777/204/121 1776/206/121 1766/205/121 1765/203/121
f 1776/206/122 1775/208/122 1767/207/122 1766/205/122
f 1775/208/123 1773/188/123 1764/196/123 1767/207/123
f 1778/189/99 1780/197/99 1777/204/99 1774/193/99
f 1780/197/99 1781/199/99 1776/206/99 1777/204/99
f 1781/199/99 1782/201/99 1775/208/99 1776/206/99
f 1782/201/99 1779/178/99 1773/188/99 1775/208/99
f 1768/187/112 1770/210/112 1767/209/112 1764/186/112
f 1770/210/112 1771/212/112 1766/211/112 1767/209/112
f 1771/212/112 1772/214/112 1765/213/112 1766/211/112
f 1772/214/112 1769/216/112 1763/215/112 1765/213/112
f 1755/217/112 1763/215/112 1769/216/112 1756/218/112
f 1790/175/111 1807/178/111 1796/177/111 1786/176/111
f 1785/179/67 1789/181/67 1790/175/67 1786/180/67
f 1787/182/68 1783/185/68 1784/184/68 1788/183/68
f 1792/186/112 1785/179/112 1786/180/112 1796/187/112
f 1789/181/99 1801/188/99 1807/178/99 1790/175/99
f 1806/189/113 1788/183/113 1784/191/113 1797/190/113
f 1791/192/114 1783/194/114 1787/182/114 1802/193/114
f 1802/193/99 1787/182/99 1788/183/99 1806/189/99
f 1785/195/115 1792/196/115 1801/188/115 1789/181/115
f 1797/190/116 1800/198/116 1808/197/116 1806/189/116
f 1800/198/117 1799/200/117 1809/199/117 1808/197/117
f 1799/200/118 1798/202/118 1810/201/118 1809/199/118
f 1798/202/119 1796/177/119 1807/178/119 1810/201/119
f 1802/193/120 1805/204/120 1793/203/120 1791/192/120
f 1805/204/121 1804/206/121 1794/205/121 1793/203/121
f 1804/206/122 1803/208/122 1795/207/122 1794/205/122
f 1803/208/123 1801/188/123 1792/196/123 1795/207/123
f 1806/189/99 1808/197/99 1805/204/99 1802/193/99
f 1808/197/99 1809/199/99 1804/206/99 1805/204/99
f 1809/199/99 1810/201/99 1803/208/99 1804/206/99
f 1810/201/99 1807/178/99 1801/188/99 1803/208/99
f 1796/187/112 1798/210/112 1795/209/112 1792/186/112
f 1798/210/112 1799/212/112 1794/211/112 1795/209/112
f 1799/212/112 1800/214/112 1793/213/112 1794/211/112
f 1800/214/112 1797/216/112 1791/215/112 1793/213/112
f 1783/217/112 1791/215/112 1797/216/112 1784/218/112
f 1818/175/111 1835/178/111 1824/177/111 1814/176/111
f 1813/179/67 1817/181/67 1818/175/67 1814/180/67
f 1815/182/68 1811/185/68 1812/184/68 1816/183/68
f 1820/186/112 1813/179/112 1814/180/112 1824/187/112
f 1817/181/99 1829/188/99 1835/178/99 1818/175/99
f 1834/189/113 1816/183/113 1812/191/113 1825/190/113
f 1819/192/114 1811/194/114 1815/182/114 1830/193/114
f 1830/193/99 1815/182/99 1816/183/99 1834/189/99
f 1813/195/115 1820/196/115 1829/188/115 1817/181/115
f 1825/190/116 1828/198/116 1836/197/116 1834/189/116
f 1828/198/117 1827/200/117 1837/199/117 1836/197/117
f 1827/200/118 1826/202/118 1838/201/118 1837/199/118
f 1826/202/119 1824/177/119 1835/178/119 1838/201/119
f 1830/193/120 1833/204/120 1821/203/120 1819/192/120
f 1833/204/121 1832/206/121 1822/205/121 1821/203/121
f 1832/206/122 1831/208/122 1823/207/122 1822/205/122
f 1831/208/123 1829/188/123 1820/196/123 1823/207/123
f 1834/189/99 1836/197/99 1833/204/99 1830/193/99
f 1836/197/99 1837/199/99 1832/206/99 1833/204/99
f 1837/199/99 1838/201/99 1831/208/99 1832/206/99
f 1838/201/99 1835/178/99 1829/188/99 1831/208/99
f 1824/187/112 1826/210/112 1823/209/112 1820/186/112
f 1826/210/112 1827/212/112 1822/211/112 1823/209/112
f 1827/212/112 1828/214/112 1821/213/112 1822/211/112
f 1828/214/112 1825/216/112 1819/215/112 1821/213/112
f 1811/217/112 1819/215/112 1825/216/112 1812/218/112
f 1846/175/111 1863/178/111 1852/177/111 1842/176/111
f 1841/179/67 1845/181/67 1846/175/67 1842/180/67
f 1843/182/68 1839/185/68 1840/184/68 1844/183/68
f 1848/186/112 1841/179/112 1842/180/112 1852/187/112
f 1845/181/99 1857/188/99 1863/178/99 1846/175/99
f 1862/189/113 1844/183/113 1840/191/113 1853/190/113
f 1847/192/114 1839/194/114 1843/182/114 1858/193/114
f 1858/193/99 1843/182/99 1844/183/99 1862/189/99
f 1841/195/115 1848/196/115 1857/188/115 1845/181/115
f 1853/190/116 1856/198/116 1864/197/116 1862/189/116
f 1856/198/117 1855/200/117 1865/199/117 1864/197/117
f 1855/200/118 1854/202/118 1866/201/118 1865/199/118
f 1854/202/119 1852/177/119 1863/178/119 1866/201/119
f 1858/193/120 1861/204/120 1849/203/120 1847/192/120
f 1861/204/121 1860/206/121 1850/205/121 1849/203/121
f 1860/206/122 1859/208/122 1851/207/122 1850/205/122
f 1859/208/123 1857/188/123 1848/196/123 1851/207/123
f 1862/189/99 1864/197/99 1861/204/99 1858/193/99
f 1864/197/99 1865/199/99 1860/206/99 1861/204/99
f 1865/199/99 1866/201/99 1859/208/99 1860/206/99
f 1866/201/99 1863/178/99 1857/188/99 1859/208/99
f 1852/187/112 1854/210/112 1851/209/112 1848/186/112
f 1854/210/112 1855/212/112 1850/211/112 1851/209/112
f 1855/212/112 1856/214/112 1849/213/112 1850/211/112
f 1856/214/112 1853/216/112 1847/215/112 1849/213/112
f 1839/217/112 1847/215/112 1853/216/112 1840/218/112
f 1874/175/111 1891/178/111 1880/177/111 1870/176/111
f 1869/179/67 1873/181/67 1874/175/67 1870/180/67
f 1871/182/68 1867/185/68 1868/184/68 1872/183/68
f 1876/186/112 1869/179/112 1870/180/112 1880/187/112
f 1873/181/99 1885/188/99 1891/178/99 1874/175/99
f 1890/189/113 1872/183/113 1868/191/113 1881/190/113
f 1875/192/114 1867/194/114 1871/182/114 1886/193/114
f 1886/193/99 1871/182/99 1872/183/99 1890/189/99
f 1869/195/115 1876/196/115 1885/188/115 1873/181/115
f 1881/190/116 1884/198/116 1892/197/116 1890/189/116
f 1884/198/117 1883/200/117 1893/199/117 1892/197/117
f 1883/200/118 1882/202/118 1894/201/118 1893/199/118
f 1882/202/119 1880/177/119 1891/178/119 1894/201/119
f 1886/193/120 1889/204/120 1877/203/120 1875/192/120
f 1889/204/121 1888/206/121 1878/205/121 1877/203/121
f 1888/206/122 1887/208/122 1879/207/122 1878/205/122
f 1887/208/123 1885/188/123 1876/196/123 1879/207/123
f 1890/189/99 1892/197/99 1889/204/99 1886/193/99
f 1892/197/99 1893/199/99 1888/206/99 1889/204/99
f 1893/199/99 1894/201/99 1887/208/99 1888/206/99
f 1894/201/99 1891/178/99 1885/188/99 1887/208/99
f 1880/187/112 1882/210/112 1879/209/112 1876/186/112
f 1882/210/112 1883/212/112 1878/211/112 1879/209/112
f 1883/212/112 1884/214/112 1877/213/112 1878/211/112
f 1884/214/112 1881/216/112 1875/215/112 1877/213/112
f 1867/217/112 1875/215/112 1881/216/112 1868/218/112
f 1902/175/111 1919/178/111 1908/177/111 1898/176/111
f 1897/179/67 1901/181/67 1902/175/67 1898/180/67
f 1899/182/68 1895/185/68 1896/184/68 1900/183/68
f 1904/186/112 1897/179/112 1898/180/112 1908/187/112
f 1901/181/99 1913/188/99 1919/178/99 1902/175/99
f 1918/189/113 1900/183/113 1896/191/113 1909/190/113
f 1903/192/114 1895/194/114 1899/182/114 1914/193/114
f 1914/193/99 1899/182/99 1900/183/99 1918/189/99
f 1897/195/115 1904/196/115 1913/188/115 1901/181/115
f 1909/190/116 1912/198/116 1920/197/116 1918/189/116
f 1912/198/117 1911/200/117 1921/199/117 1920/197/117
f 1911/200/118 1910/202/118 1922/201/118 1921/199/118
f 1910/202/119 1908/177/119 1919/178/119 1922/201/119
f 1914/193/120 1917/204/120 1905/203/120 1903/192/120
f 1917/204/121 1916/206/121 1906/205/121 1905/203/121
f 1916/206/122 1915/208/122 1907/207/122 1906/205/122
f 1915/208/123 1913/188/123 1904/196/123 1907/207/123
f 1918/189/99 1920/197/99 1917/204/99 1914/193/99
f 1920/197/99 1921/199/99 1916/206/99 1917/204/99
f 1921/199/99 1922/201/99 1915/208/99 1916/206/99
f 1922/201/99 1919/178/99 1913/188/99 1915/208/99
f 1908/187/112 1910/210/112 1907/209/112 1904/186/112
f 1910/210/112 1911/212/112 1906/211/112 1907/209/112
f 1911/212/112 1912/214/112 1905/213/112 1906/211/112
f 1912/214/112 1909/216/112 1903/215/112 1905/213/112
f 1895/217/112 1903/215/112 1909/216/112 1896/218/112
f 1930/175/111 1947/178/111 1936/177/111 1926/176/111
f 1925/179/67 1929/181/67 1930/175/67 1926/180/67
f 1927/182/68 1923/185/68 1924/184/68 1928/183/68
f 1932/186/112 1925/179/112 1926/180/112 1936/187/112
f 1929/181/99 1941/188/99 1947/178/99 1930/175/99
f 1946/189/113 1928/183/113 1924/191/113 1937/190/113
f 1931/192/114 1923/194/114 1927/182/114 1942/193/114
f 1942/193/99 1927/182/99 1928/183/99 1946/189/99
f 1925/195/115 1932/196/115 1941/188/115 1929/181/115
f 1937/190/116 1940/198/116 1948/197/116 1946/189/116
f 1940/198/117 1939/200/117 1949/199/117 1948/197/117
f 1939/200/118 1938/202/118 1950/201/118 1949/199/118
f 1938/202/119 1936/177/119 1947/178/119 1950/201/119
f 1942/193/120 1945/204/120 1933/203/120 1931/192/120
f 1945/204/121 1944/206/121 1934/205/121 1933/203/121
f 1944/206/122 1943/208/122 1935/207/122 1934/205/122
f 1943/208/123 1941/188/123 1932/196/123 1935/207/123
f 1946/189/99 1948/197/99 1945/204/99 1942/193/99
f 1948/197/99 1949/199/99 1944/206/99 1945/204/99
f 1949/199/99 1950/201/99 1943/208/99 1944/206/99
f 1950/201/99 1947/178/99 1941/188/99 1943/208/99
f 1936/187/112 1938/210/112 1935/209/112 1932/186/112
f 1938/210/112 1939/212/112 1934/211/112 1935/209/112
f 1939/212/112 1940/214/112 1933/213/112 1934/211/112
f 1940/214/112 1937/216/112 1931/215/112 1933/213/112
f 1923/217/112 1931/215/112 1937/216/112 1924/218/112
f 1958/175/111 1975/178/111 1964/177/111 1954/176/111
f 1953/179/67 1957/181/67 1958/175/67 1954/180/67
f 1955/182/68 1951/185/68 1952/184/68 1956/183/68
f 1960/186/112 1953/179/112 1954/180/112 1964/187/112
f 1957/181/99 1969/188/99 1975/178/99 1958/175/99
f 1974/189/113 1956/183/113 1952/191/113 1965/190/113
f 1959/192/114 1951/194/114 1955/182/114 1970/193/114
f 1970/193/99 1955/182/99 1956/183/99 1974/189/99
f 1953/195/115 1960/196/115 1969/188/115 1957/181/115
f 1965/190/116 1968/198/116 1976/197/116 1974/189/116
f 1968/198/117 1967/200/117 1977/199/117 1976/197/117
f 1967/200/118 1966/202/118 1978/201/118 1977/199/118
f 1966/202/119 1964/177/119 1975/178/119 1978/201/119
f 1970/193/120 1973/204/120 1961/203/120 1959/192/120
f 1973/204/121 1972/206/121 1962/205/121 1961/203/121
f 1972/206/122 1971/208/122 1963/207/122 1962/205/122
f 1971/208/123 1969/188/123 1960/196/123 1963/207/123
f 1974/189/99 1976/197/99 1973/204/99 1970/193/99
f 1976/197/99 1977/199/99 1972/206/99 1973/204/99
f 1977/199/99 1978/201/99 1971/208/99 1972/206/99
f 1978/201/99 1975/178/99 1969/188/99 1971/208/99
f 1964/187/112 1966/210/112 1963/209/112 1960/186/112
f 1966/210/112 1967/212/112 1962/211/112 1963/209/112
f 1967/212/112 1968/214/112 1961/213/112 1962/211/112
f 1968/214/112 1965/216/112 1959/215/112 1961/213/112
f 1951/217/112 1959/215/112 1965/216/112 1952/218/112
f 1986/175/111 2003/178/111 1992/177/111 1982/176/111
f 1981/179/67 1985/181/67 1986/175/67 1982/180/67
f 1983/182/68 1979/185/68 1980/184/68 1984/183/68
f 1988/186/112 1981/179/112 1982/180/112 1992/187/112
f 1985/181/99 1997/188/99 2003/178/99 1986/175/99
f 2002/189/113 1984/183/113 1980/191/113 1993/190/113
f 1987/192/114 1979/194/114 1983/182/114 1998/193/114
f 1998/193/99 1983/182/99 1984/183/99 2002/189/99
f 1981/195/115 1988/196/115 1997/188/115 1985/181/115
f 1993/190/116 1996/198/116 2004/197/116 2002/189/116
f 1996/198/117 1995/200/117 2005/199/117 2004/197/117
f 1995/200/118 1994/202/118 2006/201/118 2005/199/118
f 1994/202/119 1992/177/119 2003/178/119 2006/201/119
f 1998/193/120 2001/204/120 1989/203/120 1987/192/120
f 2001/204/121 2000/206/121 1990/205/121 1989/203/121
f 2000/206/122 1999/208/122 1991/207/122 1990/205/122
f 1999/208/123 1997/188/123 1988/196/123 1991/207/123
f 2002/189/99 2004/197/99 2001/204/99 1998/193/99
f 2004/197/99 2005/199/99 2000/206/99 2001/204/99
f 2005/199/99 2006/201/99 1999/208/99 2000/206/99
f 2006/201/99 2003/178/99 1997/188/99 1999/208/99
f 1992/187/112 1994/210/112 1991/209/112 1988/186/112
f 1994/210/112 1995/212/112 1990/211/112 1991/209/112
f 1995/212/112 1996/214/112 1989/213/112 1990/211/112
f 1996/214/112 1993/216/112 1987/215/112 1989/213/112
f 1979/217/112 1987/215/112 1993/216/112 1980/218/112
f 2014/175/111 2031/178/111 2020/177/111 2010/176/111
f 2009/179/67 2013/181/67 2014/175/67 2010/180/67
f 2011/182/68 2007/185/68 2008/184/68 2012/183/68
f 2016/186/112 2009/179/112 2010/180/112 2020/187/112
f 2013/181/99 2025/188/99 2031/178/99 2014/175/99
f 2030/189/113 2012/183/113 2008/191/113 2021/190/113
f 2015/192/114 2007/194/114 2011/182/114 2026/193/114
f 2026/193/99 2011/182/99 2012/183/99 2030/189/99
f 2009/195/115 2016/196/115 2025/188/115 2013/181/115
f 2021/190/116 2024/198/116 2032/197/116 2030/189/116
f 2024/198/117 2023/200/117 2033/199/117 2032/197/117
f 2023/200/118 2022/202/118 2034/201/118 2033/199/118
f 2022/202/119 2020/177/119 2031/178/119 2034/201/119
f 2026/193/120 2029/204/120 2017/203/120 2015/192/120
f 2029/204/121 2028/206/121 2018/205/121 2017/203/121
f 2028/206/122 2027/208/122 2019/207/122 2018/205/122
f 2027/208/123 2025/188/123 2016/196/123 2019/207/123
f 2030/189/99 2032/197/99 2029/204/99 2026/193/99
f 2032/197/99 2033/199/99 2028/206/99 2029/204/99
f 2033/199/99 2034/201/99 2027/208/99 2028/206/99
f 2034/201/99 2031/178/99 2025/188/99 2027/208/99
f 2020/187/112 2022/210/112 2019/209/112 2016/186/112
f 2022/210/112 2023/212/112 2018/211/112 2019/209/112
f 2023/212/112 2024/214/112 2017/213/112 2018/211/112
f 2024/214/112 2021/216/112 2015/215/112 2017/213/112
f 2007/217/112 2015/215/112 2021/216/112 2008/218/112
f 2042/175/111 2059/178/111 2048/177/111 2038/176/111
f 2037/179/67 2041/181/67 2042/175/67 2038/180/67
f 2039/182/68 2035/185/68 2036/184/68 2040/183/68
f 2044/186/112 2037/179/112 2038/180/112 2048/187/112
f 2041/181/99 2053/188/99 2059/178/99 2042/175/99
f 2058/189/113 2040/183/113 2036/191/113 2049/190/113
f 2043/192/114 2035/194/114 2039/182/114 2054/193/114
f 2054/193/99 2039/182/99 2040/183/99 2058/189/99
f 2037/195/115 2044/196/115 2053/188/115 2041/181/115
f 2049/190/116 2052/198/116 2060/197/116 2058/189/116
f 2052/198/117 2051/200/117 2061/199/117 2060/197/117
f 2051/200/118 2050/202/118 2062/201/118 2061/199/118
f 2050/202/119 2048/177/119 2059/178/119 2062/201/119
f 2054/193/120 2057/204/120 2045/203/120 2043/192/120
f 2057/204/121 2056/206/121 2046/205/121 2045/203/121
f 2056/206/122 2055/208/122 2047/207/122 2046/205/122
f 2055/208/123 2053/188/123 2044/196/123 2047/207/123
f 2058/189/99 2060/197/99 2057/204/99 2054/193/99
f 2060/197/99 2061/199/99 2056/206/99 2057/204/99
f 2061/199/99 2062/201/99 2055/208/99 2056/206/99
f 2062/201/99 2059/178/99 2053/188/99 2055/208/99
f 2048/187/112 2050/210/112 2047/209/112 2044/186/112
f 2050/210/112 2051/212/112 2046/211/112 2047/209/112
f 2051/212/112 2052/214/112 2045/213/112 2046/211/112
f 2052/214/112 2049/216/112 2043/215/112 2045/213/112
f 2035/217/112 2043/215/112 2049/216/112 2036/218/112
o Cube.014
v 3.566792 1.921394 -1.462800
v 3.566792 2.747670 -1.462800
v 2.873180 1.921394 -1.462800
v 2.873180 2.747670 -1.462800
v 3.566792 1.921394 -1.555648
v 3.566792 2.747670 -1.555648
v 2.873180 1.921394 -1.555648
v 2.873180 2.747670 -1.555648
v 3.474499 2.031338 -1.462800
v 3.474499 2.637726 -1.462800
v 2.965472 2.031338 -1.462800
v 2.965472 2.637726 -1.462800
v 2.965472 2.031338 -1.555648
v 2.965472 2.637726 -1.555648
v 3.474499 2.031338 -1.555648
v 3.474499 2.637726 -1.555648
v 1.284460 1.921394 -1.462801
v 1.284460 2.747670 -1.462801
v 1.978071 1.921394 -1.462800
v 1.978071 2.747670 -1.462800
v 1.284460 1.921394 -1.555648
v 1.284460 2.747670 -1.555648
v 1.978071 1.921394 -1.555648
v 1.978071 2.747670 -1.555648
v 1.376752 2.031338 -1.462801
v 1.376752 2.637726 -1.462801
v 1.885780 2.031338 -1.462800
v 1.885780 2.637726 -1.462800
v 1.885780 2.031338 -1.555648
v 1.885780 2.637726 -1.555648
v 1.376752 2.031338 -1.555648
v 1.376752 2.637726 -1.555648
v 3.566792 1.921394 3.633791
v 3.566792 2.747670 3.633791
v 2.873180 1.921394 3.633791
v 2.873180 2.747670 3.633791
v 3.566792 1.921394 3.726638
v 3.566792 2.747670 3.726638
v 2.873180 1.921394 3.726638
v 2.873180 2.747670 3.726638
v 3.474499 2.031338 3.633791
v 3.474499 2.637726 3.633791
v 2.965472 2.031338 3.633791
v 2.965472 2.637726 3.633791
v 2.965472 2.031338 3.726638
v 2.965472 2.637726 3.726638
v 3.474499 2.031338 3.726638
v 3.474499 2.637726 3.726638
v 1.284460 1.921394 3.633791
v 1.284460 2.747670 3.633791
v 1.978072 1.921394 3.633791
v 1.978072 2.747670 3.633791
v 1.284460 1.921394 3.726638
v 1.284460 2.747670 3.726638
v 1.978072 1.921394 3.726638
v 1.978072 2.747670 3.726638
v 1.376752 2.031338 3.633791
v 1.376752 2.637726 3.633791
v 1.885780 2.031338 3.633791
v 1.885780 2.637726 3.633791
v 1.885780 2.031338 3.726638
v 1.885780 2.637726 3.726638
v 1.376752 2.031338 3.726638
v 1.376752 2.637726 3.726638
vn -0.0000 -0.0000 1.0000
vn -1.0000 -0.0000 -0.0000
vn -0.0000 -0.0000 -1.0000
vn 1.0000 -0.0000 -0.0000
vn -0.0000 -1.0000 -0.0000
vn -0.0000 1.0000 -0.0000
vt 0.625000 0.250000
vt 0.375000 0.250000
vt 0.408265 0.216735
vt 0.591735 0.216735
vt 0.375000 0.000000
vt 0.625000 0.000000
vt 0.591735 0.033265
vt 0.408265 0.033265
vt 0.625000 0.500000
vt 0.375000 0.500000
vt 0.408265 0.716735
vt 0.375000 0.750000
vt 0.625000 0.750000
vt 0.591735 0.716735
vt 0.591735 0.533265
vt 0.408265 0.533265
vt 0.625000 1.000000
vt 0.375000 1.000000
vt 0.125000 0.500000
vt 0.125000 0.750000
vt 0.875000 0.500000
vt 0.875000 0.750000
vt 0.625000 0.274785
vt 0.375000 0.274784
vt 0.375000 0.475216
vt 0.625000 0.475216
vt 0.375000 0.774784
vt 0.375000 0.975215
vt 0.625000 0.975216
vt 0.625000 0.774785
vt 0.350215 0.500000
vt 0.149784 0.500000
vt 0.149784 0.750000
vt 0.350216 0.750000
vt 0.850215 0.750000
vt 0.850215 0.500000
vt 0.649785 0.500000
vt 0.649785 0.750000
s 0
f 2066/219/124 2065/220/124 2073/221/124 2074/222/124
f 2065/220/124 2063/223/124 2064/224/124 2066/219/124 2074/222/124 2072/225/124 2071/226/124 2073/221/124
f 2065/220/125 2066/219/125 2070/227/125 2069/228/125
f 2077/229/126 2067/230/126 2069/228/126 2070/227/126 2068/231/126 2078/232/126 2076/233/126 2075/234/126
f 2068/231/126 2067/230/126 2077/229/126 2078/232/126
f 2067/230/127 2068/231/127 2064/235/127 2063/236/127
f 2065/237/128 2069/228/128 2067/230/128 2063/238/128
f 2070/227/129 2066/239/129 2064/240/129 2068/231/129
f 2074/241/127 2073/242/127 2075/243/127 2076/244/127
f 2077/245/125 2071/246/125 2072/247/125 2078/248/125
f 2075/249/129 2073/250/129 2071/251/129 2077/252/129
f 2072/253/128 2074/254/128 2076/255/128 2078/256/128
f 2082/219/124 2090/222/124 2089/221/124 2081/220/124
f 2081/220/124 2089/221/124 2087/226/124 2088/225/124 2090/222/124 2082/219/124 2080/224/124 2079/223/124
f 2081/220/127 2085/228/127 2086/227/127 2082/219/127
f 2093/229/126 2091/234/126 2092/233/126 2094/232/126 2084/231/126 2086/227/126 2085/228/126 2083/230/126
f 2084/231/126 2094/232/126 2093/229/126 2083/230/126
f 2083/230/125 2079/236/125 2080/235/125 2084/231/125
f 2081/237/128 2079/238/128 2083/230/128 2085/228/128
f 2086/227/129 2084/231/129 2080/240/129 2082/239/129
f 2090/241/125 2092/244/125 2091/243/125 2089/242/125
f 2093/245/127 2094/248/127 2088/247/127 2087/246/127
f 2091/249/129 2093/252/129 2087/251/129 2089/250/129
f 2088/253/128 2094/256/128 2092/255/128 2090/254/128
f 2098/219/126 2106/222/126 2105/221/126 2097/220/126
f 2097/220/126 2105/221/126 2103/226/126 2104/225/126 2106/222/126 2098/219/126 2096/224/126 2095/223/126
f 2097/220/125 2101/228/125 2102/227/125 2098/219/125
f 2109/229/124 2107/234/124 2108/233/124 2110/232/124 2100/231/124 2102/227/124 2101/228/124 2099/230/124
f 2100/231/124 2110/232/124 2109/229/124 2099/230/124
f 2099/230/127 2095/236/127 2096/235/127 2100/231/127
f 2097/237/128 2095/238/128 2099/230/128 2101/228/128
f 2102/227/129 2100/231/129 2096/240/129 2098/239/129
f 2106/241/127 2108/244/127 2107/243/127 2105/242/127
f 2109/245/125 2110/248/125 2104/247/125 2103/246/125
f 2107/249/129 2109/252/129 2103/251/129 2105/250/129
f 2104/253/128 2110/256/128 2108/255/128 2106/254/128
f 2114/219/126 2113/220/126 2121/221/126 2122/222/126
f 2113/220/126 2111/223/126 2112/224/126 2114/219/126 2122/222/126 2120/225/126 2119/226/126 2121/221/126
f 2113/220/127 2114/219/127 2118/227/127 2117/228/127
f 2125/229/124 2115/230/124 2117/228/124 2118/227/124 2116/231/124 2126/232/124 2124/233/124 2123/234/124
f 2116/231/124 2115/230/124 2125/229/124 2126/232/124
f 2115/230/125 2116/231/125 2112/235/125 2111/236/125
f 2113/237/128 2117/228/128 2115/230/128 2111/238/128
f 2118/227/129 2114/239/129 2112/240/129 2116/231/129
f 2122/241/125 2121/242/125 2123/243/125 2124/244/125
f 2125/245/127 2119/246/127 2120/247/127 2126/248/127
f 2123/249/129 2121/250/129 2119/251/129 2125/252/129
f 2120/253/128 2122/254/128 2124/255/128 2126/256/128
o Cube.015
v 3.808920 0.978380 1.604293
v 3.808920 2.576589 1.604293
v 3.808920 0.978380 0.566698
v 3.808920 2.576589 0.566698
v 3.984202 0.978380 1.604293
v 3.984202 2.576589 1.604293
v 3.984202 0.978380 0.566698
v 3.984202 2.576589 0.566698
v 3.808920 1.103614 1.510783
v 3.808920 2.451355 1.510783
v 3.808920 1.103614 0.660208
v 3.808920 2.451355 0.660208
v 3.984202 1.103614 0.660208
v 3.984202 2.451355 0.660208
v 3.984202 1.103614 1.510783
v 3.984202 2.451355 1.510783
vn -1.0000 -0.0000 -0.0000
vn -0.0000 -0.0000 -1.0000
vn 1.0000 -0.0000 -0.0000
vn -0.0000 -0.0000 1.0000
vn -0.0000 -1.0000 -0.0000
vn -0.0000 1.0000 -0.0000
vt 0.625000 0.250000
vt 0.375000 0.250000
vt 0.408265 0.216735
vt 0.591735 0.216735
vt 0.375000 0.000000
vt 0.625000 0.000000
vt 0.591735 0.033265
vt 0.408265 0.033265
vt 0.625000 0.500000
vt 0.375000 0.500000
vt 0.408265 0.716735
vt 0.375000 0.750000
vt 0.625000 0.750000
vt 0.591735 0.716735
vt 0.591735 0.533265
vt 0.408265 0.533265
vt 0.625000 1.000000
vt 0.375000 1.000000
vt 0.125000 0.500000
vt 0.125000 0.750000
vt 0.875000 0.500000
vt 0.875000 0.750000
vt 0.625000 0.274785
vt 0.375000 0.274784
vt 0.375000 0.475216
vt 0.625000 0.475216
vt 0.375000 0.774784
vt 0.375000 0.975215
vt 0.625000 0.975216
vt 0.625000 0.774785
vt 0.350215 0.500000
vt 0.149784 0.500000
vt 0.149784 0.750000
vt 0.350216 0.750000
vt 0.850215 0.750000
vt 0.850215 0.500000
vt 0.649785 0.500000
vt 0.649785 0.750000
s 0
f 2130/257/130 2129/258/130 2137/259/130 2138/260/130
f 2129/258/130 2127/261/130 2128/262/130 2130/257/130 2138/260/130 2136/263/130 2135/264/130 2137/259/130
f 2129/258/131 2130/257/131 2134/265/131 2133/266/131
f 2141/267/132 2131/268/132 2133/266/132 2134/265/132 2132/269/132 2142/270/132 2140/271/132 2139/272/132
f 2132/269/132 2131/268/132 2141/267/132 2142/270/132
f 2131/268/133 2132/269/133 2128/273/133 2127/274/133
f 2129/275/134 2133/266/134 2131/268/134 2127/276/134
f 2134/265/135 2130/277/135 2128/278/135 2132/269/135
f 2138/279/133 2137/280/133 2139/281/133 2140/282/133
f 2141/283/131 2135/284/131 2136/285/131 2142/286/131
f 2139/287/135 2137/288/135 2135/289/135 2141/290/135
f 2136/291/134 2138/292/134 2140/293/134 2142/294/134
o Cube.011
v 2.304407 4.443465 -1.886411
v 2.304407 4.443464 4.090395
v 2.299621 4.772337 -2.006248
v 2.299621 4.772336 4.210232
v 2.543082 4.443465 -1.886411
v 2.543082 4.443464 4.090395
v 2.547868 4.772337 -2.006248
v 2.547868 4.772336 4.210232
vn -0.9999 -0.0145 -0.0000
vn -0.0000 1.0000 -0.0000
vn 0.9999 -0.0145 -0.0000
vn -0.0000 -1.0000 -0.0000
vn -0.0000 -0.3424 -0.9396
vn -0.0000 -0.3424 0.9396
vt 0.375000 0.000000
vt 0.625000 0.000000
vt 0.625000 0.250000
vt 0.375000 0.250000
vt 0.625000 0.500000
vt 0.375000 0.500000
vt 0.625000 0.750000
vt 0.375000 0.750000
vt 0.625000 1.000000
vt 0.375000 1.000000
vt 0.125000 0.500000
vt 0.125000 0.750000
vt 0.875000 0.500000
vt 0.875000 0.750000
s 0
f 2143/295/136 2144/296/136 2146/297/136 2145/298/136
f 2145/298/137 2146/297/137 2150/299/137 2149/300/137
f 2149/300/138 2150/299/138 2148/301/138 2147/302/138
f 2147/302/139 2148/301/139 2144/303/139 2143/304/139
f 2145/305/140 2149/300/140 2147/302/140 2143/306/140
f 2150/299/141 2146/307/141 2144/308/141 2148/301/141
o Cube.012
v 0.890185 1.016020 0.122611
v 0.890185 1.635404 0.122611
v 0.890185 1.016020 -0.027348
v 0.890185 1.635404 -0.027348
v 1.082443 1.016020 0.122611
v 1.082443 1.635404 0.122611
v 1.082443 1.016020 -0.027348
v 1.082443 1.635404 -0.027348
v 3.961066 1.016020 0.122611
v 3.961066 1.635404 0.122611
v 3.961066 1.016020 -0.027348
v 3.961066 1.635404 -0.027348
v 3.768808 1.016020 0.122611
v 3.768808 1.635404 0.122611
v 3.768808 1.016020 -0.027348
v 3.768808 1.635404 -0.027348
v 0.890185 1.016020 2.048379
v 0.890185 1.635404 2.048379
v 0.890185 1.016020 2.198339
v 0.890185 1.635404 2.198339
v 1.082443 1.016020 2.048379
v 1.082443 1.635404 2.048379
v 1.082443 1.016020 2.198339
v 1.082443 1.635404 2.198339
v 3.961066 1.016020 2.048379
v 3.961066 1.635404 2.048379
v 3.961066 1.016020 2.198339
v 3.961066 1.635404 2.198339
v 3.768808 1.016020 2.048379
v 3.768808 1.635404 2.048379
v 3.768808 1.016020 2.198339
v 3.768808 1.635404 2.198339
vn -1.0000 -0.0000 -0.0000
vn -0.0000 -0.0000 -1.0000
vn 1.0000 -0.0000 -0.0000
vn -0.0000 -0.0000 1.0000
vn -0.0000 -1.0000 -0.0000
vn -0.0000 1.0000 -0.0000
vt 0.375000 0.000000
vt 0.625000 0.000000
vt 0.625000 0.250000
vt 0.375000 0.250000
vt 0.625000 0.500000
vt 0.375000 0.500000
vt 0.625000 0.750000
vt 0.375000 0.750000
vt 0.625000 1.000000
vt 0.375000 1.000000
vt 0.125000 0.500000
vt 0.125000 0.750000
vt 0.875000 0.500000
vt 0.875000 0.750000
s 0
f 2151/309/142 2152/310/142 2154/311/142 2153/312/142
f 2153/312/143 2154/311/143 2158/313/143 2157/314/143
f 2157/314/144 2158/313/144 2156/315/144 2155/316/144
f 2155/316/145 2156/315/145 2152/317/145 2151/318/145
f 2153/319/146 2157/314/146 2155/316/146 2151/320/146
f 2158/313/147 2154/321/147 2152/322/147 2156/315/147
f 2159/309/144 2161/312/144 2162/311/144 2160/310/144
f 2161/312/143 2165/314/143 2166/313/143 2162/311/143
f 2165/314/142 2163/316/142 2164/315/142 2166/313/142
f 2163/316/145 2159/318/145 2160/317/145 2164/315/145
f 2161/319/146 2159/320/146 2163/316/146 2165/314/146
f 2166/313/147 2164/315/147 2160/322/147 2162/321/147
f 2167/309/142 2169/312/142 2170/311/142 2168/310/142
f 2169/312/145 2173/314/145 2174/313/145 2170/311/145
f 2173/314/144 2171/316/144 2172/315/144 2174/313/144
f 2171/316/143 2167/318/143 2168/317/143 2172/315/143
f 2169/319/146 2167/320/146 2171/316/146 2173/314/146
f 2174/313/147 2172/315/147 2168/322/147 2170/321/147
f 2175/309/144 2176/310/144 2178/311/144 2177/312/144
f 2177/312/145 2178/311/145 2182/313/145 2181/314/145
f 2181/314/142 2182/313/142 2180/315/142 2179/316/142
f 2179/316/143 2180/315/143 2176/317/143 2175/318/143
f 2177/319/146 2181/314/146 2179/316/146 2175/320/146
f 2182/313/147 2178/321/147 2176/322/147 2180/315/147
