# Blender 4.3.2
# www.blender.org
mtllib ShamanHousefixidk.mtl
o Cube.013
v 0.389681 2.942031 -1.208941
v 0.306893 3.027088 -1.208941
v 0.389681 2.942031 -1.787867
v 0.306893 3.027088 -1.787867
v 1.177683 3.534392 -1.208941
v 1.100248 3.619450 -1.208941
v 1.177683 3.534392 -1.787867
v 1.100248 3.619450 -1.787867
v 0.353998 2.978692 -1.281470
v 0.353998 2.978692 -1.715338
v 0.321280 3.012308 -1.381000
v 0.309790 3.024112 -1.498404
v 0.321280 3.012308 -1.615808
v 0.271211 3.063749 -1.715338
v 0.271211 3.063749 -1.281470
v 0.238492 3.097365 -1.615808
v 0.227003 3.109169 -1.498404
v 0.238492 3.097365 -1.381000
v 1.144307 3.571053 -1.715338
v 1.144307 3.571053 -1.281470
v 1.113704 3.604669 -1.615808
v 1.102958 3.616473 -1.498404
v 1.113704 3.604669 -1.381001
v 1.066873 3.656111 -1.281470
v 1.066873 3.656111 -1.715338
v 1.036270 3.689726 -1.381001
v 1.025523 3.701530 -1.498404
v 1.036270 3.689726 -1.615808
v 0.389681 2.942031 -0.630014
v 0.306893 3.027088 -0.630014
v 0.389681 2.942031 -1.208941
v 0.306893 3.027088 -1.208941
v 1.177683 3.534392 -0.630015
v 1.100248 3.619450 -0.630015
v 1.177683 3.534392 -1.208941
v 1.100248 3.619450 -1.208941
v 0.353998 2.978692 -0.702544
v 0.353998 2.978692 -1.136411
v 0.321280 3.012308 -0.802074
v 0.309790 3.024112 -0.919477
v 0.321280 3.012308 -1.036881
v 0.271211 3.063749 -1.136411
v 0.271211 3.063749 -0.702544
v 0.238492 3.097365 -1.036881
v 0.227003 3.109169 -0.919477
v 0.238492 3.097365 -0.802074
v 1.144307 3.571053 -1.136412
v 1.144307 3.571053 -0.702544
v 1.113704 3.604669 -1.036881
v 1.102958 3.616473 -0.919478
v 1.113704 3.604669 -0.802074
v 1.066873 3.656111 -0.702544
v 1.066873 3.656111 -1.136412
v 1.036270 3.689726 -0.802074
v 1.025523 3.701530 -0.919478
v 1.036270 3.689726 -1.036881
v 0.389681 2.942031 -0.051088
v 0.306893 3.027088 -0.051088
v 0.389681 2.942031 -0.630014
v 0.306893 3.027088 -0.630014
v 1.177683 3.534392 -0.051088
v 1.100248 3.619450 -0.051088
v 1.177683 3.534392 -0.630015
v 1.100248 3.619450 -0.630015
v 0.353998 2.978692 -0.123617
v 0.353998 2.978692 -0.557485
v 0.321280 3.012308 -0.223147
v 0.309790 3.024112 -0.340551
v 0.321280 3.012308 -0.457955
v 0.271211 3.063749 -0.557485
v 0.271211 3.063749 -0.123617
v 0.238492 3.097365 -0.457955
v 0.227003 3.109169 -0.340551
v 0.238492 3.097365 -0.223148
v 1.144307 3.571053 -0.557485
v 1.144307 3.571053 -0.123617
v 1.113704 3.604669 -0.457955
v 1.102958 3.616473 -0.340551
v 1.113704 3.604669 -0.223148
v 1.066873 3.656111 -0.123617
v 1.066873 3.656111 -0.557485
v 1.036270 3.689726 -0.223148
v 1.025523 3.701530 -0.340551
v 1.036270 3.689726 -0.457955
v 0.389681 2.942031 0.527838
v 0.306893 3.027088 0.527838
v 0.389681 2.942031 -0.051088
v 0.306893 3.027088 -0.051088
v 1.177683 3.534392 0.527838
v 1.100248 3.619450 0.527838
v 1.177683 3.534392 -0.051088
v 1.100248 3.619450 -0.051088
v 0.353998 2.978692 0.455309
v 0.353998 2.978692 0.021441
v 0.321280 3.012308 0.355779
v 0.309790 3.024112 0.238375
v 0.321280 3.012308 0.120971
v 0.271211 3.063749 0.021441
v 0.271211 3.063749 0.455309
v 0.238492 3.097365 0.120972
v 0.227003 3.109169 0.238375
v 0.238492 3.097365 0.355779
v 1.144307 3.571053 0.021441
v 1.144307 3.571053 0.455309
v 1.113704 3.604669 0.120971
v 1.102958 3.616473 0.238375
v 1.113704 3.604669 0.355779
v 1.066873 3.656111 0.455309
v 1.066873 3.656111 0.021441
v 1.036270 3.689726 0.355779
v 1.025523 3.701530 0.238375
v 1.036270 3.689726 0.120971
v 0.389681 2.942031 1.106765
v 0.306893 3.027088 1.106765
v 0.389681 2.942031 0.527838
v 0.306893 3.027088 0.527838
v 1.177683 3.534392 1.106765
v 1.100248 3.619450 1.106765
v 1.177683 3.534392 0.527838
v 1.100248 3.619450 0.527838
v 0.353998 2.978692 1.034235
v 0.353998 2.978692 0.600368
v 0.321280 3.012308 0.934705
v 0.309790 3.024112 0.817302
v 0.321280 3.012308 0.699898
v 0.271211 3.063749 0.600368
v 0.271211 3.063749 1.034235
v 0.238492 3.097365 0.699898
v 0.227003 3.109169 0.817302
v 0.238492 3.097365 0.934705
v 1.144307 3.571053 0.600368
v 1.144307 3.571053 1.034235
v 1.113704 3.604669 0.699898
v 1.102958 3.616473 0.817302
v 1.113704 3.604669 0.934705
v 1.066873 3.656111 1.034235
v 1.066873 3.656111 0.600368
v 1.036270 3.689726 0.934705
v 1.025523 3.701530 0.817302
v 1.036270 3.689726 0.699898
v 0.389681 2.942031 1.685691
v 0.306893 3.027088 1.685691
v 0.389681 2.942031 1.106765
v 0.306893 3.027088 1.106765
v 1.177683 3.534392 1.685691
v 1.100248 3.619450 1.685691
v 1.177683 3.534392 1.106765
v 1.100248 3.619450 1.106765
v 0.353998 2.978692 1.613162
v 0.353998 2.978692 1.179294
v 0.321280 3.012308 1.513632
v 0.309790 3.024112 1.396228
v 0.321280 3.012308 1.278824
v 0.271211 3.063749 1.179294
v 0.271211 3.063749 1.613162
v 0.238492 3.097365 1.278824
v 0.227003 3.109169 1.396228
v 0.238492 3.097365 1.513632
v 1.144307 3.571053 1.179294
v 1.144307 3.571053 1.613162
v 1.113704 3.604669 1.278824
v 1.102958 3.616473 1.396228
v 1.113704 3.604669 1.513632
v 1.066873 3.656111 1.613162
v 1.066873 3.656111 1.179294
v 1.036270 3.689726 1.513632
v 1.025523 3.701530 1.396228
v 1.036270 3.689726 1.278824
v 0.389681 2.942031 2.264618
v 0.306893 3.027088 2.264618
v 0.389681 2.942031 1.685691
v 0.306893 3.027088 1.685691
v 1.177683 3.534392 2.264618
v 1.100248 3.619450 2.264618
v 1.177683 3.534392 1.685691
v 1.100248 3.619450 1.685691
v 0.353998 2.978692 2.192089
v 0.353998 2.978692 1.758221
v 0.321280 3.012308 2.092558
v 0.309790 3.024112 1.975155
v 0.321280 3.012308 1.857751
v 0.271211 3.063749 1.758221
v 0.271211 3.063749 2.192088
v 0.238492 3.097365 1.857751
v 0.227003 3.109169 1.975155
v 0.238492 3.097365 2.092558
v 1.144307 3.571053 1.758221
v 1.144307 3.571053 2.192089
v 1.113704 3.604669 1.857751
v 1.102958 3.616473 1.975155
v 1.113704 3.604669 2.092558
v 1.066873 3.656111 2.192088
v 1.066873 3.656111 1.758221
v 1.036270 3.689726 2.092558
v 1.025523 3.701530 1.975155
v 1.036270 3.689726 1.857751
v 0.389681 2.942031 2.843544
v 0.306893 3.027088 2.843544
v 0.389681 2.942031 2.264618
v 0.306893 3.027088 2.264618
v 1.177683 3.534392 2.843544
v 1.100248 3.619450 2.843544
v 1.177683 3.534392 2.264618
v 1.100248 3.619450 2.264618
v 0.353998 2.978692 2.771014
v 0.353998 2.978692 2.337147
v 0.321280 3.012308 2.671485
v 0.309790 3.024112 2.554081
v 0.321280 3.012308 2.436677
v 0.271211 3.063749 2.337147
v 0.271211 3.063749 2.771014
v 0.238492 3.097365 2.436677
v 0.227003 3.109169 2.554081
v 0.238492 3.097365 2.671485
v 1.144307 3.571053 2.337147
v 1.144307 3.571053 2.771014
v 1.113704 3.604669 2.436677
v 1.102958 3.616473 2.554081
v 1.113704 3.604669 2.671485
v 1.066873 3.656111 2.771014
v 1.066873 3.656111 2.337147
v 1.036270 3.689726 2.671485
v 1.025523 3.701530 2.554081
v 1.036270 3.689726 2.436677
v 0.389681 2.942031 3.422471
v 0.306893 3.027088 3.422471
v 0.389681 2.942031 2.843544
v 0.306893 3.027088 2.843544
v 1.177683 3.534392 3.422471
v 1.100248 3.619450 3.422471
v 1.177683 3.534392 2.843544
v 1.100248 3.619450 2.843544
v 0.353998 2.978692 3.349942
v 0.353998 2.978692 2.916073
v 0.321280 3.012308 3.250411
v 0.309790 3.024112 3.133007
v 0.321280 3.012308 3.015603
v 0.271211 3.063749 2.916073
v 0.271211 3.063749 3.349942
v 0.238492 3.097365 3.015603
v 0.227003 3.109169 3.133007
v 0.238492 3.097365 3.250411
v 1.144307 3.571053 2.916073
v 1.144307 3.571053 3.349942
v 1.113704 3.604669 3.015603
v 1.102958 3.616473 3.133007
v 1.113704 3.604669 3.250411
v 1.066873 3.656111 3.349942
v 1.066873 3.656111 2.916074
v 1.036270 3.689726 3.250411
v 1.025523 3.701530 3.133007
v 1.036270 3.689726 3.015603
v 0.389681 2.942031 4.001398
v 0.306893 3.027088 4.001398
v 0.389681 2.942031 3.422471
v 0.306893 3.027088 3.422471
v 1.177683 3.534392 4.001398
v 1.100248 3.619450 4.001398
v 1.177683 3.534392 3.422471
v 1.100248 3.619450 3.422471
v 0.353998 2.978692 3.928869
v 0.353998 2.978692 3.495000
v 0.321280 3.012308 3.829338
v 0.309790 3.024112 3.711934
v 0.321280 3.012308 3.594530
v 0.271211 3.063749 3.495000
v 0.271211 3.063749 3.928869
v 0.238492 3.097365 3.594530
v 0.227003 3.109169 3.711934
v 0.238492 3.097365 3.829338
v 1.144307 3.571053 3.495000
v 1.144307 3.571053 3.928869
v 1.113704 3.604669 3.594530
v 1.102958 3.616473 3.711934
v 1.113704 3.604669 3.829338
v 1.066873 3.656111 3.928869
v 1.066873 3.656111 3.495000
v 1.036270 3.689726 3.829338
v 1.025523 3.701530 3.711934
v 1.036270 3.689726 3.594530
v 1.177683 3.534392 -1.208941
v 1.100248 3.619450 -1.208941
v 1.177683 3.534392 -1.787867
v 1.100248 3.619450 -1.787867
v 1.834168 4.007259 -1.208941
v 1.756734 4.092317 -1.208941
v 1.834168 4.007259 -1.787867
v 1.756734 4.092317 -1.787867
v 1.144307 3.571053 -1.281470
v 1.144307 3.571053 -1.715338
v 1.113704 3.604669 -1.381001
v 1.102958 3.616473 -1.498404
v 1.113704 3.604669 -1.615808
v 1.066873 3.656111 -1.715338
v 1.066873 3.656111 -1.281470
v 1.036270 3.689726 -1.615808
v 1.025523 3.701530 -1.498404
v 1.036270 3.689726 -1.381001
v 1.800793 4.043921 -1.715338
v 1.800793 4.043921 -1.281470
v 1.770190 4.077536 -1.615808
v 1.759444 4.089340 -1.498404
v 1.770190 4.077536 -1.381001
v 1.723358 4.128978 -1.281470
v 1.723358 4.128978 -1.715338
v 1.692755 4.162593 -1.381001
v 1.682009 4.174397 -1.498404
v 1.692755 4.162593 -1.615808
v 1.177683 3.534392 -0.630015
v 1.100248 3.619450 -0.630015
v 1.177683 3.534392 -1.208941
v 1.100248 3.619450 -1.208941
v 1.834168 4.007259 -0.630015
v 1.756734 4.092317 -0.630015
v 1.834168 4.007259 -1.208941
v 1.756734 4.092317 -1.208941
v 1.144307 3.571053 -0.702544
v 1.144307 3.571053 -1.136412
v 1.113704 3.604669 -0.802074
v 1.102958 3.616473 -0.919478
v 1.113704 3.604669 -1.036881
v 1.066873 3.656111 -1.136412
v 1.066873 3.656111 -0.702544
v 1.036270 3.689726 -1.036881
v 1.025523 3.701530 -0.919478
v 1.036270 3.689726 -0.802074
v 1.800793 4.043921 -1.136412
v 1.800793 4.043921 -0.702544
v 1.770190 4.077536 -1.036881
v 1.759444 4.089340 -0.919478
v 1.770190 4.077536 -0.802074
v 1.723358 4.128978 -0.702544
v 1.723358 4.128978 -1.136412
v 1.692755 4.162593 -0.802074
v 1.682009 4.174397 -0.919478
v 1.692755 4.162593 -1.036881
v 1.177683 3.534392 -0.051088
v 1.100248 3.619450 -0.051088
v 1.177683 3.534392 -0.630015
v 1.100248 3.619450 -0.630015
v 1.834168 4.007259 -0.051088
v 1.756734 4.092317 -0.051088
v 1.834168 4.007259 -0.630015
v 1.756734 4.092317 -0.630015
v 1.144307 3.571053 -0.123617
v 1.144307 3.571053 -0.557485
v 1.113704 3.604669 -0.223148
v 1.102958 3.616473 -0.340551
v 1.113704 3.604669 -0.457955
v 1.066873 3.656111 -0.557485
v 1.066873 3.656111 -0.123617
v 1.036270 3.689726 -0.457955
v 1.025523 3.701530 -0.340551
v 1.036270 3.689726 -0.223148
v 1.800793 4.043921 -0.557485
v 1.800793 4.043921 -0.123617
v 1.770190 4.077536 -0.457955
v 1.759444 4.089340 -0.340551
v 1.770190 4.077536 -0.223148
v 1.723358 4.128978 -0.123617
v 1.723358 4.128978 -0.557485
v 1.692755 4.162593 -0.223148
v 1.682009 4.174397 -0.340551
v 1.692755 4.162593 -0.457955
v 1.177683 3.534392 0.527838
v 1.100248 3.619450 0.527838
v 1.177683 3.534392 -0.051088
v 1.100248 3.619450 -0.051088
v 1.834168 4.007259 0.527838
v 1.756734 4.092317 0.527838
v 1.834168 4.007259 -0.051088
v 1.756734 4.092317 -0.051088
v 1.144307 3.571053 0.455309
v 1.144307 3.571053 0.021441
v 1.113704 3.604669 0.355779
v 1.102958 3.616473 0.238375
v 1.113704 3.604669 0.120971
v 1.066873 3.656111 0.021441
v 1.066873 3.656111 0.455309
v 1.036270 3.689726 0.120971
v 1.025523 3.701530 0.238375
v 1.036270 3.689726 0.355779
v 1.800793 4.043921 0.021441
v 1.800793 4.043921 0.455309
v 1.770190 4.077536 0.120971
v 1.759444 4.089340 0.238375
v 1.770190 4.077536 0.355779
v 1.723358 4.128978 0.455309
v 1.723358 4.128978 0.021441
v 1.692755 4.162593 0.355779
v 1.682009 4.174397 0.238375
v 1.692755 4.162593 0.120971
v 1.177683 3.534392 1.106765
v 1.100248 3.619450 1.106765
v 1.177683 3.534392 0.527838
v 1.100248 3.619450 0.527838
v 1.834168 4.007259 1.106765
v 1.756734 4.092317 1.106765
v 1.834168 4.007259 0.527838
v 1.756734 4.092317 0.527838
v 1.144307 3.571053 1.034235
v 1.144307 3.571053 0.600368
v 1.113704 3.604669 0.934705
v 1.102958 3.616473 0.817302
v 1.113704 3.604669 0.699898
v 1.066873 3.656111 0.600368
v 1.066873 3.656111 1.034235
v 1.036270 3.689726 0.699898
v 1.025523 3.701530 0.817302
v 1.036270 3.689726 0.934705
v 1.800793 4.043921 0.600368
v 1.800793 4.043921 1.034235
v 1.770190 4.077536 0.699898
v 1.759444 4.089340 0.817302
v 1.770190 4.077536 0.934705
v 1.723358 4.128978 1.034235
v 1.723358 4.128978 0.600368
v 1.692755 4.162593 0.934705
v 1.682009 4.174397 0.817302
v 1.692755 4.162593 0.699898
v 1.177683 3.534392 1.685691
v 1.100248 3.619450 1.685691
v 1.177683 3.534392 1.106765
v 1.100248 3.619450 1.106765
v 1.834168 4.007259 1.685691
v 1.756734 4.092317 1.685691
v 1.834168 4.007259 1.106765
v 1.756734 4.092317 1.106765
v 1.144307 3.571053 1.613162
v 1.144307 3.571053 1.179294
v 1.113704 3.604669 1.513632
v 1.102958 3.616473 1.396228
v 1.113704 3.604669 1.278824
v 1.066873 3.656111 1.179294
v 1.066873 3.656111 1.613162
v 1.036270 3.689726 1.278824
v 1.025523 3.701530 1.396228
v 1.036270 3.689726 1.513632
v 1.800793 4.043921 1.179294
v 1.800793 4.043921 1.613162
v 1.770190 4.077536 1.278824
v 1.759444 4.089340 1.396228
v 1.770190 4.077536 1.513632
v 1.723358 4.128978 1.613162
v 1.723358 4.128978 1.179294
v 1.692755 4.162593 1.513632
v 1.682009 4.174397 1.396228
v 1.692755 4.162593 1.278824
v 1.177683 3.534392 2.264618
v 1.100248 3.619450 2.264618
v 1.177683 3.534392 1.685691
v 1.100248 3.619450 1.685691
v 1.834168 4.007259 2.264618
v 1.756734 4.092317 2.264618
v 1.834168 4.007259 1.685691
v 1.756734 4.092317 1.685691
v 1.144307 3.571053 2.192089
v 1.144307 3.571053 1.758221
v 1.113704 3.604669 2.092558
v 1.102958 3.616473 1.975155
v 1.113704 3.604669 1.857751
v 1.066873 3.656111 1.758221
v 1.066873 3.656111 2.192088
v 1.036270 3.689726 1.857751
v 1.025523 3.701530 1.975155
v 1.036270 3.689726 2.092558
v 1.800793 4.043921 1.758221
v 1.800793 4.043921 2.192089
v 1.770190 4.077536 1.857751
v 1.759444 4.089340 1.975155
v 1.770190 4.077536 2.092558
v 1.723358 4.128978 2.192088
v 1.723358 4.128978 1.758221
v 1.692755 4.162593 2.092558
v 1.682009 4.174397 1.975155
v 1.692755 4.162593 1.857751
v 1.177683 3.534392 2.843544
v 1.100248 3.619450 2.843544
v 1.177683 3.534392 2.264618
v 1.100248 3.619450 2.264618
v 1.834168 4.007259 2.843544
v 1.756734 4.092317 2.843544
v 1.834168 4.007259 2.264618
v 1.756734 4.092317 2.264618
v 1.144307 3.571053 2.771014
v 1.144307 3.571053 2.337147
v 1.113704 3.604669 2.671485
v 1.102958 3.616473 2.554081
v 1.113704 3.604669 2.436677
v 1.066873 3.656111 2.337147
v 1.066873 3.656111 2.771014
v 1.036270 3.689726 2.436677
v 1.025523 3.701530 2.554081
v 1.036270 3.689726 2.671485
v 1.800793 4.043921 2.337147
v 1.800793 4.043921 2.771014
v 1.770190 4.077536 2.436677
v 1.759444 4.089340 2.554081
v 1.770190 4.077536 2.671485
v 1.723358 4.128978 2.771014
v 1.723358 4.128978 2.337147
v 1.692755 4.162593 2.671485
v 1.682009 4.174397 2.554081
v 1.692755 4.162593 2.436677
v 1.177683 3.534392 3.422471
v 1.100248 3.619450 3.422471
v 1.177683 3.534392 2.843544
v 1.100248 3.619450 2.843544
v 1.834168 4.007259 3.422471
v 1.756734 4.092317 3.422471
v 1.834168 4.007259 2.843544
v 1.756734 4.092317 2.843544
v 1.144307 3.571053 3.349942
v 1.144307 3.571053 2.916073
v 1.113704 3.604669 3.250411
v 1.102958 3.616473 3.133007
v 1.113704 3.604669 3.015603
v 1.066873 3.656111 2.916074
v 1.066873 3.656111 3.349942
v 1.036270 3.689726 3.015603
v 1.025523 3.701530 3.133007
v 1.036270 3.689726 3.250411
v 1.800793 4.043921 2.916073
v 1.800793 4.043921 3.349942
v 1.770190 4.077536 3.015603
v 1.759444 4.089340 3.133007
v 1.770190 4.077536 3.250411
v 1.723358 4.128978 3.349942
v 1.723358 4.128978 2.916074
v 1.692755 4.162593 3.250411
v 1.682009 4.174397 3.133007
v 1.692755 4.162593 3.015603
v 1.177683 3.534392 4.001398
v 1.100248 3.619450 4.001398
v 1.177683 3.534392 3.422471
v 1.100248 3.619450 3.422471
v 1.834168 4.007259 4.001398
v 1.756734 4.092317 4.001398
v 1.834168 4.007259 3.422471
v 1.756734 4.092317 3.422471
v 1.144307 3.571053 3.928869
v 1.144307 3.571053 3.495000
v 1.113704 3.604669 3.829338
v 1.102958 3.616473 3.711934
v 1.113704 3.604669 3.594530
v 1.066873 3.656111 3.495000
v 1.066873 3.656111 3.928869
v 1.036270 3.689726 3.594530
v 1.025523 3.701530 3.711934
v 1.036270 3.689726 3.829338
v 1.800793 4.043921 3.495000
v 1.800793 4.043921 3.928869
v 1.770190 4.077536 3.594530
v 1.759444 4.089340 3.711934
v 1.770190 4.077536 3.829338
v 1.723358 4.128978 3.928869
v 1.723358 4.128978 3.495000
v 1.692755 4.162593 3.829338
v 1.682009 4.174397 3.711934
v 1.692755 4.162593 3.594530
v 1.834168 4.007259 -1.208941
v 1.756734 4.092317 -1.208941
v 1.834168 4.007259 -1.787867
v 1.756734 4.092317 -1.787867
v 2.490654 4.480127 -1.208941
v 2.413219 4.565185 -1.208941
v 2.490654 4.480127 -1.787867
v 2.413219 4.565185 -1.787867
v 1.800793 4.043921 -1.281470
v 1.800793 4.043921 -1.715338
v 1.770190 4.077536 -1.381001
v 1.759444 4.089340 -1.498404
v 1.770190 4.077536 -1.615808
v 1.723358 4.128978 -1.715338
v 1.723358 4.128978 -1.281470
v 1.692755 4.162593 -1.615808
v 1.682009 4.174397 -1.498404
v 1.692755 4.162593 -1.381001
v 2.457278 4.516788 -1.715338
v 2.457278 4.516788 -1.281470
v 2.426675 4.550404 -1.615808
v 2.415929 4.562208 -1.498404
v 2.426675 4.550404 -1.381001
v 2.379844 4.601846 -1.281470
v 2.379844 4.601846 -1.715338
v 2.349241 4.635461 -1.381001
v 2.338494 4.647265 -1.498404
v 2.349241 4.635461 -1.615808
v 1.834168 4.007259 -0.630015
v 1.756734 4.092317 -0.630015
v 1.834168 4.007259 -1.208941
v 1.756734 4.092317 -1.208941
v 2.490654 4.480127 -0.630015
v 2.413219 4.565185 -0.630015
v 2.490654 4.480127 -1.208941
v 2.413219 4.565185 -1.208941
v 1.800793 4.043921 -0.702544
v 1.800793 4.043921 -1.136412
v 1.770190 4.077536 -0.802074
v 1.759444 4.089340 -0.919478
v 1.770190 4.077536 -1.036881
v 1.723358 4.128978 -1.136412
v 1.723358 4.128978 -0.702544
v 1.692755 4.162593 -1.036881
v 1.682009 4.174397 -0.919478
v 1.692755 4.162593 -0.802074
v 2.457278 4.516788 -1.136412
v 2.457278 4.516788 -0.702544
v 2.426675 4.550404 -1.036881
v 2.415929 4.562208 -0.919478
v 2.426675 4.550404 -0.802074
v 2.379844 4.601846 -0.702544
v 2.379844 4.601846 -1.136412
v 2.349241 4.635461 -0.802074
v 2.338494 4.647265 -0.919478
v 2.349241 4.635461 -1.036881
v 1.834168 4.007259 -0.051088
v 1.756734 4.092317 -0.051088
v 1.834168 4.007259 -0.630015
v 1.756734 4.092317 -0.630015
v 2.490654 4.480127 -0.051088
v 2.413219 4.565185 -0.051088
v 2.490654 4.480127 -0.630015
v 2.413219 4.565185 -0.630015
v 1.800793 4.043921 -0.123617
v 1.800793 4.043921 -0.557485
v 1.770190 4.077536 -0.223148
v 1.759444 4.089340 -0.340551
v 1.770190 4.077536 -0.457955
v 1.723358 4.128978 -0.557485
v 1.723358 4.128978 -0.123617
v 1.692755 4.162593 -0.457955
v 1.682009 4.174397 -0.340551
v 1.692755 4.162593 -0.223148
v 2.457278 4.516788 -0.557485
v 2.457278 4.516788 -0.123617
v 2.426675 4.550404 -0.457955
v 2.415929 4.562208 -0.340551
v 2.426675 4.550404 -0.223148
v 2.379844 4.601846 -0.123617
v 2.379844 4.601846 -0.557485
v 2.349241 4.635461 -0.223148
v 2.338494 4.647265 -0.340551
v 2.349241 4.635461 -0.457955
v 1.834168 4.007259 0.527838
v 1.756734 4.092317 0.527838
v 1.834168 4.007259 -0.051088
v 1.756734 4.092317 -0.051088
v 2.490654 4.480127 0.527838
v 2.413219 4.565185 0.527838
v 2.490654 4.480127 -0.051088
v 2.413219 4.565185 -0.051088
v 1.800793 4.043921 0.455309
v 1.800793 4.043921 0.021441
v 1.770190 4.077536 0.355779
v 1.759444 4.089340 0.238375
v 1.770190 4.077536 0.120971
v 1.723358 4.128978 0.021441
v 1.723358 4.128978 0.455309
v 1.692755 4.162593 0.120971
v 1.682009 4.174397 0.238375
v 1.692755 4.162593 0.355779
v 2.457278 4.516788 0.021441
v 2.457278 4.516788 0.455309
v 2.426675 4.550404 0.120971
v 2.415929 4.562208 0.238375
v 2.426675 4.550404 0.355779
v 2.379844 4.601846 0.455309
v 2.379844 4.601846 0.021441
v 2.349241 4.635461 0.355779
v 2.338494 4.647265 0.238375
v 2.349241 4.635461 0.120971
v 1.834168 4.007259 1.106765
v 1.756734 4.092317 1.106765
v 1.834168 4.007259 0.527838
v 1.756734 4.092317 0.527838
v 2.490654 4.480127 1.106765
v 2.413219 4.565185 1.106765
v 2.490654 4.480127 0.527838
v 2.413219 4.565185 0.527838
v 1.800793 4.043921 1.034235
v 1.800793 4.043921 0.600368
v 1.770190 4.077536 0.934705
v 1.759444 4.089340 0.817302
v 1.770190 4.077536 0.699898
v 1.723358 4.128978 0.600368
v 1.723358 4.128978 1.034235
v 1.692755 4.162593 0.699898
v 1.682009 4.174397 0.817302
v 1.692755 4.162593 0.934705
v 2.457278 4.516788 0.600368
v 2.457278 4.516788 1.034235
v 2.426675 4.550404 0.699898
v 2.415929 4.562208 0.817302
v 2.426675 4.550404 0.934705
v 2.379844 4.601846 1.034235
v 2.379844 4.601846 0.600368
v 2.349241 4.635461 0.934705
v 2.338494 4.647265 0.817302
v 2.349241 4.635461 0.699898
v 1.834168 4.007259 1.685691
v 1.756734 4.092317 1.685691
v 1.834168 4.007259 1.106765
v 1.756734 4.092317 1.106765
v 2.490654 4.480127 1.685691
v 2.413219 4.565185 1.685691
v 2.490654 4.480127 1.106765
v 2.413219 4.565185 1.106765
v 1.800793 4.043921 1.613162
v 1.800793 4.043921 1.179294
v 1.770190 4.077536 1.513632
v 1.759444 4.089340 1.396228
v 1.770190 4.077536 1.278824
v 1.723358 4.128978 1.179294
v 1.723358 4.128978 1.613162
v 1.692755 4.162593 1.278824
v 1.682009 4.174397 1.396228
v 1.692755 4.162593 1.513632
v 2.457278 4.516788 1.179294
v 2.457278 4.516788 1.613162
v 2.426675 4.550404 1.278824
v 2.415929 4.562208 1.396228
v 2.426675 4.550404 1.513632
v 2.379844 4.601846 1.613162
v 2.379844 4.601846 1.179294
v 2.349241 4.635461 1.513632
v 2.338494 4.647265 1.396228
v 2.349241 4.635461 1.278824
v 1.834168 4.007259 2.264618
v 1.756734 4.092317 2.264618
v 1.834168 4.007259 1.685691
v 1.756734 4.092317 1.685691
v 2.490654 4.480127 2.264618
v 2.413219 4.565185 2.264618
v 2.490654 4.480127 1.685691
v 2.413219 4.565185 1.685691
v 1.800793 4.043921 2.192089
v 1.800793 4.043921 1.758221
v 1.770190 4.077536 2.092558
v 1.759444 4.089340 1.975155
v 1.770190 4.077536 1.857751
v 1.723358 4.128978 1.758221
v 1.723358 4.128978 2.192088
v 1.692755 4.162593 1.857751
v 1.682009 4.174397 1.975155
v 1.692755 4.162593 2.092558
v 2.457278 4.516788 1.758221
v 2.457278 4.516788 2.192089
v 2.426675 4.550404 1.857751
v 2.415929 4.562208 1.975155
v 2.426675 4.550404 2.092558
v 2.379844 4.601846 2.192088
v 2.379844 4.601846 1.758221
v 2.349241 4.635461 2.092558
v 2.338494 4.647265 1.975155
v 2.349241 4.635461 1.857751
v 1.834168 4.007259 2.843544
v 1.756734 4.092317 2.843544
v 1.834168 4.007259 2.264618
v 1.756734 4.092317 2.264618
v 2.490654 4.480127 2.843544
v 2.413219 4.565185 2.843544
v 2.490654 4.480127 2.264618
v 2.413219 4.565185 2.264618
v 1.800793 4.043921 2.771014
v 1.800793 4.043921 2.337147
v 1.770190 4.077536 2.671485
v 1.759444 4.089340 2.554081
v 1.770190 4.077536 2.436677
v 1.723358 4.128978 2.337147
v 1.723358 4.128978 2.771014
v 1.692755 4.162593 2.436677
v 1.682009 4.174397 2.554081
v 1.692755 4.162593 2.671485
v 2.457278 4.516788 2.337147
v 2.457278 4.516788 2.771014
v 2.426675 4.550404 2.436677
v 2.415929 4.562208 2.554081
v 2.426675 4.550404 2.671485
v 2.379844 4.601846 2.771014
v 2.379844 4.601846 2.337147
v 2.349241 4.635461 2.671485
v 2.338494 4.647265 2.554081
v 2.349241 4.635461 2.436677
v 1.834168 4.007259 3.422471
v 1.756734 4.092317 3.422471
v 1.834168 4.007259 2.843544
v 1.756734 4.092317 2.843544
v 2.490654 4.480127 3.422471
v 2.413219 4.565185 3.422471
v 2.490654 4.480127 2.843544
v 2.413219 4.565185 2.843544
v 1.800793 4.043921 3.349942
v 1.800793 4.043921 2.916073
v 1.770190 4.077536 3.250411
v 1.759444 4.089340 3.133007
v 1.770190 4.077536 3.015603
v 1.723358 4.128978 2.916074
v 1.723358 4.128978 3.349942
v 1.692755 4.162593 3.015603
v 1.682009 4.174397 3.133007
v 1.692755 4.162593 3.250411
v 2.457278 4.516788 2.916073
v 2.457278 4.516788 3.349942
v 2.426675 4.550404 3.015603
v 2.415929 4.562208 3.133007
v 2.426675 4.550404 3.250411
v 2.379844 4.601846 3.349942
v 2.379844 4.601846 2.916074
v 2.349241 4.635461 3.250411
v 2.338494 4.647265 3.133007
v 2.349241 4.635461 3.015603
v 1.834168 4.007259 4.001398
v 1.756734 4.092317 4.001398
v 1.834168 4.007259 3.422471
v 1.756734 4.092317 3.422471
v 2.490654 4.480127 4.001398
v 2.413219 4.565185 4.001398
v 2.490654 4.480127 3.422471
v 2.413219 4.565185 3.422471
v 1.800793 4.043921 3.928869
v 1.800793 4.043921 3.495000
v 1.770190 4.077536 3.829338
v 1.759444 4.089340 3.711934
v 1.770190 4.077536 3.594530
v 1.723358 4.128978 3.495000
v 1.723358 4.128978 3.928869
v 1.692755 4.162593 3.594530
v 1.682009 4.174397 3.711934
v 1.692755 4.162593 3.829338
v 2.457278 4.516788 3.495000
v 2.457278 4.516788 3.928869
v 2.426675 4.550404 3.594530
v 2.415929 4.562208 3.711934
v 2.426675 4.550404 3.829338
v 2.379844 4.601846 3.928869
v 2.379844 4.601846 3.495000
v 2.349241 4.635461 3.829338
v 2.338494 4.647265 3.711934
v 2.349241 4.635461 3.594530
v 4.457808 2.942030 -1.208941
v 4.540595 3.027088 -1.208941
v 4.457808 2.942030 -1.787868
v 4.540595 3.027088 -1.787868
v 3.669805 3.534392 -1.208941
v 3.747240 3.619449 -1.208941
v 3.669805 3.534392 -1.787868
v 3.747240 3.619449 -1.787868
v 4.493490 2.978692 -1.281470
v 4.493490 2.978692 -1.715338
v 4.526209 3.012307 -1.381001
v 4.537698 3.024112 -1.498405
v 4.526209 3.012307 -1.615808
v 4.576278 3.063749 -1.715338
v 4.576278 3.063749 -1.281471
v 4.608996 3.097364 -1.615808
v 4.620485 3.109169 -1.498405
v 4.608996 3.097364 -1.381001
v 3.703181 3.571053 -1.715339
v 3.703181 3.571053 -1.281471
v 3.733784 3.604669 -1.615808
v 3.744530 3.616473 -1.498405
v 3.733784 3.604669 -1.381001
v 3.780616 3.656110 -1.281471
v 3.780616 3.656110 -1.715339
v 3.811219 3.689726 -1.381001
v 3.821965 3.701530 -1.498405
v 3.811219 3.689726 -1.615808
v 4.457808 2.942030 -0.630015
v 4.540595 3.027088 -0.630015
v 4.457808 2.942030 -1.208941
v 4.540595 3.027088 -1.208941
v 3.669805 3.534392 -0.630015
v 3.747240 3.619449 -0.630015
v 3.669805 3.534392 -1.208941
v 3.747240 3.619449 -1.208941
v 4.493490 2.978692 -0.702544
v 4.493490 2.978692 -1.136412
v 4.526209 3.012307 -0.802074
v 4.537698 3.024112 -0.919478
v 4.526209 3.012307 -1.036882
v 4.576278 3.063749 -1.136412
v 4.576278 3.063749 -0.702544
v 4.608996 3.097364 -1.036882
v 4.620485 3.109169 -0.919478
v 4.608996 3.097364 -0.802074
v 3.703181 3.571053 -1.136412
v 3.703181 3.571053 -0.702544
v 3.733784 3.604669 -1.036882
v 3.744530 3.616473 -0.919478
v 3.733784 3.604669 -0.802074
v 3.780616 3.656110 -0.702544
v 3.780616 3.656110 -1.136412
v 3.811219 3.689726 -0.802074
v 3.821965 3.701530 -0.919478
v 3.811219 3.689726 -1.036882
v 4.457808 2.942030 -0.051088
v 4.540595 3.027088 -0.051088
v 4.457808 2.942030 -0.630015
v 4.540595 3.027088 -0.630015
v 3.669805 3.534392 -0.051088
v 3.747240 3.619449 -0.051088
v 3.669805 3.534392 -0.630015
v 3.747240 3.619449 -0.630015
v 4.493490 2.978692 -0.123618
v 4.493490 2.978692 -0.557486
v 4.526209 3.012307 -0.223148
v 4.537698 3.024112 -0.340552
v 4.526209 3.012307 -0.457955
v 4.576278 3.063749 -0.557486
v 4.576278 3.063749 -0.123618
v 4.608996 3.097364 -0.457955
v 4.620485 3.109169 -0.340552
v 4.608996 3.097364 -0.223148
v 3.703181 3.571053 -0.557486
v 3.703181 3.571053 -0.123618
v 3.733784 3.604669 -0.457956
v 3.744530 3.616473 -0.340552
v 3.733784 3.604669 -0.223148
v 3.780616 3.656110 -0.123618
v 3.780616 3.656110 -0.557486
v 3.811219 3.689726 -0.223148
v 3.821965 3.701530 -0.340552
v 3.811219 3.689726 -0.457956
v 4.457808 2.942030 0.527838
v 4.540595 3.027088 0.527838
v 4.457808 2.942030 -0.051088
v 4.540595 3.027088 -0.051088
v 3.669805 3.534392 0.527838
v 3.747240 3.619449 0.527838
v 3.669805 3.534392 -0.051088
v 3.747240 3.619449 -0.051088
v 4.493490 2.978692 0.455309
v 4.493490 2.978692 0.021441
v 4.526209 3.012307 0.355779
v 4.537698 3.024112 0.238375
v 4.526209 3.012307 0.120971
v 4.576278 3.063749 0.021441
v 4.576278 3.063749 0.455309
v 4.608996 3.097364 0.120971
v 4.620485 3.109169 0.238375
v 4.608996 3.097364 0.355778
v 3.703181 3.571053 0.021441
v 3.703181 3.571053 0.455309
v 3.733784 3.604669 0.120971
v 3.744530 3.616473 0.238375
v 3.733784 3.604669 0.355779
v 3.780616 3.656110 0.455309
v 3.780616 3.656110 0.021441
v 3.811219 3.689726 0.355778
v 3.821965 3.701530 0.238375
v 3.811219 3.689726 0.120971
v 4.457808 2.942030 1.106765
v 4.540595 3.027088 1.106765
v 4.457808 2.942030 0.527838
v 4.540595 3.027088 0.527838
v 3.669805 3.534392 1.106765
v 3.747240 3.619449 1.106765
v 3.669805 3.534392 0.527838
v 3.747240 3.619449 0.527838
v 4.493490 2.978692 1.034235
v 4.493490 2.978692 0.600368
v 4.526209 3.012307 0.934705
v 4.537698 3.024112 0.817301
v 4.526209 3.012307 0.699897
v 4.576278 3.063749 0.600368
v 4.576278 3.063749 1.034235
v 4.608996 3.097364 0.699898
v 4.620485 3.109169 0.817301
v 4.608996 3.097364 0.934705
v 3.703181 3.571053 0.600367
v 3.703181 3.571053 1.034235
v 3.733784 3.604669 0.699897
v 3.744530 3.616473 0.817301
v 3.733784 3.604669 0.934705
v 3.780616 3.656110 1.034235
v 3.780616 3.656110 0.600367
v 3.811219 3.689726 0.934705
v 3.821965 3.701530 0.817301
v 3.811219 3.689726 0.699898
v 4.457808 2.942030 1.685691
v 4.540595 3.027088 1.685691
v 4.457808 2.942030 1.106765
v 4.540595 3.027088 1.106765
v 3.669805 3.534392 1.685691
v 3.747240 3.619449 1.685691
v 3.669805 3.534392 1.106765
v 3.747240 3.619449 1.106765
v 4.493490 2.978692 1.613162
v 4.493490 2.978692 1.179294
v 4.526209 3.012307 1.513632
v 4.537698 3.024112 1.396228
v 4.526209 3.012307 1.278824
v 4.576278 3.063749 1.179294
v 4.576278 3.063749 1.613162
v 4.608996 3.097364 1.278824
v 4.620485 3.109169 1.396228
v 4.608996 3.097364 1.513632
v 3.703181 3.571053 1.179294
v 3.703181 3.571053 1.613162
v 3.733784 3.604669 1.278824
v 3.744530 3.616473 1.396228
v 3.733784 3.604669 1.513632
v 3.780616 3.656110 1.613162
v 3.780616 3.656110 1.179294
v 3.811219 3.689726 1.513632
v 3.821965 3.701530 1.396228
v 3.811219 3.689726 1.278824
v 4.457808 2.942030 2.264618
v 4.540595 3.027088 2.264618
v 4.457808 2.942030 1.685691
v 4.540595 3.027088 1.685691
v 3.669805 3.534392 2.264618
v 3.747240 3.619449 2.264618
v 3.669805 3.534392 1.685691
v 3.747240 3.619449 1.685691
v 4.493490 2.978692 2.192089
v 4.493490 2.978692 1.758220
v 4.526209 3.012307 2.092558
v 4.537698 3.024112 1.975155
v 4.526209 3.012307 1.857751
v 4.576278 3.063749 1.758221
v 4.576278 3.063749 2.192088
v 4.608996 3.097364 1.857751
v 4.620485 3.109169 1.975155
v 4.608996 3.097364 2.092558
v 3.703181 3.571053 1.758220
v 3.703181 3.571053 2.192089
v 3.733784 3.604669 1.857751
v 3.744530 3.616473 1.975155
v 3.733784 3.604669 2.092558
v 3.780616 3.656110 2.192088
v 3.780616 3.656110 1.758221
v 3.811219 3.689726 2.092558
v 3.821965 3.701530 1.975155
v 3.811219 3.689726 1.857751
v 4.457808 2.942030 2.843544
v 4.540595 3.027088 2.843544
v 4.457808 2.942030 2.264618
v 4.540595 3.027088 2.264618
v 3.669805 3.534392 2.843544
v 3.747240 3.619449 2.843544
v 3.669805 3.534392 2.264618
v 3.747240 3.619449 2.264618
v 4.493490 2.978692 2.771014
v 4.493490 2.978692 2.337147
v 4.526209 3.012307 2.671485
v 4.537698 3.024112 2.554081
v 4.526209 3.012307 2.436677
v 4.576278 3.063749 2.337147
v 4.576278 3.063749 2.771014
v 4.608996 3.097364 2.436677
v 4.620485 3.109169 2.554081
v 4.608996 3.097364 2.671485
v 3.703181 3.571053 2.337147
v 3.703181 3.571053 2.771014
v 3.733784 3.604669 2.436677
v 3.744530 3.616473 2.554081
v 3.733784 3.604669 2.671485
v 3.780616 3.656110 2.771014
v 3.780616 3.656110 2.337147
v 3.811219 3.689726 2.671485
v 3.821965 3.701530 2.554081
v 3.811219 3.689726 2.436677
v 4.457808 2.942030 3.422471
v 4.540595 3.027088 3.422471
v 4.457808 2.942030 2.843544
v 4.540595 3.027088 2.843544
v 3.669805 3.534392 3.422471
v 3.747240 3.619449 3.422471
v 3.669805 3.534392 2.843544
v 3.747240 3.619449 2.843544
v 4.493490 2.978692 3.349942
v 4.493490 2.978692 2.916073
v 4.526209 3.012307 3.250411
v 4.537698 3.024112 3.133007
v 4.526209 3.012307 3.015603
v 4.576278 3.063749 2.916073
v 4.576278 3.063749 3.349942
v 4.608996 3.097364 3.015603
v 4.620485 3.109169 3.133007
v 4.608996 3.097364 3.250411
v 3.703181 3.571053 2.916073
v 3.703181 3.571053 3.349942
v 3.733784 3.604669 3.015603
v 3.744530 3.616473 3.133007
v 3.733784 3.604669 3.250411
v 3.780616 3.656110 3.349942
v 3.780616 3.656110 2.916074
v 3.811219 3.689726 3.250411
v 3.821965 3.701530 3.133007
v 3.811219 3.689726 3.015603
v 4.457808 2.942030 4.001398
v 4.540595 3.027088 4.001398
v 4.457808 2.942030 3.422471
v 4.540595 3.027088 3.422471
v 3.669805 3.534392 4.001398
v 3.747240 3.619449 4.001398
v 3.669805 3.534392 3.422471
v 3.747240 3.619449 3.422471
v 4.493490 2.978692 3.928869
v 4.493490 2.978692 3.495000
v 4.526209 3.012307 3.829338
v 4.537698 3.024112 3.711934
v 4.526209 3.012307 3.594530
v 4.576278 3.063749 3.495000
v 4.576278 3.063749 3.928869
v 4.608996 3.097364 3.594530
v 4.620485 3.109169 3.711934
v 4.608996 3.097364 3.829338
v 3.703181 3.571053 3.495000
v 3.703181 3.571053 3.928869
v 3.733784 3.604669 3.594530
v 3.744530 3.616473 3.711934
v 3.733784 3.604669 3.829338
v 3.780616 3.656110 3.928869
v 3.780616 3.656110 3.495000
v 3.811219 3.689726 3.829338
v 3.821965 3.701530 3.711934
v 3.811219 3.689726 3.594530
v 3.669805 3.534392 -1.208941
v 3.747240 3.619449 -1.208941
v 3.669805 3.534392 -1.787868
v 3.747240 3.619449 -1.787868
v 3.013320 4.007259 -1.208941
v 3.090754 4.092317 -1.208941
v 3.013320 4.007259 -1.787868
v 3.090754 4.092317 -1.787868
v 3.703181 3.571053 -1.281471
v 3.703181 3.571053 -1.715339
v 3.733784 3.604669 -1.381001
v 3.744530 3.616473 -1.498405
v 3.733784 3.604669 -1.615808
v 3.780616 3.656110 -1.715339
v 3.780616 3.656110 -1.281471
v 3.811219 3.689726 -1.615808
v 3.821965 3.701530 -1.498405
v 3.811219 3.689726 -1.381001
v 3.046695 4.043921 -1.715339
v 3.046695 4.043921 -1.281471
v 3.077298 4.077536 -1.615808
v 3.088045 4.089340 -1.498405
v 3.077298 4.077536 -1.381001
v 3.124130 4.128978 -1.281471
v 3.124130 4.128978 -1.715339
v 3.154733 4.162593 -1.381001
v 3.165479 4.174398 -1.498405
v 3.154733 4.162593 -1.615808
v 3.669805 3.534392 -0.630015
v 3.747240 3.619449 -0.630015
v 3.669805 3.534392 -1.208941
v 3.747240 3.619449 -1.208941
v 3.013320 4.007259 -0.630015
v 3.090754 4.092317 -0.630015
v 3.013320 4.007259 -1.208941
v 3.090754 4.092317 -1.208941
v 3.703181 3.571053 -0.702544
v 3.703181 3.571053 -1.136412
v 3.733784 3.604669 -0.802074
v 3.744530 3.616473 -0.919478
v 3.733784 3.604669 -1.036882
v 3.780616 3.656110 -1.136412
v 3.780616 3.656110 -0.702544
v 3.811219 3.689726 -1.036882
v 3.821965 3.701530 -0.919478
v 3.811219 3.689726 -0.802074
v 3.046695 4.043921 -1.136412
v 3.046695 4.043921 -0.702544
v 3.077298 4.077536 -1.036882
v 3.088045 4.089340 -0.919478
v 3.077298 4.077536 -0.802074
v 3.124130 4.128978 -0.702544
v 3.124130 4.128978 -1.136412
v 3.154733 4.162593 -0.802074
v 3.165479 4.174398 -0.919478
v 3.154733 4.162593 -1.036882
v 3.669805 3.534392 -0.051088
v 3.747240 3.619449 -0.051088
v 3.669805 3.534392 -0.630015
v 3.747240 3.619449 -0.630015
v 3.013320 4.007259 -0.051088
v 3.090754 4.092317 -0.051088
v 3.013320 4.007259 -0.630015
v 3.090754 4.092317 -0.630015
v 3.703181 3.571053 -0.123618
v 3.703181 3.571053 -0.557486
v 3.733784 3.604669 -0.223148
v 3.744530 3.616473 -0.340552
v 3.733784 3.604669 -0.457956
v 3.780616 3.656110 -0.557486
v 3.780616 3.656110 -0.123618
v 3.811219 3.689726 -0.457956
v 3.821965 3.701530 -0.340552
v 3.811219 3.689726 -0.223148
v 3.046695 4.043921 -0.557486
v 3.046695 4.043921 -0.123618
v 3.077298 4.077536 -0.457956
v 3.088045 4.089340 -0.340552
v 3.077298 4.077536 -0.223148
v 3.124130 4.128978 -0.123618
v 3.124130 4.128978 -0.557486
v 3.154733 4.162593 -0.223148
v 3.165479 4.174398 -0.340552
v 3.154733 4.162593 -0.457956
v 3.669805 3.534392 0.527838
v 3.747240 3.619449 0.527838
v 3.669805 3.534392 -0.051088
v 3.747240 3.619449 -0.051088
v 3.013320 4.007259 0.527838
v 3.090754 4.092317 0.527838
v 3.013320 4.007259 -0.051088
v 3.090754 4.092317 -0.051088
v 3.703181 3.571053 0.455309
v 3.703181 3.571053 0.021441
v 3.733784 3.604669 0.355779
v 3.744530 3.616473 0.238375
v 3.733784 3.604669 0.120971
v 3.780616 3.656110 0.021441
v 3.780616 3.656110 0.455309
v 3.811219 3.689726 0.120971
v 3.821965 3.701530 0.238375
v 3.811219 3.689726 0.355778
v 3.046695 4.043921 0.021441
v 3.046695 4.043921 0.455309
v 3.077298 4.077536 0.120971
v 3.088045 4.089340 0.238375
v 3.077298 4.077536 0.355779
v 3.124130 4.128978 0.455309
v 3.124130 4.128978 0.021441
v 3.154733 4.162593 0.355778
v 3.165479 4.174398 0.238375
v 3.154733 4.162593 0.120971
v 3.669805 3.534392 1.106765
v 3.747240 3.619449 1.106765
v 3.669805 3.534392 0.527838
v 3.747240 3.619449 0.527838
v 3.013320 4.007259 1.106765
v 3.090754 4.092317 1.106765
v 3.013320 4.007259 0.527838
v 3.090754 4.092317 0.527838
v 3.703181 3.571053 1.034235
v 3.703181 3.571053 0.600367
v 3.733784 3.604669 0.934705
v 3.744530 3.616473 0.817301
v 3.733784 3.604669 0.699897
v 3.780616 3.656110 0.600367
v 3.780616 3.656110 1.034235
v 3.811219 3.689726 0.699898
v 3.821965 3.701530 0.817301
v 3.811219 3.689726 0.934705
v 3.046695 4.043921 0.600367
v 3.046695 4.043921 1.034235
v 3.077298 4.077536 0.699897
v 3.088045 4.089340 0.817301
v 3.077298 4.077536 0.934705
v 3.124130 4.128978 1.034235
v 3.124130 4.128978 0.600367
v 3.154733 4.162593 0.934705
v 3.165479 4.174398 0.817301
v 3.154733 4.162593 0.699898
v 3.669805 3.534392 1.685691
v 3.747240 3.619449 1.685691
v 3.669805 3.534392 1.106765
v 3.747240 3.619449 1.106765
v 3.013320 4.007259 1.685691
v 3.090754 4.092317 1.685691
v 3.013320 4.007259 1.106765
v 3.090754 4.092317 1.106765
v 3.703181 3.571053 1.613162
v 3.703181 3.571053 1.179294
v 3.733784 3.604669 1.513632
v 3.744530 3.616473 1.396228
v 3.733784 3.604669 1.278824
v 3.780616 3.656110 1.179294
v 3.780616 3.656110 1.613162
v 3.811219 3.689726 1.278824
v 3.821965 3.701530 1.396228
v 3.811219 3.689726 1.513632
v 3.046695 4.043921 1.179294
v 3.046695 4.043921 1.613162
v 3.077298 4.077536 1.278824
v 3.088045 4.089340 1.396228
v 3.077298 4.077536 1.513632
v 3.124130 4.128978 1.613162
v 3.124130 4.128978 1.179294
v 3.154733 4.162593 1.513632
v 3.165479 4.174398 1.396228
v 3.154733 4.162593 1.278824
v 3.669805 3.534392 2.264618
v 3.747240 3.619449 2.264618
v 3.669805 3.534392 1.685691
v 3.747240 3.619449 1.685691
v 3.013320 4.007259 2.264618
v 3.090754 4.092317 2.264618
v 3.013320 4.007259 1.685691
v 3.090754 4.092317 1.685691
v 3.703181 3.571053 2.192089
v 3.703181 3.571053 1.758220
v 3.733784 3.604669 2.092558
v 3.744530 3.616473 1.975155
v 3.733784 3.604669 1.857751
v 3.780616 3.656110 1.758221
v 3.780616 3.656110 2.192088
v 3.811219 3.689726 1.857751
v 3.821965 3.701530 1.975155
v 3.811219 3.689726 2.092558
v 3.046695 4.043921 1.758220
v 3.046695 4.043921 2.192089
v 3.077298 4.077536 1.857751
v 3.088045 4.089340 1.975155
v 3.077298 4.077536 2.092558
v 3.124130 4.128978 2.192088
v 3.124130 4.128978 1.758221
v 3.154733 4.162593 2.092558
v 3.165479 4.174398 1.975155
v 3.154733 4.162593 1.857751
v 3.669805 3.534392 2.843544
v 3.747240 3.619449 2.843544
v 3.669805 3.534392 2.264618
v 3.747240 3.619449 2.264618
v 3.013320 4.007259 2.843544
v 3.090754 4.092317 2.843544
v 3.013320 4.007259 2.264618
v 3.090754 4.092317 2.264618
v 3.703181 3.571053 2.771014
v 3.703181 3.571053 2.337147
v 3.733784 3.604669 2.671485
v 3.744530 3.616473 2.554081
v 3.733784 3.604669 2.436677
v 3.780616 3.656110 2.337147
v 3.780616 3.656110 2.771014
v 3.811219 3.689726 2.436677
v 3.821965 3.701530 2.554081
v 3.811219 3.689726 2.671485
v 3.046695 4.043921 2.337147
v 3.046695 4.043921 2.771014
v 3.077298 4.077536 2.436677
v 3.088045 4.089340 2.554081
v 3.077298 4.077536 2.671485
v 3.124130 4.128978 2.771014
v 3.124130 4.128978 2.337147
v 3.154733 4.162593 2.671485
v 3.165479 4.174398 2.554081
v 3.154733 4.162593 2.436677
v 3.669805 3.534392 3.422471
v 3.747240 3.619449 3.422471
v 3.669805 3.534392 2.843544
v 3.747240 3.619449 2.843544
v 3.013320 4.007259 3.422471
v 3.090754 4.092317 3.422471
v 3.013320 4.007259 2.843544
v 3.090754 4.092317 2.843544
v 3.703181 3.571053 3.349942
v 3.703181 3.571053 2.916073
v 3.733784 3.604669 3.250411
v 3.744530 3.616473 3.133007
v 3.733784 3.604669 3.015603
v 3.780616 3.656110 2.916074
v 3.780616 3.656110 3.349942
v 3.811219 3.689726 3.015603
v 3.821965 3.701530 3.133007
v 3.811219 3.689726 3.250411
v 3.046695 4.043921 2.916073
v 3.046695 4.043921 3.349942
v 3.077298 4.077536 3.015603
v 3.088045 4.089340 3.133007
v 3.077298 4.077536 3.250411
v 3.124130 4.128978 3.349942
v 3.124130 4.128978 2.916074
v 3.154733 4.162593 3.250411
v 3.165479 4.174398 3.133007
v 3.154733 4.162593 3.015603
v 3.669805 3.534392 4.001398
v 3.747240 3.619449 4.001398
v 3.669805 3.534392 3.422471
v 3.747240 3.619449 3.422471
v 3.013320 4.007259 4.001398
v 3.090754 4.092317 4.001398
v 3.013320 4.007259 3.422471
v 3.090754 4.092317 3.422471
v 3.703181 3.571053 3.928869
v 3.703181 3.571053 3.495000
v 3.733784 3.604669 3.829338
v 3.744530 3.616473 3.711934
v 3.733784 3.604669 3.594530
v 3.780616 3.656110 3.495000
v 3.780616 3.656110 3.928869
v 3.811219 3.689726 3.594530
v 3.821965 3.701530 3.711934
v 3.811219 3.689726 3.829338
v 3.046695 4.043921 3.495000
v 3.046695 4.043921 3.928869
v 3.077298 4.077536 3.594530
v 3.088045 4.089340 3.711934
v 3.077298 4.077536 3.829338
v 3.124130 4.128978 3.928869
v 3.124130 4.128978 3.495000
v 3.154733 4.162593 3.829338
v 3.165479 4.174398 3.711934
v 3.154733 4.162593 3.594530
v 3.013320 4.007259 -1.208941
v 3.090754 4.092317 -1.208941
v 3.013320 4.007259 -1.787868
v 3.090754 4.092317 -1.787868
v 2.356834 4.480127 -1.208941
v 2.434268 4.565185 -1.208941
v 2.356834 4.480127 -1.787868
v 2.434268 4.565185 -1.787868
v 3.046695 4.043921 -1.281471
v 3.046695 4.043921 -1.715339
v 3.077298 4.077536 -1.381001
v 3.088045 4.089340 -1.498405
v 3.077298 4.077536 -1.615808
v 3.124130 4.128978 -1.715339
v 3.124130 4.128978 -1.281471
v 3.154733 4.162593 -1.615808
v 3.165479 4.174398 -1.498405
v 3.154733 4.162593 -1.381001
v 2.390210 4.516788 -1.715339
v 2.390210 4.516788 -1.281471
v 2.420813 4.550404 -1.615808
v 2.431559 4.562208 -1.498405
v 2.420813 4.550404 -1.381001
v 2.467644 4.601846 -1.281471
v 2.467644 4.601846 -1.715339
v 2.498247 4.635461 -1.381001
v 2.508993 4.647265 -1.498405
v 2.498247 4.635461 -1.615808
v 3.013320 4.007259 -0.630015
v 3.090754 4.092317 -0.630015
v 3.013320 4.007259 -1.208941
v 3.090754 4.092317 -1.208941
v 2.356834 4.480127 -0.630015
v 2.434268 4.565185 -0.630015
v 2.356834 4.480127 -1.208941
v 2.434268 4.565185 -1.208941
v 3.046695 4.043921 -0.702544
v 3.046695 4.043921 -1.136412
v 3.077298 4.077536 -0.802074
v 3.088045 4.089340 -0.919478
v 3.077298 4.077536 -1.036882
v 3.124130 4.128978 -1.136412
v 3.124130 4.128978 -0.702544
v 3.154733 4.162593 -1.036882
v 3.165479 4.174398 -0.919478
v 3.154733 4.162593 -0.802074
v 2.390210 4.516788 -1.136412
v 2.390210 4.516788 -0.702544
v 2.420813 4.550404 -1.036882
v 2.431559 4.562208 -0.919478
v 2.420813 4.550404 -0.802074
v 2.467644 4.601846 -0.702544
v 2.467644 4.601846 -1.136412
v 2.498247 4.635461 -0.802074
v 2.508993 4.647265 -0.919478
v 2.498247 4.635461 -1.036882
v 3.013320 4.007259 -0.051088
v 3.090754 4.092317 -0.051088
v 3.013320 4.007259 -0.630015
v 3.090754 4.092317 -0.630015
v 2.356834 4.480127 -0.051088
v 2.434268 4.565185 -0.051088
v 2.356834 4.480127 -0.630015
v 2.434268 4.565185 -0.630015
v 3.046695 4.043921 -0.123618
v 3.046695 4.043921 -0.557486
v 3.077298 4.077536 -0.223148
v 3.088045 4.089340 -0.340552
v 3.077298 4.077536 -0.457956
v 3.124130 4.128978 -0.557486
v 3.124130 4.128978 -0.123618
v 3.154733 4.162593 -0.457956
v 3.165479 4.174398 -0.340552
v 3.154733 4.162593 -0.223148
v 2.390210 4.516788 -0.557486
v 2.390210 4.516788 -0.123618
v 2.420813 4.550404 -0.457956
v 2.431559 4.562208 -0.340552
v 2.420813 4.550404 -0.223148
v 2.467644 4.601846 -0.123618
v 2.467644 4.601846 -0.557486
v 2.498247 4.635461 -0.223148
v 2.508993 4.647265 -0.340552
v 2.498247 4.635461 -0.457956
v 3.013320 4.007259 0.527838
v 3.090754 4.092317 0.527838
v 3.013320 4.007259 -0.051088
v 3.090754 4.092317 -0.051088
v 2.356834 4.480127 0.527838
v 2.434268 4.565185 0.527838
v 2.356834 4.480127 -0.051088
v 2.434268 4.565185 -0.051088
v 3.046695 4.043921 0.455309
v 3.046695 4.043921 0.021441
v 3.077298 4.077536 0.355779
v 3.088045 4.089340 0.238375
v 3.077298 4.077536 0.120971
v 3.124130 4.128978 0.021441
v 3.124130 4.128978 0.455309
v 3.154733 4.162593 0.120971
v 3.165479 4.174398 0.238375
v 3.154733 4.162593 0.355778
v 2.390210 4.516788 0.021441
v 2.390210 4.516788 0.455309
v 2.420813 4.550404 0.120971
v 2.431559 4.562208 0.238375
v 2.420813 4.550404 0.355779
v 2.467644 4.601846 0.455309
v 2.467644 4.601846 0.021441
v 2.498247 4.635461 0.355778
v 2.508993 4.647265 0.238375
v 2.498247 4.635461 0.120971
v 3.013320 4.007259 1.106765
v 3.090754 4.092317 1.106765
v 3.013320 4.007259 0.527838
v 3.090754 4.092317 0.527838
v 2.356834 4.480127 1.106765
v 2.434268 4.565185 1.106765
v 2.356834 4.480127 0.527838
v 2.434268 4.565185 0.527838
v 3.046695 4.043921 1.034235
v 3.046695 4.043921 0.600367
v 3.077298 4.077536 0.934705
v 3.088045 4.089340 0.817301
v 3.077298 4.077536 0.699897
v 3.124130 4.128978 0.600367
v 3.124130 4.128978 1.034235
v 3.154733 4.162593 0.699898
v 3.165479 4.174398 0.817301
v 3.154733 4.162593 0.934705
v 2.390210 4.516788 0.600367
v 2.390210 4.516788 1.034235
v 2.420813 4.550404 0.699897
v 2.431559 4.562208 0.817301
v 2.420813 4.550404 0.934705
v 2.467644 4.601846 1.034235
v 2.467644 4.601846 0.600367
v 2.498247 4.635461 0.934705
v 2.508993 4.647265 0.817301
v 2.498247 4.635461 0.699898
v 3.013320 4.007259 1.685691
v 3.090754 4.092317 1.685691
v 3.013320 4.007259 1.106765
v 3.090754 4.092317 1.106765
v 2.356834 4.480127 1.685691
v 2.434268 4.565185 1.685691
v 2.356834 4.480127 1.106765
v 2.434268 4.565185 1.106765
v 3.046695 4.043921 1.613162
v 3.046695 4.043921 1.179294
v 3.077298 4.077536 1.513632
v 3.088045 4.089340 1.396228
v 3.077298 4.077536 1.278824
v 3.124130 4.128978 1.179294
v 3.124130 4.128978 1.613162
v 3.154733 4.162593 1.278824
v 3.165479 4.174398 1.396228
v 3.154733 4.162593 1.513632
v 2.390210 4.516788 1.179294
v 2.390210 4.516788 1.613162
v 2.420813 4.550404 1.278824
v 2.431559 4.562208 1.396228
v 2.420813 4.550404 1.513632
v 2.467644 4.601846 1.613162
v 2.467644 4.601846 1.179294
v 2.498247 4.635461 1.513632
v 2.508993 4.647265 1.396228
v 2.498247 4.635461 1.278824
v 3.013320 4.007259 2.264618
v 3.090754 4.092317 2.264618
v 3.013320 4.007259 1.685691
v 3.090754 4.092317 1.685691
v 2.356834 4.480127 2.264618
v 2.434268 4.565185 2.264618
v 2.356834 4.480127 1.685691
v 2.434268 4.565185 1.685691
v 3.046695 4.043921 2.192089
v 3.046695 4.043921 1.758220
v 3.077298 4.077536 2.092558
v 3.088045 4.089340 1.975155
v 3.077298 4.077536 1.857751
v 3.124130 4.128978 1.758221
v 3.124130 4.128978 2.192088
v 3.154733 4.162593 1.857751
v 3.165479 4.174398 1.975155
v 3.154733 4.162593 2.092558
v 2.390210 4.516788 1.758220
v 2.390210 4.516788 2.192089
v 2.420813 4.550404 1.857751
v 2.431559 4.562208 1.975155
v 2.420813 4.550404 2.092558
v 2.467644 4.601846 2.192088
v 2.467644 4.601846 1.758221
v 2.498247 4.635461 2.092558
v 2.508993 4.647265 1.975155
v 2.498247 4.635461 1.857751
v 3.013320 4.007259 2.843544
v 3.090754 4.092317 2.843544
v 3.013320 4.007259 2.264618
v 3.090754 4.092317 2.264618
v 2.356834 4.480127 2.843544
v 2.434268 4.565185 2.843544
v 2.356834 4.480127 2.264618
v 2.434268 4.565185 2.264618
v 3.046695 4.043921 2.771014
v 3.046695 4.043921 2.337147
v 3.077298 4.077536 2.671485
v 3.088045 4.089340 2.554081
v 3.077298 4.077536 2.436677
v 3.124130 4.128978 2.337147
v 3.124130 4.128978 2.771014
v 3.154733 4.162593 2.436677
v 3.165479 4.174398 2.554081
v 3.154733 4.162593 2.671485
v 2.390210 4.516788 2.337147
v 2.390210 4.516788 2.771014
v 2.420813 4.550404 2.436677
v 2.431559 4.562208 2.554081
v 2.420813 4.550404 2.671485
v 2.467644 4.601846 2.771014
v 2.467644 4.601846 2.337147
v 2.498247 4.635461 2.671485
v 2.508993 4.647265 2.554081
v 2.498247 4.635461 2.436677
v 3.013320 4.007259 3.422471
v 3.090754 4.092317 3.422471
v 3.013320 4.007259 2.843544
v 3.090754 4.092317 2.843544
v 2.356834 4.480127 3.422471
v 2.434268 4.565185 3.422471
v 2.356834 4.480127 2.843544
v 2.434268 4.565185 2.843544
v 3.046695 4.043921 3.349942
v 3.046695 4.043921 2.916073
v 3.077298 4.077536 3.250411
v 3.088045 4.089340 3.133007
v 3.077298 4.077536 3.015603
v 3.124130 4.128978 2.916074
v 3.124130 4.128978 3.349942
v 3.154733 4.162593 3.015603
v 3.165479 4.174398 3.133007
v 3.154733 4.162593 3.250411
v 2.390210 4.516788 2.916073
v 2.390210 4.516788 3.349942
v 2.420813 4.550404 3.015603
v 2.431559 4.562208 3.133007
v 2.420813 4.550404 3.250411
v 2.467644 4.601846 3.349942
v 2.467644 4.601846 2.916074
v 2.498247 4.635461 3.250411
v 2.508993 4.647265 3.133007
v 2.498247 4.635461 3.015603
v 3.013320 4.007259 4.001398
v 3.090754 4.092317 4.001398
v 3.013320 4.007259 3.422471
v 3.090754 4.092317 3.422471
v 2.356834 4.480127 4.001398
v 2.434268 4.565185 4.001398
v 2.356834 4.480127 3.422471
v 2.434268 4.565185 3.422471
v 3.046695 4.043921 3.928869
v 3.046695 4.043921 3.495000
v 3.077298 4.077536 3.829338
v 3.088045 4.089340 3.711934
v 3.077298 4.077536 3.594530
v 3.124130 4.128978 3.495000
v 3.124130 4.128978 3.928869
v 3.154733 4.162593 3.594530
v 3.165479 4.174398 3.711934
v 3.154733 4.162593 3.829338
v 2.390210 4.516788 3.495000
v 2.390210 4.516788 3.928869
v 2.420813 4.550404 3.594530
v 2.431559 4.562208 3.711934
v 2.420813 4.550404 3.829338
v 2.467644 4.601846 3.928869
v 2.467644 4.601846 3.495000
v 2.498247 4.635461 3.829338
v 2.508993 4.647265 3.711934
v 2.498247 4.635461 3.594530
v 3.888026 3.174007 -1.508766
v 3.888025 0.971705 -1.508766
v 3.888026 3.174007 3.679757
v 3.888025 0.971705 3.679757
v 0.959464 3.174007 -1.508766
v 0.959464 0.971705 -1.508766
v 0.959464 3.174007 3.679757
v 0.959464 0.971705 3.679757
v 0.840271 0.953820 -1.417611
v 0.840271 3.194662 -1.417611
v 0.840271 0.953820 -1.613217
v 0.840271 3.194662 -1.613217
v 1.046386 0.953820 -1.417611
v 1.046386 3.194662 -1.417611
v 1.046386 0.953820 -1.613217
v 1.046386 3.194662 -1.613217
v 0.868236 0.984544 -1.427808
v 0.868236 0.984544 3.631791
v 0.868236 1.094266 -1.427808
v 0.868236 1.094265 3.631791
v 1.060493 0.984544 -1.427808
v 1.060493 0.984544 3.631791
v 1.060493 1.094266 -1.427808
v 1.060493 1.094265 3.631791
v 3.979254 0.984545 -1.427808
v 3.979254 0.984545 3.631791
v 3.979254 1.094266 -1.427808
v 3.979254 1.094266 3.631791
v 3.786996 0.984545 -1.427808
v 3.786996 0.984544 3.631791
v 3.786996 1.094266 -1.427808
v 3.786997 1.094265 3.631791
v 0.868236 3.187878 -1.427808
v 0.868236 3.187878 3.631791
v 0.868236 3.078157 -1.427808
v 0.868236 3.078157 3.631791
v 1.060493 3.187878 -1.427808
v 1.060493 3.187878 3.631791
v 1.060493 3.078157 -1.427808
v 1.060493 3.078157 3.631791
v 3.979254 3.187878 -1.427808
v 3.979254 3.187878 3.631791
v 3.979254 3.078156 -1.427808
v 3.979254 3.078157 3.631791
v 3.786996 3.187878 -1.427808
v 3.786997 3.187878 3.631791
v 3.786996 3.078156 -1.427808
v 3.786997 3.078157 3.631791
v 0.890706 1.125162 -1.433980
v 3.947231 1.125161 -1.433980
v 0.890706 1.125162 -1.583939
v 3.947231 1.125161 -1.583939
v 0.890706 0.954149 -1.433980
v 3.947231 0.954149 -1.433980
v 0.890706 0.954149 -1.583939
v 3.947231 0.954149 -1.583939
v 3.970671 1.598741 -1.427808
v 3.970671 1.598741 3.631793
v 3.970671 1.748700 -1.427808
v 3.970671 1.748700 3.631793
v 3.778414 1.598741 -1.427808
v 3.778414 1.598741 3.631793
v 3.778414 1.748700 -1.427808
v 3.778414 1.748700 3.631793
v 0.859652 1.598741 -1.427808
v 0.859652 1.598741 3.631793
v 0.859652 1.748700 -1.427808
v 0.859652 1.748700 3.631793
v 1.051909 1.598741 -1.427808
v 1.051909 1.598741 3.631793
v 1.051909 1.748700 -1.427808
v 1.051909 1.748700 3.631793
v 3.970671 1.598741 3.598800
v 3.970671 1.598741 -1.460801
v 3.970671 1.748700 3.598800
v 3.970671 1.748700 -1.460801
v 3.778414 1.598741 3.598800
v 3.778414 1.598741 -1.460801
v 3.778414 1.748700 3.598800
v 3.778414 1.748700 -1.460801
v 0.859652 1.598741 3.598800
v 0.859652 1.598741 -1.460801
v 0.859652 1.748700 3.598800
v 0.859652 1.748700 -1.460801
v 1.051909 1.598741 3.598800
v 1.051909 1.598741 -1.460801
v 1.051909 1.748700 3.598800
v 1.051909 1.748700 -1.460801
v 3.970671 1.748700 2.333900
v 3.778414 1.748700 2.333900
v 3.778414 1.598741 2.333900
v 3.970671 1.598741 2.333900
v 3.970671 1.598741 -0.195901
v 3.970671 1.748700 -0.195901
v 3.778414 1.748700 -0.195901
v 3.778414 1.598741 -0.195901
v 3.970671 1.748700 0.553349
v 3.778414 1.748700 0.553349
v 3.778414 1.598741 0.553349
v 3.970671 1.598741 0.553349
v 3.970671 1.598741 1.584650
v 3.970671 1.748700 1.584650
v 3.778414 1.748700 1.584650
v 3.778414 1.598741 1.584650
v 0.890185 1.016020 -0.817587
v 0.890186 1.635405 -0.817587
v 0.890185 1.016020 -0.967546
v 0.890186 1.635405 -0.967546
v 1.082443 1.016020 -0.817587
v 1.082443 1.635405 -0.817587
v 1.082443 1.016020 -0.967546
v 1.082443 1.635405 -0.967546
v 0.909737 1.759227 -1.430829
v 3.945945 1.759227 -1.430829
v 0.909737 1.759227 -1.580788
v 3.945945 1.759227 -1.580788
v 0.909737 1.588215 -1.430829
v 3.945945 1.588214 -1.430829
v 0.909737 1.588215 -1.580788
v 3.945945 1.588214 -1.580788
v 2.327616 1.016020 -1.416028
v 2.327616 1.635404 -1.416028
v 2.327616 1.016020 -1.565988
v 2.327616 1.635404 -1.565988
v 2.519873 1.016020 -1.416028
v 2.519873 1.635405 -1.416028
v 2.519873 1.016020 -1.565988
v 2.519873 1.635405 -1.565988
v 1.385756 1.016020 -1.416028
v 1.385756 1.635404 -1.416028
v 1.385756 1.016020 -1.565987
v 1.385756 1.635404 -1.565987
v 1.578014 1.016020 -1.416028
v 1.578014 1.635404 -1.416028
v 1.578014 1.016020 -1.565987
v 1.578014 1.635404 -1.565987
v 3.461733 1.016020 -1.416028
v 3.461733 1.635404 -1.416028
v 3.461733 1.016020 -1.565987
v 3.461733 1.635404 -1.565987
v 3.269476 1.016020 -1.416028
v 3.269476 1.635404 -1.416028
v 3.269476 1.016020 -1.565987
v 3.269476 1.635404 -1.565987
v 2.423745 4.389458 -1.562239
v 2.423745 4.389458 3.733230
v 4.042585 3.181251 -1.628715
v 4.042585 3.181250 3.799706
v 0.804904 3.181251 -1.628715
v 0.804904 3.181250 3.799706
v 0.638203 3.263370 -1.546029
v 4.199736 3.263370 -1.546029
v 0.638203 3.263370 -1.695988
v 4.199736 3.263370 -1.695988
v 0.638203 3.092358 -1.546029
v 4.199735 3.092357 -1.546029
v 0.638203 3.092358 -1.695988
v 4.199735 3.092357 -1.695988
v 1.368702 3.759692 -1.490264
v 3.469235 3.759692 -1.490264
v 1.368702 3.759692 -1.662400
v 3.469235 3.759692 -1.662400
v 1.368702 3.622270 -1.490264
v 3.469235 3.622270 -1.490264
v 1.368702 3.622270 -1.662400
v 3.469235 3.622270 -1.662400
v 3.566792 1.921394 -1.462800
v 3.566792 2.747671 -1.462800
v 2.873180 1.921394 -1.462800
v 2.873180 2.747670 -1.462800
v 3.566792 1.921394 -1.555648
v 3.566792 2.747671 -1.555648
v 2.873180 1.921394 -1.555648
v 2.873180 2.747670 -1.555648
v 3.474500 2.031338 -1.462800
v 3.474500 2.637726 -1.462800
v 2.965472 2.031338 -1.462800
v 2.965472 2.637726 -1.462800
v 2.965472 2.031338 -1.555648
v 2.965472 2.637726 -1.555648
v 3.474500 2.031338 -1.555648
v 3.474500 2.637726 -1.555648
v 3.808920 0.978380 1.604293
v 3.808920 2.576589 1.604293
v 3.808920 0.978380 0.566698
v 3.808920 2.576589 0.566698
v 3.984202 0.978380 1.604293
v 3.984202 2.576589 1.604293
v 3.984202 0.978380 0.566698
v 3.984202 2.576589 0.566698
v 3.808920 1.103614 1.510783
v 3.808920 2.451355 1.510783
v 3.808920 1.103614 0.660208
v 3.808920 2.451355 0.660208
v 3.984202 1.103614 0.660208
v 3.984202 2.451355 0.660208
v 3.984202 1.103614 1.510783
v 3.984202 2.451355 1.510783
v 2.304407 4.443465 -1.886411
v 2.304407 4.443465 4.090395
v 2.299622 4.772337 -2.006248
v 2.299622 4.772337 4.210232
v 2.543082 4.443465 -1.886411
v 2.543082 4.443465 4.090395
v 2.547868 4.772337 -2.006248
v 2.547868 4.772337 4.210232
v 0.890185 1.016020 0.122611
v 0.890186 1.635405 0.122611
v 0.890185 1.016020 -0.027348
v 0.890186 1.635405 -0.027348
v 1.082443 1.016020 0.122611
v 1.082443 1.635405 0.122611
v 1.082443 1.016020 -0.027348
v 1.082443 1.635405 -0.027348
vn -0.4920 0.6599 -0.5678
vn -0.0000 -0.0000 -1.0000
vn -0.0000 -0.0000 1.0000
vn -0.7166 -0.6975 -0.0000
vn 0.7395 0.6732 -0.0000
vn -0.4920 0.6599 0.5678
vn 0.4941 -0.6583 -0.5680
vn 0.4941 -0.6583 0.5680
vn -0.5419 0.7288 0.4185
vn -0.5904 0.7956 0.1359
vn -0.5904 0.7956 -0.1359
vn -0.5419 0.7288 -0.4185
vn 0.5442 -0.7270 -0.4187
vn 0.5930 -0.7936 -0.1360
vn 0.5930 -0.7936 0.1360
vn 0.5442 -0.7270 0.4187
vn 0.4941 -0.6583 0.5679
vn 0.5930 -0.7936 0.1359
vn -0.4835 0.6713 -0.5618
vn -0.7395 -0.6732 -0.0000
vn -0.4835 0.6713 0.5618
vn 0.4835 -0.6713 -0.5618
vn 0.4835 -0.6713 0.5618
vn -0.5322 0.7389 0.4132
vn -0.5792 0.8041 0.1339
vn -0.5792 0.8041 -0.1339
vn -0.5322 0.7389 -0.4132
vn 0.5322 -0.7389 -0.4132
vn 0.5792 -0.8041 -0.1339
vn 0.5792 -0.8041 0.1339
vn 0.5322 -0.7389 0.4132
vn 0.4920 0.6599 -0.5678
vn 0.7166 -0.6975 -0.0000
vn -0.7395 0.6732 -0.0000
vn 0.4920 0.6599 0.5678
vn -0.4941 -0.6583 -0.5680
vn -0.4941 -0.6583 0.5680
vn 0.5419 0.7288 0.4185
vn 0.5904 0.7956 0.1359
vn 0.5904 0.7956 -0.1359
vn 0.5419 0.7288 -0.4185
vn -0.5442 -0.7270 -0.4187
vn -0.5930 -0.7936 -0.1360
vn -0.5930 -0.7936 0.1360
vn -0.5442 -0.7270 0.4187
vn 0.4835 0.6713 -0.5618
vn 0.7395 -0.6732 -0.0000
vn 0.4835 0.6713 0.5618
vn -0.4835 -0.6713 -0.5618
vn -0.4835 -0.6713 0.5618
vn 0.5322 0.7389 0.4132
vn 0.5792 0.8041 0.1339
vn 0.5792 0.8041 -0.1339
vn 0.5322 0.7389 -0.4132
vn -0.5322 -0.7389 -0.4132
vn -0.5792 -0.8041 -0.1339
vn -0.5792 -0.8041 0.1339
vn -0.5322 -0.7389 0.4132
vn -0.0000 1.0000 -0.0000
vn -1.0000 -0.0000 -0.0000
vn -0.0000 -1.0000 -0.0000
vn 1.0000 -0.0000 -0.0000
vn 0.5981 0.8014 -0.0000
vn -0.0000 0.0549 0.9985
vn -0.5981 0.8014 -0.0000
vn -0.0000 0.0549 -0.9985
vn -0.9999 -0.0145 -0.0000
vn 0.9999 -0.0145 -0.0000
vn -0.0000 -0.3424 -0.9396
vn -0.0000 -0.3424 0.9396
vt 0.648861 0.881599
vt 0.572164 0.878566
vt 0.561702 0.879591
vt 0.638623 0.882467
vt 0.580167 0.864684
vt 0.656347 0.868083
vt 0.600379 0.828508
vt 0.592893 0.842024
vt 0.516196 0.838991
vt 0.524199 0.825109
vt 0.569706 0.865709
vt 0.646109 0.868951
vt 0.596678 0.852808
vt 0.519758 0.849933
vt 0.527762 0.836050
vt 0.604164 0.839292
vt 0.603342 0.864954
vt 0.526217 0.862223
vt 0.613653 0.874855
vt 0.536456 0.872175
vt 0.626042 0.881005
vt 0.548917 0.878274
vt 0.534221 0.848341
vt 0.610828 0.851437
vt 0.544460 0.858293
vt 0.621139 0.861339
vt 0.556920 0.864392
vt 0.633528 0.867489
vt 0.505735 0.840016
vt 0.582655 0.842892
vt 0.544412 0.788933
vt 0.536926 0.802449
vt 0.460228 0.799416
vt 0.468232 0.785534
vt 0.513738 0.826134
vt 0.590141 0.829376
vt 0.540711 0.813233
vt 0.463790 0.810358
vt 0.471794 0.796475
vt 0.548197 0.799717
vt 0.547374 0.825379
vt 0.470249 0.822648
vt 0.557685 0.835280
vt 0.480489 0.832600
vt 0.570074 0.841430
vt 0.492949 0.838699
vt 0.478253 0.808766
vt 0.554860 0.811862
vt 0.488492 0.818718
vt 0.565171 0.821764
vt 0.500953 0.824817
vt 0.577560 0.827914
vt 0.449767 0.800441
vt 0.526687 0.803317
vt 0.488444 0.749358
vt 0.480958 0.762874
vt 0.404261 0.759841
vt 0.412264 0.745959
vt 0.457770 0.786559
vt 0.534173 0.789801
vt 0.484743 0.773658
vt 0.407823 0.770782
vt 0.415826 0.756900
vt 0.492229 0.760142
vt 0.491407 0.785804
vt 0.414282 0.783073
vt 0.501718 0.795705
vt 0.424521 0.793025
vt 0.514107 0.801855
vt 0.436982 0.799124
vt 0.422285 0.769190
vt 0.498893 0.772287
vt 0.432525 0.779143
vt 0.509204 0.782189
vt 0.444985 0.785242
vt 0.521593 0.788339
vt 0.393799 0.760866
vt 0.470720 0.763742
vt 0.432477 0.709783
vt 0.424991 0.723299
vt 0.348293 0.720266
vt 0.356297 0.706384
vt 0.401803 0.746984
vt 0.478206 0.750226
vt 0.428776 0.734083
vt 0.351855 0.731207
vt 0.359859 0.717325
vt 0.436262 0.720567
vt 0.435439 0.746229
vt 0.358314 0.743498
vt 0.445750 0.756130
vt 0.368554 0.753450
vt 0.458139 0.762280
vt 0.381014 0.759549
vt 0.366318 0.729615
vt 0.442925 0.732712
vt 0.376557 0.739568
vt 0.453236 0.742614
vt 0.389018 0.745667
vt 0.465625 0.748764
vt 0.337832 0.721291
vt 0.414752 0.724167
vt 0.376509 0.670208
vt 0.369023 0.683724
vt 0.292326 0.680691
vt 0.300329 0.666809
vt 0.345835 0.707409
vt 0.422238 0.710651
vt 0.372808 0.694508
vt 0.295888 0.691632
vt 0.303891 0.677750
vt 0.380294 0.680992
vt 0.379472 0.706653
vt 0.302347 0.703923
vt 0.389783 0.716555
vt 0.312586 0.713875
vt 0.402172 0.722705
vt 0.325047 0.719974
vt 0.310350 0.690040
vt 0.386958 0.693137
vt 0.320589 0.699993
vt 0.397269 0.703039
vt 0.333050 0.706092
vt 0.409658 0.709188
vt 0.281864 0.681716
vt 0.358785 0.684592
vt 0.320541 0.630633
vt 0.313055 0.644149
vt 0.236358 0.641116
vt 0.244361 0.627234
vt 0.289868 0.667834
vt 0.366271 0.671075
vt 0.316841 0.654933
vt 0.239920 0.652057
vt 0.247924 0.638175
vt 0.324327 0.641417
vt 0.323504 0.667078
vt 0.246379 0.664348
vt 0.333815 0.676980
vt 0.256618 0.674300
vt 0.346204 0.683130
vt 0.269079 0.680399
vt 0.254383 0.650465
vt 0.330990 0.653562
vt 0.264622 0.660418
vt 0.341301 0.663464
vt 0.277083 0.666517
vt 0.353690 0.669613
vt 0.225897 0.642141
vt 0.302817 0.645017
vt 0.264574 0.591058
vt 0.257088 0.604574
vt 0.180390 0.601541
vt 0.188394 0.587659
vt 0.233900 0.628259
vt 0.310303 0.631500
vt 0.260873 0.615358
vt 0.183953 0.612482
vt 0.191956 0.598600
vt 0.268359 0.601842
vt 0.267537 0.627503
vt 0.190412 0.624773
vt 0.277848 0.637405
vt 0.200651 0.634725
vt 0.290237 0.643555
vt 0.213112 0.640824
vt 0.198415 0.610890
vt 0.275023 0.613987
vt 0.208654 0.620843
vt 0.285334 0.623888
vt 0.221115 0.626942
vt 0.297722 0.630038
vt 0.169929 0.602566
vt 0.246849 0.605442
vt 0.208606 0.551483
vt 0.201120 0.564999
vt 0.124423 0.561966
vt 0.132426 0.548084
vt 0.177933 0.588684
vt 0.254335 0.591925
vt 0.204905 0.575783
vt 0.127985 0.572907
vt 0.135989 0.559025
vt 0.212391 0.562266
vt 0.211569 0.587928
vt 0.134444 0.585198
vt 0.221880 0.597830
vt 0.144683 0.595150
vt 0.234269 0.603980
vt 0.157144 0.601249
vt 0.142447 0.571315
vt 0.219055 0.574412
vt 0.152687 0.581267
vt 0.229366 0.584313
vt 0.165147 0.587367
vt 0.241755 0.590463
vt 0.113962 0.562991
vt 0.190882 0.565867
vt 0.152639 0.511908
vt 0.145153 0.525424
vt 0.068455 0.522391
vt 0.076459 0.508509
vt 0.121965 0.549109
vt 0.198368 0.552350
vt 0.148938 0.536208
vt 0.072017 0.533332
vt 0.080021 0.519450
vt 0.156424 0.522691
vt 0.155601 0.548353
vt 0.078476 0.545622
vt 0.165912 0.558255
vt 0.088716 0.555575
vt 0.178301 0.564405
vt 0.101176 0.561674
vt 0.086480 0.531740
vt 0.163087 0.534837
vt 0.096719 0.541692
vt 0.173398 0.544738
vt 0.109180 0.547792
vt 0.185787 0.550888
vt 0.057994 0.523416
vt 0.134914 0.526292
vt 0.096671 0.472333
vt 0.089185 0.485849
vt 0.012488 0.482816
vt 0.020491 0.468933
vt 0.065997 0.509534
vt 0.142400 0.512775
vt 0.092970 0.496633
vt 0.016050 0.493757
vt 0.024053 0.479875
vt 0.100456 0.483116
vt 0.099634 0.508778
vt 0.022509 0.506047
vt 0.109945 0.518680
vt 0.032748 0.516000
vt 0.122334 0.524830
vt 0.045209 0.522099
vt 0.030512 0.492165
vt 0.107120 0.495262
vt 0.040752 0.502117
vt 0.117431 0.505163
vt 0.053212 0.508217
vt 0.129820 0.511313
vt 0.712327 0.882437
vt 0.702088 0.883304
vt 0.719812 0.868920
vt 0.663845 0.829345
vt 0.656359 0.842862
vt 0.709574 0.869788
vt 0.660144 0.853645
vt 0.667630 0.840129
vt 0.666808 0.865791
vt 0.677119 0.875692
vt 0.689508 0.881842
vt 0.674294 0.852275
vt 0.684605 0.862176
vt 0.696994 0.868326
vt 0.646121 0.843729
vt 0.607877 0.789770
vt 0.600391 0.803287
vt 0.653607 0.830213
vt 0.604177 0.814070
vt 0.611663 0.800554
vt 0.610840 0.826216
vt 0.621151 0.836117
vt 0.633540 0.842267
vt 0.618326 0.812700
vt 0.628637 0.822601
vt 0.641026 0.828751
vt 0.590153 0.804154
vt 0.551910 0.750195
vt 0.544424 0.763712
vt 0.597639 0.790638
vt 0.548209 0.774495
vt 0.555695 0.760979
vt 0.554872 0.786641
vt 0.565184 0.796542
vt 0.577572 0.802692
vt 0.562358 0.773125
vt 0.572670 0.783026
vt 0.585058 0.789176
vt 0.534185 0.764579
vt 0.495942 0.710620
vt 0.488456 0.724137
vt 0.541671 0.751063
vt 0.492241 0.734920
vt 0.499727 0.721404
vt 0.498905 0.747066
vt 0.509216 0.756967
vt 0.521605 0.763117
vt 0.506391 0.733550
vt 0.516702 0.743451
vt 0.529091 0.749601
vt 0.478218 0.725004
vt 0.439975 0.671045
vt 0.432489 0.684561
vt 0.485704 0.711488
vt 0.436274 0.695345
vt 0.443760 0.681829
vt 0.442937 0.707491
vt 0.453248 0.717392
vt 0.465637 0.723542
vt 0.450423 0.693975
vt 0.460734 0.703876
vt 0.473123 0.710026
vt 0.422250 0.685429
vt 0.384007 0.631470
vt 0.376521 0.644986
vt 0.429736 0.671913
vt 0.380306 0.655770
vt 0.387792 0.642254
vt 0.386970 0.667916
vt 0.397281 0.677817
vt 0.409670 0.683967
vt 0.394456 0.654400
vt 0.404767 0.664301
vt 0.417156 0.670451
vt 0.366283 0.645854
vt 0.328039 0.591895
vt 0.320553 0.605411
vt 0.373769 0.632338
vt 0.324339 0.616195
vt 0.331825 0.602679
vt 0.331002 0.628341
vt 0.341313 0.638242
vt 0.353702 0.644392
vt 0.338488 0.614825
vt 0.348799 0.624726
vt 0.361188 0.630876
vt 0.310315 0.606279
vt 0.272072 0.552320
vt 0.264586 0.565836
vt 0.317801 0.592763
vt 0.268371 0.576620
vt 0.275857 0.563104
vt 0.275035 0.588766
vt 0.285346 0.598667
vt 0.297734 0.604817
vt 0.282521 0.575249
vt 0.292832 0.585151
vt 0.305220 0.591301
vt 0.254348 0.566704
vt 0.216104 0.512745
vt 0.208618 0.526261
vt 0.261834 0.553188
vt 0.212403 0.537045
vt 0.219889 0.523529
vt 0.219067 0.549191
vt 0.229378 0.559092
vt 0.241767 0.565242
vt 0.226553 0.535674
vt 0.236864 0.545576
vt 0.249253 0.551726
vt 0.198380 0.527129
vt 0.160137 0.473170
vt 0.152651 0.486686
vt 0.205866 0.513613
vt 0.156436 0.497470
vt 0.163922 0.483954
vt 0.163099 0.509616
vt 0.173410 0.519517
vt 0.185799 0.525667
vt 0.170585 0.496099
vt 0.180896 0.506001
vt 0.193285 0.512151
vt 0.775792 0.883274
vt 0.765554 0.884142
vt 0.783278 0.869758
vt 0.727310 0.830183
vt 0.719824 0.843699
vt 0.773040 0.870626
vt 0.723610 0.854483
vt 0.731096 0.840967
vt 0.730273 0.866629
vt 0.740584 0.876530
vt 0.752973 0.882680
vt 0.737759 0.853112
vt 0.748070 0.863014
vt 0.760459 0.869164
vt 0.709586 0.844567
vt 0.671343 0.790608
vt 0.663857 0.804124
vt 0.717072 0.831051
vt 0.667642 0.814908
vt 0.675128 0.801392
vt 0.674306 0.827053
vt 0.684617 0.836955
vt 0.697006 0.843105
vt 0.681792 0.813537
vt 0.692103 0.823439
vt 0.704491 0.829588
vt 0.653619 0.804992
vt 0.615375 0.751033
vt 0.607889 0.764549
vt 0.661105 0.791475
vt 0.611674 0.775333
vt 0.619160 0.761817
vt 0.618338 0.787478
vt 0.628649 0.797380
vt 0.641038 0.803530
vt 0.625824 0.773962
vt 0.636135 0.783864
vt 0.648524 0.790013
vt 0.597651 0.765417
vt 0.559408 0.711458
vt 0.551922 0.724974
vt 0.605137 0.751900
vt 0.555707 0.735758
vt 0.563193 0.722242
vt 0.562370 0.747903
vt 0.572682 0.757805
vt 0.585070 0.763955
vt 0.569856 0.734387
vt 0.580167 0.744289
vt 0.592556 0.750438
vt 0.541683 0.725842
vt 0.503440 0.671883
vt 0.495954 0.685399
vt 0.549169 0.712325
vt 0.499739 0.696183
vt 0.507225 0.682666
vt 0.506403 0.708328
vt 0.516714 0.718230
vt 0.529103 0.724380
vt 0.513889 0.694812
vt 0.524200 0.704714
vt 0.536589 0.710863
vt 0.485716 0.686267
vt 0.447473 0.632308
vt 0.439987 0.645824
vt 0.493202 0.672750
vt 0.443772 0.656608
vt 0.451258 0.643091
vt 0.450435 0.668753
vt 0.460746 0.678655
vt 0.473135 0.684805
vt 0.457921 0.655237
vt 0.468232 0.665138
vt 0.480621 0.671288
vt 0.429748 0.646692
vt 0.391505 0.592733
vt 0.384019 0.606249
vt 0.437234 0.633175
vt 0.387804 0.617033
vt 0.395290 0.603516
vt 0.394468 0.629178
vt 0.404779 0.639080
vt 0.417168 0.645230
vt 0.401954 0.615662
vt 0.412265 0.625563
vt 0.424654 0.631713
vt 0.373781 0.607117
vt 0.335537 0.553158
vt 0.328051 0.566674
vt 0.381267 0.593600
vt 0.331837 0.577458
vt 0.339323 0.563941
vt 0.338500 0.589603
vt 0.348811 0.599505
vt 0.361200 0.605655
vt 0.345986 0.576087
vt 0.356297 0.585988
vt 0.368686 0.592138
vt 0.317813 0.567542
vt 0.279570 0.513583
vt 0.272084 0.527099
vt 0.325299 0.554025
vt 0.275869 0.537883
vt 0.283355 0.524366
vt 0.282532 0.550028
vt 0.292844 0.559930
vt 0.305233 0.566079
vt 0.290018 0.536512
vt 0.300330 0.546413
vt 0.312719 0.552563
vt 0.261845 0.527966
vt 0.223602 0.474007
vt 0.216116 0.487524
vt 0.269331 0.514450
vt 0.219901 0.498307
vt 0.227387 0.484791
vt 0.226565 0.510453
vt 0.236876 0.520355
vt 0.249265 0.526504
vt 0.234051 0.496937
vt 0.244362 0.506838
vt 0.256751 0.512988
vt 0.904758 0.700653
vt 0.900973 0.696957
vt 0.977894 0.585300
vt 0.981456 0.589153
vt 0.973452 0.586589
vt 0.897272 0.697723
vt 0.841305 0.658148
vt 0.917485 0.547014
vt 0.925488 0.549578
vt 0.848791 0.661078
vt 0.969890 0.582736
vt 0.893487 0.694028
vt 0.859029 0.667298
vt 0.935949 0.555641
vt 0.927946 0.553077
vt 0.851543 0.664369
vt 0.948735 0.563458
vt 0.871610 0.675260
vt 0.961195 0.571839
vt 0.883999 0.683692
vt 0.971434 0.579509
vt 0.894310 0.691311
vt 0.864124 0.672330
vt 0.940731 0.560894
vt 0.876512 0.680763
vt 0.953192 0.569276
vt 0.886824 0.688382
vt 0.963431 0.576946
vt 0.845006 0.657382
vt 0.921926 0.545725
vt 0.785337 0.618573
vt 0.861517 0.507439
vt 0.869520 0.510003
vt 0.792823 0.621503
vt 0.913922 0.543161
vt 0.837520 0.654453
vt 0.803061 0.627723
vt 0.879982 0.516066
vt 0.871978 0.513502
vt 0.795575 0.624794
vt 0.892767 0.523883
vt 0.815642 0.635685
vt 0.905228 0.532264
vt 0.828031 0.644117
vt 0.915467 0.539934
vt 0.838342 0.651736
vt 0.808156 0.632755
vt 0.884763 0.521319
vt 0.820545 0.641188
vt 0.897224 0.529701
vt 0.830856 0.648807
vt 0.907463 0.537371
vt 0.789038 0.617807
vt 0.865958 0.506150
vt 0.729370 0.578998
vt 0.805549 0.467864
vt 0.813553 0.470428
vt 0.736856 0.581928
vt 0.857955 0.503586
vt 0.781552 0.614878
vt 0.747094 0.588148
vt 0.824014 0.476491
vt 0.816011 0.473927
vt 0.739608 0.585219
vt 0.836799 0.484308
vt 0.759674 0.596110
vt 0.849260 0.492689
vt 0.772063 0.604542
vt 0.859499 0.500359
vt 0.782374 0.612161
vt 0.752188 0.593180
vt 0.828796 0.481744
vt 0.764577 0.601613
vt 0.841257 0.490126
vt 0.774888 0.609232
vt 0.851496 0.497796
vt 0.733070 0.578232
vt 0.809991 0.466575
vt 0.673402 0.539423
vt 0.749582 0.428289
vt 0.757585 0.430853
vt 0.680888 0.542352
vt 0.801987 0.464011
vt 0.725584 0.575303
vt 0.691126 0.548573
vt 0.768047 0.436916
vt 0.760043 0.434352
vt 0.683640 0.545644
vt 0.780832 0.444733
vt 0.703707 0.556535
vt 0.793292 0.453114
vt 0.716096 0.564967
vt 0.803532 0.460784
vt 0.726407 0.572586
vt 0.696221 0.553605
vt 0.772828 0.442169
vt 0.708610 0.562037
vt 0.785289 0.450551
vt 0.718921 0.569657
vt 0.795528 0.458221
vt 0.677103 0.538657
vt 0.754023 0.427000
vt 0.617434 0.499848
vt 0.693614 0.388714
vt 0.701618 0.391278
vt 0.624920 0.502777
vt 0.746020 0.424436
vt 0.669617 0.535728
vt 0.635159 0.508998
vt 0.712079 0.397341
vt 0.704076 0.394777
vt 0.627673 0.506069
vt 0.724864 0.405158
vt 0.647739 0.516960
vt 0.737325 0.413539
vt 0.660128 0.525392
vt 0.747564 0.421209
vt 0.670439 0.533011
vt 0.640253 0.514030
vt 0.716861 0.402594
vt 0.652642 0.522462
vt 0.729321 0.410976
vt 0.662953 0.530082
vt 0.739561 0.418645
vt 0.621135 0.499082
vt 0.698056 0.387425
vt 0.561467 0.460273
vt 0.637647 0.349139
vt 0.645650 0.351703
vt 0.568953 0.463202
vt 0.690052 0.384861
vt 0.613649 0.496153
vt 0.579191 0.469423
vt 0.656112 0.357766
vt 0.648108 0.355202
vt 0.571705 0.466494
vt 0.668897 0.365583
vt 0.591772 0.477385
vt 0.681357 0.373964
vt 0.604161 0.485817
vt 0.691597 0.381634
vt 0.614472 0.493436
vt 0.584286 0.474455
vt 0.660893 0.363019
vt 0.596675 0.482887
vt 0.673354 0.371401
vt 0.606986 0.490507
vt 0.683593 0.379070
vt 0.565168 0.459507
vt 0.642088 0.347850
vt 0.505499 0.420698
vt 0.581679 0.309564
vt 0.589683 0.312128
vt 0.512985 0.423627
vt 0.634085 0.345286
vt 0.557682 0.456578
vt 0.523224 0.429848
vt 0.600144 0.318191
vt 0.592140 0.315627
vt 0.515737 0.426919
vt 0.612929 0.326008
vt 0.535804 0.437810
vt 0.625390 0.334389
vt 0.548193 0.446242
vt 0.635629 0.342059
vt 0.558504 0.453861
vt 0.528318 0.434880
vt 0.604926 0.323444
vt 0.540707 0.443312
vt 0.617386 0.331826
vt 0.551018 0.450931
vt 0.627626 0.339495
vt 0.509200 0.419932
vt 0.586120 0.308275
vt 0.449532 0.381123
vt 0.525712 0.269989
vt 0.533715 0.272553
vt 0.457018 0.384052
vt 0.578117 0.305711
vt 0.501714 0.417002
vt 0.467256 0.390273
vt 0.544176 0.278616
vt 0.536173 0.276052
vt 0.459770 0.387344
vt 0.556961 0.286433
vt 0.479836 0.398235
vt 0.569422 0.294814
vt 0.492225 0.406667
vt 0.579661 0.302484
vt 0.502536 0.414286
vt 0.472351 0.395305
vt 0.548958 0.283869
vt 0.484739 0.403737
vt 0.561419 0.292250
vt 0.495050 0.411356
vt 0.571658 0.299920
vt 0.453232 0.380357
vt 0.530153 0.268700
vt 0.393564 0.341548
vt 0.469744 0.230414
vt 0.477747 0.232978
vt 0.401050 0.344477
vt 0.522149 0.266136
vt 0.445746 0.377427
vt 0.411288 0.350698
vt 0.488209 0.239041
vt 0.480205 0.236477
vt 0.403802 0.347768
vt 0.500994 0.246858
vt 0.423869 0.358660
vt 0.513455 0.255239
vt 0.436258 0.367092
vt 0.523694 0.262909
vt 0.446569 0.374711
vt 0.416383 0.355730
vt 0.492990 0.244294
vt 0.428772 0.364162
vt 0.505451 0.252676
vt 0.439083 0.371781
vt 0.515690 0.260345
vt 0.397265 0.340782
vt 0.474185 0.229124
vt 0.337596 0.301973
vt 0.413776 0.190839
vt 0.421780 0.193402
vt 0.345082 0.304902
vt 0.466182 0.226561
vt 0.389779 0.337852
vt 0.355321 0.311123
vt 0.432241 0.199466
vt 0.424238 0.196902
vt 0.347835 0.308193
vt 0.445026 0.207283
vt 0.367901 0.319085
vt 0.457487 0.215664
vt 0.380290 0.327517
vt 0.467726 0.223334
vt 0.390601 0.335136
vt 0.360415 0.316155
vt 0.437023 0.204719
vt 0.372804 0.324587
vt 0.449483 0.213100
vt 0.383115 0.332206
vt 0.459723 0.220770
vt 0.841293 0.791244
vt 0.837508 0.787549
vt 0.833807 0.788314
vt 0.777839 0.748739
vt 0.785325 0.751669
vt 0.830022 0.784619
vt 0.795563 0.757890
vt 0.788077 0.754960
vt 0.808144 0.765851
vt 0.820533 0.774283
vt 0.830844 0.781903
vt 0.800658 0.762922
vt 0.813047 0.771354
vt 0.823358 0.778973
vt 0.781540 0.747974
vt 0.721872 0.709164
vt 0.729357 0.712094
vt 0.774054 0.745044
vt 0.739596 0.718315
vt 0.732110 0.715385
vt 0.752176 0.726276
vt 0.764565 0.734708
vt 0.774876 0.742328
vt 0.744690 0.723347
vt 0.757079 0.731779
vt 0.767390 0.739398
vt 0.725572 0.708398
vt 0.665904 0.669589
vt 0.673390 0.672519
vt 0.718086 0.705469
vt 0.683628 0.678740
vt 0.676142 0.675810
vt 0.696209 0.686701
vt 0.708598 0.695133
vt 0.718909 0.702752
vt 0.688723 0.683772
vt 0.701112 0.692204
vt 0.711423 0.699823
vt 0.669605 0.668823
vt 0.609936 0.630014
vt 0.617422 0.632944
vt 0.662119 0.665894
vt 0.627661 0.639164
vt 0.620175 0.636235
vt 0.640241 0.647126
vt 0.652630 0.655558
vt 0.662941 0.663177
vt 0.632755 0.644197
vt 0.645144 0.652629
vt 0.655455 0.660248
vt 0.613637 0.629248
vt 0.553969 0.590439
vt 0.561455 0.593369
vt 0.606151 0.626319
vt 0.571693 0.599589
vt 0.564207 0.596660
vt 0.584274 0.607551
vt 0.596663 0.615983
vt 0.606974 0.623602
vt 0.576788 0.604622
vt 0.589177 0.613054
vt 0.599488 0.620673
vt 0.557670 0.589673
vt 0.498001 0.550864
vt 0.505487 0.553794
vt 0.550184 0.586744
vt 0.515725 0.560014
vt 0.508240 0.557085
vt 0.528306 0.567976
vt 0.540695 0.576408
vt 0.551006 0.584027
vt 0.520820 0.565046
vt 0.533209 0.573479
vt 0.543520 0.581098
vt 0.501702 0.550098
vt 0.442034 0.511289
vt 0.449520 0.514219
vt 0.494216 0.547169
vt 0.459758 0.520439
vt 0.452272 0.517510
vt 0.472338 0.528401
vt 0.484727 0.536833
vt 0.495038 0.544452
vt 0.464853 0.525471
vt 0.477241 0.533904
vt 0.487552 0.541523
vt 0.445734 0.510523
vt 0.386066 0.471714
vt 0.393552 0.474644
vt 0.438248 0.507594
vt 0.403790 0.480864
vt 0.396304 0.477935
vt 0.416371 0.488826
vt 0.428760 0.497258
vt 0.439071 0.504877
vt 0.408885 0.485896
vt 0.421274 0.494329
vt 0.431585 0.501948
vt 0.389767 0.470948
vt 0.330098 0.432139
vt 0.337584 0.435069
vt 0.382281 0.468019
vt 0.347823 0.441289
vt 0.340337 0.438360
vt 0.360403 0.449251
vt 0.372792 0.457683
vt 0.383103 0.465302
vt 0.352917 0.446321
vt 0.365306 0.454754
vt 0.375617 0.462373
vt 0.333799 0.431373
vt 0.274131 0.392564
vt 0.281617 0.395493
vt 0.326313 0.428444
vt 0.291855 0.401714
vt 0.284369 0.398785
vt 0.304436 0.409676
vt 0.316825 0.418108
vt 0.327136 0.425727
vt 0.296950 0.406746
vt 0.309339 0.415178
vt 0.319650 0.422798
vt 0.777827 0.881835
vt 0.774042 0.878140
vt 0.770341 0.878906
vt 0.714373 0.839331
vt 0.721859 0.842260
vt 0.766556 0.875210
vt 0.732098 0.848481
vt 0.724612 0.845551
vt 0.744678 0.856443
vt 0.757067 0.864875
vt 0.767378 0.872494
vt 0.737192 0.853513
vt 0.749581 0.861945
vt 0.759892 0.869564
vt 0.718074 0.838565
vt 0.658406 0.799756
vt 0.665892 0.802685
vt 0.710588 0.835635
vt 0.676130 0.808906
vt 0.668644 0.805976
vt 0.688711 0.816868
vt 0.701100 0.825300
vt 0.711411 0.832919
vt 0.681225 0.813938
vt 0.693614 0.822370
vt 0.703925 0.829989
vt 0.662107 0.798990
vt 0.602438 0.760181
vt 0.609924 0.763110
vt 0.654621 0.796060
vt 0.620163 0.769331
vt 0.612677 0.766401
vt 0.632743 0.777292
vt 0.645132 0.785725
vt 0.655443 0.793344
vt 0.625257 0.774363
vt 0.637646 0.782795
vt 0.647957 0.790414
vt 0.606139 0.759415
vt 0.546471 0.720606
vt 0.553957 0.723535
vt 0.598653 0.756485
vt 0.564195 0.729756
vt 0.556709 0.726826
vt 0.576776 0.737717
vt 0.589164 0.746150
vt 0.599476 0.753769
vt 0.569290 0.734788
vt 0.581679 0.743220
vt 0.591990 0.750839
vt 0.550172 0.719840
vt 0.490503 0.681031
vt 0.497989 0.683960
vt 0.542686 0.716910
vt 0.508227 0.690181
vt 0.500741 0.687251
vt 0.520808 0.698142
vt 0.533197 0.706575
vt 0.543508 0.714194
vt 0.513322 0.695213
vt 0.525711 0.703645
vt 0.536022 0.711264
vt 0.494204 0.680265
vt 0.434536 0.641456
vt 0.442022 0.644385
vt 0.486718 0.677335
vt 0.452260 0.650606
vt 0.444774 0.647676
vt 0.464840 0.658567
vt 0.477229 0.667000
vt 0.487540 0.674619
vt 0.457354 0.655638
vt 0.469743 0.664070
vt 0.480054 0.671689
vt 0.438236 0.640690
vt 0.378568 0.601880
vt 0.386054 0.604810
vt 0.430750 0.637760
vt 0.396292 0.611031
vt 0.388806 0.608101
vt 0.408873 0.618992
vt 0.421262 0.627424
vt 0.431573 0.635044
vt 0.401387 0.616063
vt 0.413776 0.624495
vt 0.424087 0.632114
vt 0.382269 0.601115
vt 0.322600 0.562305
vt 0.330086 0.565235
vt 0.374783 0.598185
vt 0.340325 0.571456
vt 0.332839 0.568526
vt 0.352905 0.579417
vt 0.365294 0.587849
vt 0.375605 0.595469
vt 0.345419 0.576488
vt 0.357808 0.584920
vt 0.368119 0.592539
vt 0.326301 0.561540
vt 0.266633 0.522730
vt 0.274119 0.525660
vt 0.318815 0.558610
vt 0.284357 0.531881
vt 0.276871 0.528951
vt 0.296938 0.539842
vt 0.309327 0.548274
vt 0.319638 0.555893
vt 0.289452 0.536913
vt 0.301841 0.545345
vt 0.312152 0.552964
vt 0.270334 0.521964
vt 0.210665 0.483155
vt 0.218151 0.486085
vt 0.262848 0.519035
vt 0.228389 0.492306
vt 0.220903 0.489376
vt 0.240970 0.500267
vt 0.253359 0.508699
vt 0.263670 0.516318
vt 0.233484 0.497338
vt 0.245873 0.505770
vt 0.256184 0.513389
vt 0.891387 0.628886
vt 0.608268 0.829081
vt 0.106669 0.474397
vt 0.389787 0.274202
vt 0.389787 0.061295
vt 0.106669 0.261490
vt 0.608269 0.616174
vt 0.891387 0.415979
vt 0.587933 0.616362
vt 0.587933 0.832994
vt 0.606843 0.846366
vt 0.606843 0.629733
vt 0.626770 0.832276
vt 0.626770 0.615643
vt 0.607859 0.818905
vt 0.607859 0.602272
vt 0.591623 0.618117
vt 0.102487 0.272246
vt 0.102487 0.282853
vt 0.591623 0.628724
vt 0.121073 0.269711
vt 0.610209 0.615582
vt 0.121073 0.259104
vt 0.610209 0.604975
vt 0.892379 0.405450
vt 0.892379 0.416057
vt 0.403244 0.070186
vt 0.403244 0.059579
vt 0.873793 0.429200
vt 0.384657 0.083329
vt 0.873793 0.418593
vt 0.384657 0.072722
vt 0.591623 0.831124
vt 0.591623 0.820517
vt 0.102487 0.474646
vt 0.102487 0.485253
vt 0.610209 0.807374
vt 0.121073 0.461503
vt 0.610209 0.817981
vt 0.121073 0.472110
vt 0.892379 0.618457
vt 0.403244 0.272586
vt 0.403244 0.261979
vt 0.892379 0.607850
vt 0.384657 0.275121
vt 0.873793 0.620992
vt 0.384657 0.285728
vt 0.873793 0.631599
vt 0.594392 0.630597
vt 0.889880 0.421655
vt 0.904378 0.431906
vt 0.608889 0.640848
vt 0.904378 0.415374
vt 0.608889 0.624316
vt 0.889880 0.405123
vt 0.594392 0.614065
vt 0.891550 0.479911
vt 0.872963 0.493054
vt 0.872963 0.478557
vt 0.891550 0.465414
vt 0.383828 0.147183
vt 0.402414 0.134040
vt 0.402414 0.119543
vt 0.383828 0.132686
vt 0.590793 0.678081
vt 0.590793 0.692579
vt 0.101657 0.346708
vt 0.101657 0.332210
vt 0.609379 0.679436
vt 0.120243 0.333565
vt 0.609379 0.664939
vt 0.120243 0.319068
vt 0.772455 0.381202
vt 0.772455 0.395699
vt 0.894739 0.482167
vt 0.894739 0.467669
vt 0.753869 0.408842
vt 0.876153 0.495309
vt 0.753869 0.394344
vt 0.876153 0.480812
vt 0.405604 0.136296
vt 0.405604 0.121798
vt 0.387017 0.134941
vt 0.387017 0.149438
vt 0.104847 0.334466
vt 0.593982 0.680337
vt 0.593982 0.694834
vt 0.104847 0.348963
vt 0.612569 0.681691
vt 0.123433 0.335820
vt 0.612569 0.667194
vt 0.123433 0.321323
vt 0.527887 0.222763
vt 0.527887 0.208266
vt 0.509301 0.235906
vt 0.509301 0.221409
vt 0.681435 0.343126
vt 0.700022 0.329983
vt 0.681435 0.357623
vt 0.700022 0.344481
vt 0.600321 0.273982
vt 0.600321 0.259484
vt 0.581735 0.287124
vt 0.581735 0.272627
vt 0.534752 0.577945
vt 0.534752 0.637824
vt 0.549249 0.648075
vt 0.549249 0.588196
vt 0.567835 0.634933
vt 0.567835 0.575054
vt 0.553338 0.624682
vt 0.553338 0.564803
vt 0.595927 0.690379
vt 0.889451 0.482826
vt 0.903949 0.493077
vt 0.610424 0.700630
vt 0.903949 0.476544
vt 0.610424 0.684097
vt 0.889451 0.466293
vt 0.595927 0.673846
vt 0.731569 0.520593
vt 0.731569 0.580471
vt 0.746066 0.590723
vt 0.746066 0.530844
vt 0.764653 0.577580
vt 0.764653 0.517701
vt 0.750155 0.567329
vt 0.750155 0.507450
vt 0.640515 0.584977
vt 0.640515 0.644856
vt 0.655012 0.655107
vt 0.655012 0.595228
vt 0.673599 0.641965
vt 0.673599 0.582086
vt 0.659101 0.631714
vt 0.659101 0.571835
vt 0.841209 0.443065
vt 0.855707 0.453316
vt 0.855707 0.513195
vt 0.841209 0.502944
vt 0.837120 0.466459
vt 0.837120 0.526338
vt 0.822623 0.456208
vt 0.822623 0.516086
vt 0.754997 0.850143
vt 0.243059 0.488148
vt 0.393133 0.256137
vt 0.917925 0.627221
vt 0.080131 0.477463
vt 0.604923 0.848547
vt 0.580813 0.862229
vt 0.925123 0.618765
vt 0.939621 0.629016
vt 0.595310 0.872480
vt 0.939621 0.612483
vt 0.595310 0.855947
vt 0.925123 0.602232
vt 0.580813 0.845696
vt 0.646043 0.856462
vt 0.849111 0.712871
vt 0.865753 0.724638
vt 0.662684 0.868229
vt 0.865753 0.711353
vt 0.662684 0.854944
vt 0.849111 0.699586
vt 0.646043 0.843177
vt 0.788833 0.653902
vt 0.788833 0.574022
vt 0.797755 0.578342
vt 0.797755 0.636965
vt 0.855888 0.526607
vt 0.855888 0.606488
vt 0.846965 0.602168
vt 0.846965 0.543545
vt 0.797809 0.660249
vt 0.797809 0.580369
vt 0.855941 0.549892
vt 0.864864 0.532954
vt 0.864864 0.612835
vt 0.855941 0.608515
vt 0.806731 0.643312
vt 0.806731 0.584689
vt 0.683094 0.434661
vt 0.683094 0.280155
vt 0.674054 0.285870
vt 0.674054 0.416162
vt 0.582785 0.209225
vt 0.582785 0.363732
vt 0.591825 0.358017
vt 0.591825 0.227725
vt 0.700039 0.422679
vt 0.700039 0.268173
vt 0.608770 0.215743
vt 0.599730 0.197243
vt 0.599730 0.351750
vt 0.608770 0.346035
vt 0.690999 0.404180
vt 0.690999 0.273887
vt 0.774799 0.885682
vt 0.196993 0.477111
vt 0.184945 0.501040
vt 0.785922 0.925994
vt 0.208944 0.484070
vt 0.809921 0.909024
vt 0.220067 0.460795
vt 0.797873 0.869366
vt 0.443858 0.513674
vt 0.443858 0.573553
vt 0.458355 0.583804
vt 0.458355 0.523925
vt 0.476942 0.570661
vt 0.476942 0.510782
vt 0.462445 0.560410
vt 0.462445 0.500531
s 0
usemtl Material
f 8/1/1 4/2/1 14/3/1 25/4/1
f 3/5/2 4/2/2 8/1/2 7/6/2
f 5/7/3 6/8/3 2/9/3 1/10/3
f 10/11/4 14/3/4 4/2/4 3/5/4
f 7/6/5 8/1/5 25/4/5 19/12/5
f 24/13/6 15/14/6 2/9/6 6/8/6
f 9/15/7 20/16/7 5/7/7 1/10/7
f 20/16/5 24/13/5 6/8/5 5/7/5
f 3/5/8 7/6/8 19/12/8 10/11/8
f 15/14/9 24/13/9 26/17/9 18/18/9
f 18/18/10 26/17/10 27/19/10 17/20/10
f 17/20/11 27/19/11 28/21/11 16/22/11
f 16/22/12 28/21/12 25/4/12 14/3/12
f 20/16/13 9/15/13 11/23/13 23/24/13
f 23/24/14 11/23/14 12/25/14 22/26/14
f 22/26/15 12/25/15 13/27/15 21/28/15
f 21/28/16 13/27/16 10/11/16 19/12/16
f 24/13/5 20/16/5 23/24/5 26/17/5
f 26/17/5 23/24/5 22/26/5 27/19/5
f 27/19/5 22/26/5 21/28/5 28/21/5
f 28/21/5 21/28/5 19/12/5 25/4/5
f 14/3/4 10/11/4 13/27/4 16/22/4
f 16/22/4 13/27/4 12/25/4 17/20/4
f 17/20/4 12/25/4 11/23/4 18/18/4
f 18/18/4 11/23/4 9/15/4 15/14/4
f 1/10/4 2/9/4 15/14/4 9/15/4
f 36/8/1 32/9/1 42/29/1 53/30/1
f 31/10/2 32/9/2 36/8/2 35/7/2
f 33/31/3 34/32/3 30/33/3 29/34/3
f 38/35/4 42/29/4 32/9/4 31/10/4
f 35/7/5 36/8/5 53/30/5 47/36/5
f 52/37/6 43/38/6 30/33/6 34/32/6
f 37/39/7 48/40/7 33/31/7 29/34/7
f 48/40/5 52/37/5 34/32/5 33/31/5
f 31/10/8 35/7/8 47/36/8 38/35/8
f 43/38/9 52/37/9 54/41/9 46/42/9
f 46/42/10 54/41/10 55/43/10 45/44/10
f 45/44/11 55/43/11 56/45/11 44/46/11
f 44/46/12 56/45/12 53/30/12 42/29/12
f 48/40/13 37/39/13 39/47/13 51/48/13
f 51/48/14 39/47/14 40/49/14 50/50/14
f 50/50/15 40/49/15 41/51/15 49/52/15
f 49/52/16 41/51/16 38/35/16 47/36/16
f 52/37/5 48/40/5 51/48/5 54/41/5
f 54/41/5 51/48/5 50/50/5 55/43/5
f 55/43/5 50/50/5 49/52/5 56/45/5
f 56/45/5 49/52/5 47/36/5 53/30/5
f 42/29/4 38/35/4 41/51/4 44/46/4
f 44/46/4 41/51/4 40/49/4 45/44/4
f 45/44/4 40/49/4 39/47/4 46/42/4
f 46/42/4 39/47/4 37/39/4 43/38/4
f 29/34/4 30/33/4 43/38/4 37/39/4
f 64/32/1 60/33/1 70/53/1 81/54/1
f 59/34/2 60/33/2 64/32/2 63/31/2
f 61/55/3 62/56/3 58/57/3 57/58/3
f 66/59/4 70/53/4 60/33/4 59/34/4
f 63/31/5 64/32/5 81/54/5 75/60/5
f 80/61/6 71/62/6 58/57/6 62/56/6
f 65/63/7 76/64/7 61/55/7 57/58/7
f 76/64/5 80/61/5 62/56/5 61/55/5
f 59/34/8 63/31/8 75/60/8 66/59/8
f 71/62/9 80/61/9 82/65/9 74/66/9
f 74/66/10 82/65/10 83/67/10 73/68/10
f 73/68/11 83/67/11 84/69/11 72/70/11
f 72/70/12 84/69/12 81/54/12 70/53/12
f 76/64/13 65/63/13 67/71/13 79/72/13
f 79/72/14 67/71/14 68/73/14 78/74/14
f 78/74/15 68/73/15 69/75/15 77/76/15
f 77/76/16 69/75/16 66/59/16 75/60/16
f 80/61/5 76/64/5 79/72/5 82/65/5
f 82/65/5 79/72/5 78/74/5 83/67/5
f 83/67/5 78/74/5 77/76/5 84/69/5
f 84/69/5 77/76/5 75/60/5 81/54/5
f 70/53/4 66/59/4 69/75/4 72/70/4
f 72/70/4 69/75/4 68/73/4 73/68/4
f 73/68/4 68/73/4 67/71/4 74/66/4
f 74/66/4 67/71/4 65/63/4 71/62/4
f 57/58/4 58/57/4 71/62/4 65/63/4
f 92/56/1 88/57/1 98/77/1 109/78/1
f 87/58/2 88/57/2 92/56/2 91/55/2
f 89/79/3 90/80/3 86/81/3 85/82/3
f 94/83/4 98/77/4 88/57/4 87/58/4
f 91/55/5 92/56/5 109/78/5 103/84/5
f 108/85/6 99/86/6 86/81/6 90/80/6
f 93/87/7 104/88/7 89/79/7 85/82/7
f 104/88/5 108/85/5 90/80/5 89/79/5
f 87/58/8 91/55/8 103/84/8 94/83/8
f 99/86/9 108/85/9 110/89/9 102/90/9
f 102/90/10 110/89/10 111/91/10 101/92/10
f 101/92/11 111/91/11 112/93/11 100/94/11
f 100/94/12 112/93/12 109/78/12 98/77/12
f 104/88/13 93/87/13 95/95/13 107/96/13
f 107/96/14 95/95/14 96/97/14 106/98/14
f 106/98/15 96/97/15 97/99/15 105/100/15
f 105/100/16 97/99/16 94/83/16 103/84/16
f 108/85/5 104/88/5 107/96/5 110/89/5
f 110/89/5 107/96/5 106/98/5 111/91/5
f 111/91/5 106/98/5 105/100/5 112/93/5
f 112/93/5 105/100/5 103/84/5 109/78/5
f 98/77/4 94/83/4 97/99/4 100/94/4
f 100/94/4 97/99/4 96/97/4 101/92/4
f 101/92/4 96/97/4 95/95/4 102/90/4
f 102/90/4 95/95/4 93/87/4 99/86/4
f 85/82/4 86/81/4 99/86/4 93/87/4
f 120/80/1 116/81/1 126/101/1 137/102/1
f 115/82/2 116/81/2 120/80/2 119/79/2
f 117/103/3 118/104/3 114/105/3 113/106/3
f 122/107/4 126/101/4 116/81/4 115/82/4
f 119/79/5 120/80/5 137/102/5 131/108/5
f 136/109/6 127/110/6 114/105/6 118/104/6
f 121/111/7 132/112/7 117/103/7 113/106/7
f 132/112/5 136/109/5 118/104/5 117/103/5
f 115/82/8 119/79/8 131/108/8 122/107/8
f 127/110/9 136/109/9 138/113/9 130/114/9
f 130/114/10 138/113/10 139/115/10 129/116/10
f 129/116/11 139/115/11 140/117/11 128/118/11
f 128/118/12 140/117/12 137/102/12 126/101/12
f 132/112/13 121/111/13 123/119/13 135/120/13
f 135/120/14 123/119/14 124/121/14 134/122/14
f 134/122/15 124/121/15 125/123/15 133/124/15
f 133/124/16 125/123/16 122/107/16 131/108/16
f 136/109/5 132/112/5 135/120/5 138/113/5
f 138/113/5 135/120/5 134/122/5 139/115/5
f 139/115/5 134/122/5 133/124/5 140/117/5
f 140/117/5 133/124/5 131/108/5 137/102/5
f 126/101/4 122/107/4 125/123/4 128/118/4
f 128/118/4 125/123/4 124/121/4 129/116/4
f 129/116/4 124/121/4 123/119/4 130/114/4
f 130/114/4 123/119/4 121/111/4 127/110/4
f 113/106/4 114/105/4 127/110/4 121/111/4
f 148/104/1 144/105/1 154/125/1 165/126/1
f 143/106/2 144/105/2 148/104/2 147/103/2
f 145/127/3 146/128/3 142/129/3 141/130/3
f 150/131/4 154/125/4 144/105/4 143/106/4
f 147/103/5 148/104/5 165/126/5 159/132/5
f 164/133/6 155/134/6 142/129/6 146/128/6
f 149/135/7 160/136/7 145/127/7 141/130/7
f 160/136/5 164/133/5 146/128/5 145/127/5
f 143/106/8 147/103/8 159/132/8 150/131/8
f 155/134/9 164/133/9 166/137/9 158/138/9
f 158/138/10 166/137/10 167/139/10 157/140/10
f 157/140/11 167/139/11 168/141/11 156/142/11
f 156/142/12 168/141/12 165/126/12 154/125/12
f 160/136/13 149/135/13 151/143/13 163/144/13
f 163/144/14 151/143/14 152/145/14 162/146/14
f 162/146/15 152/145/15 153/147/15 161/148/15
f 161/148/16 153/147/16 150/131/16 159/132/16
f 164/133/5 160/136/5 163/144/5 166/137/5
f 166/137/5 163/144/5 162/146/5 167/139/5
f 167/139/5 162/146/5 161/148/5 168/141/5
f 168/141/5 161/148/5 159/132/5 165/126/5
f 154/125/4 150/131/4 153/147/4 156/142/4
f 156/142/4 153/147/4 152/145/4 157/140/4
f 157/140/4 152/145/4 151/143/4 158/138/4
f 158/138/4 151/143/4 149/135/4 155/134/4
f 141/130/4 142/129/4 155/134/4 149/135/4
f 176/128/1 172/129/1 182/149/1 193/150/1
f 171/130/2 172/129/2 176/128/2 175/127/2
f 173/151/3 174/152/3 170/153/3 169/154/3
f 178/155/4 182/149/4 172/129/4 171/130/4
f 175/127/5 176/128/5 193/150/5 187/156/5
f 192/157/6 183/158/6 170/153/6 174/152/6
f 177/159/7 188/160/7 173/151/7 169/154/7
f 188/160/5 192/157/5 174/152/5 173/151/5
f 171/130/8 175/127/8 187/156/8 178/155/8
f 183/158/9 192/157/9 194/161/9 186/162/9
f 186/162/10 194/161/10 195/163/10 185/164/10
f 185/164/11 195/163/11 196/165/11 184/166/11
f 184/166/12 196/165/12 193/150/12 182/149/12
f 188/160/13 177/159/13 179/167/13 191/168/13
f 191/168/14 179/167/14 180/169/14 190/170/14
f 190/170/15 180/169/15 181/171/15 189/172/15
f 189/172/16 181/171/16 178/155/16 187/156/16
f 192/157/5 188/160/5 191/168/5 194/161/5
f 194/161/5 191/168/5 190/170/5 195/163/5
f 195/163/5 190/170/5 189/172/5 196/165/5
f 196/165/5 189/172/5 187/156/5 193/150/5
f 182/149/4 178/155/4 181/171/4 184/166/4
f 184/166/4 181/171/4 180/169/4 185/164/4
f 185/164/4 180/169/4 179/167/4 186/162/4
f 186/162/4 179/167/4 177/159/4 183/158/4
f 169/154/4 170/153/4 183/158/4 177/159/4
f 204/152/1 200/153/1 210/173/1 221/174/1
f 199/154/2 200/153/2 204/152/2 203/151/2
f 201/175/3 202/176/3 198/177/3 197/178/3
f 206/179/4 210/173/4 200/153/4 199/154/4
f 203/151/5 204/152/5 221/174/5 215/180/5
f 220/181/6 211/182/6 198/177/6 202/176/6
f 205/183/7 216/184/7 201/175/7 197/178/7
f 216/184/5 220/181/5 202/176/5 201/175/5
f 199/154/8 203/151/8 215/180/8 206/179/8
f 211/182/9 220/181/9 222/185/9 214/186/9
f 214/186/10 222/185/10 223/187/10 213/188/10
f 213/188/11 223/187/11 224/189/11 212/190/11
f 212/190/12 224/189/12 221/174/12 210/173/12
f 216/184/13 205/183/13 207/191/13 219/192/13
f 219/192/14 207/191/14 208/193/14 218/194/14
f 218/194/15 208/193/15 209/195/15 217/196/15
f 217/196/16 209/195/16 206/179/16 215/180/16
f 220/181/5 216/184/5 219/192/5 222/185/5
f 222/185/5 219/192/5 218/194/5 223/187/5
f 223/187/5 218/194/5 217/196/5 224/189/5
f 224/189/5 217/196/5 215/180/5 221/174/5
f 210/173/4 206/179/4 209/195/4 212/190/4
f 212/190/4 209/195/4 208/193/4 213/188/4
f 213/188/4 208/193/4 207/191/4 214/186/4
f 214/186/4 207/191/4 205/183/4 211/182/4
f 197/178/4 198/177/4 211/182/4 205/183/4
f 232/176/1 228/177/1 238/197/1 249/198/1
f 227/178/2 228/177/2 232/176/2 231/175/2
f 229/199/3 230/200/3 226/201/3 225/202/3
f 234/203/4 238/197/4 228/177/4 227/178/4
f 231/175/5 232/176/5 249/198/5 243/204/5
f 248/205/6 239/206/6 226/201/6 230/200/6
f 233/207/7 244/208/7 229/199/7 225/202/7
f 244/208/5 248/205/5 230/200/5 229/199/5
f 227/178/17 231/175/17 243/204/17 234/203/17
f 239/206/9 248/205/9 250/209/9 242/210/9
f 242/210/10 250/209/10 251/211/10 241/212/10
f 241/212/11 251/211/11 252/213/11 240/214/11
f 240/214/12 252/213/12 249/198/12 238/197/12
f 244/208/13 233/207/13 235/215/13 247/216/13
f 247/216/14 235/215/14 236/217/14 246/218/14
f 246/218/15 236/217/15 237/219/15 245/220/15
f 245/220/16 237/219/16 234/203/16 243/204/16
f 248/205/5 244/208/5 247/216/5 250/209/5
f 250/209/5 247/216/5 246/218/5 251/211/5
f 251/211/5 246/218/5 245/220/5 252/213/5
f 252/213/5 245/220/5 243/204/5 249/198/5
f 238/197/4 234/203/4 237/219/4 240/214/4
f 240/214/4 237/219/4 236/217/4 241/212/4
f 241/212/4 236/217/4 235/215/4 242/210/4
f 242/210/4 235/215/4 233/207/4 239/206/4
f 225/202/4 226/201/4 239/206/4 233/207/4
f 260/200/1 256/201/1 266/221/1 277/222/1
f 255/202/2 256/201/2 260/200/2 259/199/2
f 257/223/3 258/224/3 254/225/3 253/226/3
f 262/227/4 266/221/4 256/201/4 255/202/4
f 259/199/5 260/200/5 277/222/5 271/228/5
f 276/229/6 267/230/6 254/225/6 258/224/6
f 261/231/7 272/232/7 257/223/7 253/226/7
f 272/232/5 276/229/5 258/224/5 257/223/5
f 255/202/8 259/199/8 271/228/8 262/227/8
f 267/230/9 276/229/9 278/233/9 270/234/9
f 270/234/10 278/233/10 279/235/10 269/236/10
f 269/236/11 279/235/11 280/237/11 268/238/11
f 268/238/12 280/237/12 277/222/12 266/221/12
f 272/232/13 261/231/13 263/239/13 275/240/13
f 275/240/14 263/239/14 264/241/14 274/242/14
f 274/242/18 264/241/18 265/243/18 273/244/18
f 273/244/16 265/243/16 262/227/16 271/228/16
f 276/229/5 272/232/5 275/240/5 278/233/5
f 278/233/5 275/240/5 274/242/5 279/235/5
f 279/235/5 274/242/5 273/244/5 280/237/5
f 280/237/5 273/244/5 271/228/5 277/222/5
f 266/221/4 262/227/4 265/243/4 268/238/4
f 268/238/4 265/243/4 264/241/4 269/236/4
f 269/236/4 264/241/4 263/239/4 270/234/4
f 270/234/4 263/239/4 261/231/4 267/230/4
f 253/226/4 254/225/4 267/230/4 261/231/4
f 288/245/19 284/1/19 294/4/19 305/246/19
f 283/6/2 284/1/2 288/245/2 287/247/2
f 285/248/3 286/249/3 282/8/3 281/7/3
f 290/12/20 294/4/20 284/1/20 283/6/20
f 287/247/5 288/245/5 305/246/5 299/250/5
f 304/251/21 295/13/21 282/8/21 286/249/21
f 289/16/22 300/252/22 285/248/22 281/7/22
f 300/252/5 304/251/5 286/249/5 285/248/5
f 283/6/23 287/247/23 299/250/23 290/12/23
f 295/13/24 304/251/24 306/253/24 298/17/24
f 298/17/25 306/253/25 307/254/25 297/19/25
f 297/19/26 307/254/26 308/255/26 296/21/26
f 296/21/27 308/255/27 305/246/27 294/4/27
f 300/252/28 289/16/28 291/24/28 303/256/28
f 303/256/29 291/24/29 292/26/29 302/257/29
f 302/257/30 292/26/30 293/28/30 301/258/30
f 301/258/31 293/28/31 290/12/31 299/250/31
f 304/251/5 300/252/5 303/256/5 306/253/5
f 306/253/5 303/256/5 302/257/5 307/254/5
f 307/254/5 302/257/5 301/258/5 308/255/5
f 308/255/5 301/258/5 299/250/5 305/246/5
f 294/4/20 290/12/20 293/28/20 296/21/20
f 296/21/20 293/28/20 292/26/20 297/19/20
f 297/19/20 292/26/20 291/24/20 298/17/20
f 298/17/20 291/24/20 289/16/20 295/13/20
f 281/7/20 282/8/20 295/13/20 289/16/20
f 316/249/19 312/8/19 322/30/19 333/259/19
f 311/7/2 312/8/2 316/249/2 315/248/2
f 313/260/3 314/261/3 310/32/3 309/31/3
f 318/36/20 322/30/20 312/8/20 311/7/20
f 315/248/5 316/249/5 333/259/5 327/262/5
f 332/263/21 323/37/21 310/32/21 314/261/21
f 317/40/22 328/264/22 313/260/22 309/31/22
f 328/264/5 332/263/5 314/261/5 313/260/5
f 311/7/23 315/248/23 327/262/23 318/36/23
f 323/37/24 332/263/24 334/265/24 326/41/24
f 326/41/25 334/265/25 335/266/25 325/43/25
f 325/43/26 335/266/26 336/267/26 324/45/26
f 324/45/27 336/267/27 333/259/27 322/30/27
f 328/264/28 317/40/28 319/48/28 331/268/28
f 331/268/29 319/48/29 320/50/29 330/269/29
f 330/269/30 320/50/30 321/52/30 329/270/30
f 329/270/31 321/52/31 318/36/31 327/262/31
f 332/263/5 328/264/5 331/268/5 334/265/5
f 334/265/5 331/268/5 330/269/5 335/266/5
f 335/266/5 330/269/5 329/270/5 336/267/5
f 336/267/5 329/270/5 327/262/5 333/259/5
f 322/30/20 318/36/20 321/52/20 324/45/20
f 324/45/20 321/52/20 320/50/20 325/43/20
f 325/43/20 320/50/20 319/48/20 326/41/20
f 326/41/20 319/48/20 317/40/20 323/37/20
f 309/31/20 310/32/20 323/37/20 317/40/20
f 344/261/19 340/32/19 350/54/19 361/271/19
f 339/31/2 340/32/2 344/261/2 343/260/2
f 341/272/3 342/273/3 338/56/3 337/55/3
f 346/60/20 350/54/20 340/32/20 339/31/20
f 343/260/5 344/261/5 361/271/5 355/274/5
f 360/275/21 351/61/21 338/56/21 342/273/21
f 345/64/22 356/276/22 341/272/22 337/55/22
f 356/276/5 360/275/5 342/273/5 341/272/5
f 339/31/23 343/260/23 355/274/23 346/60/23
f 351/61/24 360/275/24 362/277/24 354/65/24
f 354/65/25 362/277/25 363/278/25 353/67/25
f 353/67/26 363/278/26 364/279/26 352/69/26
f 352/69/27 364/279/27 361/271/27 350/54/27
f 356/276/28 345/64/28 347/72/28 359/280/28
f 359/280/29 347/72/29 348/74/29 358/281/29
f 358/281/30 348/74/30 349/76/30 357/282/30
f 357/282/31 349/76/31 346/60/31 355/274/31
f 360/275/5 356/276/5 359/280/5 362/277/5
f 362/277/5 359/280/5 358/281/5 363/278/5
f 363/278/5 358/281/5 357/282/5 364/279/5
f 364/279/5 357/282/5 355/274/5 361/271/5
f 350/54/20 346/60/20 349/76/20 352/69/20
f 352/69/20 349/76/20 348/74/20 353/67/20
f 353/67/20 348/74/20 347/72/20 354/65/20
f 354/65/20 347/72/20 345/64/20 351/61/20
f 337/55/20 338/56/20 351/61/20 345/64/20
f 372/273/19 368/56/19 378/78/19 389/283/19
f 367/55/2 368/56/2 372/273/2 371/272/2
f 369/284/3 370/285/3 366/80/3 365/79/3
f 374/84/20 378/78/20 368/56/20 367/55/20
f 371/272/5 372/273/5 389/283/5 383/286/5
f 388/287/21 379/85/21 366/80/21 370/285/21
f 373/88/22 384/288/22 369/284/22 365/79/22
f 384/288/5 388/287/5 370/285/5 369/284/5
f 367/55/23 371/272/23 383/286/23 374/84/23
f 379/85/24 388/287/24 390/289/24 382/89/24
f 382/89/25 390/289/25 391/290/25 381/91/25
f 381/91/26 391/290/26 392/291/26 380/93/26
f 380/93/27 392/291/27 389/283/27 378/78/27
f 384/288/28 373/88/28 375/96/28 387/292/28
f 387/292/29 375/96/29 376/98/29 386/293/29
f 386/293/30 376/98/30 377/100/30 385/294/30
f 385/294/31 377/100/31 374/84/31 383/286/31
f 388/287/5 384/288/5 387/292/5 390/289/5
f 390/289/5 387/292/5 386/293/5 391/290/5
f 391/290/5 386/293/5 385/294/5 392/291/5
f 392/291/5 385/294/5 383/286/5 389/283/5
f 378/78/20 374/84/20 377/100/20 380/93/20
f 380/93/20 377/100/20 376/98/20 381/91/20
f 381/91/20 376/98/20 375/96/20 382/89/20
f 382/89/20 375/96/20 373/88/20 379/85/20
f 365/79/20 366/80/20 379/85/20 373/88/20
f 400/285/19 396/80/19 406/102/19 417/295/19
f 395/79/2 396/80/2 400/285/2 399/284/2
f 397/296/3 398/297/3 394/104/3 393/103/3
f 402/108/20 406/102/20 396/80/20 395/79/20
f 399/284/5 400/285/5 417/295/5 411/298/5
f 416/299/21 407/109/21 394/104/21 398/297/21
f 401/112/22 412/300/22 397/296/22 393/103/22
f 412/300/5 416/299/5 398/297/5 397/296/5
f 395/79/23 399/284/23 411/298/23 402/108/23
f 407/109/24 416/299/24 418/301/24 410/113/24
f 410/113/25 418/301/25 419/302/25 409/115/25
f 409/115/26 419/302/26 420/303/26 408/117/26
f 408/117/27 420/303/27 417/295/27 406/102/27
f 412/300/28 401/112/28 403/120/28 415/304/28
f 415/304/29 403/120/29 404/122/29 414/305/29
f 414/305/30 404/122/30 405/124/30 413/306/30
f 413/306/31 405/124/31 402/108/31 411/298/31
f 416/299/5 412/300/5 415/304/5 418/301/5
f 418/301/5 415/304/5 414/305/5 419/302/5
f 419/302/5 414/305/5 413/306/5 420/303/5
f 420/303/5 413/306/5 411/298/5 417/295/5
f 406/102/20 402/108/20 405/124/20 408/117/20
f 408/117/20 405/124/20 404/122/20 409/115/20
f 409/115/20 404/122/20 403/120/20 410/113/20
f 410/113/20 403/120/20 401/112/20 407/109/20
f 393/103/20 394/104/20 407/109/20 401/112/20
f 428/297/19 424/104/19 434/126/19 445/307/19
f 423/103/2 424/104/2 428/297/2 427/296/2
f 425/308/3 426/309/3 422/128/3 421/127/3
f 430/132/20 434/126/20 424/104/20 423/103/20
f 427/296/5 428/297/5 445/307/5 439/310/5
f 444/311/21 435/133/21 422/128/21 426/309/21
f 429/136/22 440/312/22 425/308/22 421/127/22
f 440/312/5 444/311/5 426/309/5 425/308/5
f 423/103/23 427/296/23 439/310/23 430/132/23
f 435/133/24 444/311/24 446/313/24 438/137/24
f 438/137/25 446/313/25 447/314/25 437/139/25
f 437/139/26 447/314/26 448/315/26 436/141/26
f 436/141/27 448/315/27 445/307/27 434/126/27
f 440/312/28 429/136/28 431/144/28 443/316/28
f 443/316/29 431/144/29 432/146/29 442/317/29
f 442/317/30 432/146/30 433/148/30 441/318/30
f 441/318/31 433/148/31 430/132/31 439/310/31
f 444/311/5 440/312/5 443/316/5 446/313/5
f 446/313/5 443/316/5 442/317/5 447/314/5
f 447/314/5 442/317/5 441/318/5 448/315/5
f 448/315/5 441/318/5 439/310/5 445/307/5
f 434/126/20 430/132/20 433/148/20 436/141/20
f 436/141/20 433/148/20 432/146/20 437/139/20
f 437/139/20 432/146/20 431/144/20 438/137/20
f 438/137/20 431/144/20 429/136/20 435/133/20
f 421/127/20 422/128/20 435/133/20 429/136/20
f 456/309/19 452/128/19 462/150/19 473/319/19
f 451/127/2 452/128/2 456/309/2 455/308/2
f 453/320/3 454/321/3 450/152/3 449/151/3
f 458/156/20 462/150/20 452/128/20 451/127/20
f 455/308/5 456/309/5 473/319/5 467/322/5
f 472/323/21 463/157/21 450/152/21 454/321/21
f 457/160/22 468/324/22 453/320/22 449/151/22
f 468/324/5 472/323/5 454/321/5 453/320/5
f 451/127/23 455/308/23 467/322/23 458/156/23
f 463/157/24 472/323/24 474/325/24 466/161/24
f 466/161/25 474/325/25 475/326/25 465/163/25
f 465/163/26 475/326/26 476/327/26 464/165/26
f 464/165/27 476/327/27 473/319/27 462/150/27
f 468/324/28 457/160/28 459/168/28 471/328/28
f 471/328/29 459/168/29 460/170/29 470/329/29
f 470/329/30 460/170/30 461/172/30 469/330/30
f 469/330/31 461/172/31 458/156/31 467/322/31
f 472/323/5 468/324/5 471/328/5 474/325/5
f 474/325/5 471/328/5 470/329/5 475/326/5
f 475/326/5 470/329/5 469/330/5 476/327/5
f 476/327/5 469/330/5 467/322/5 473/319/5
f 462/150/20 458/156/20 461/172/20 464/165/20
f 464/165/20 461/172/20 460/170/20 465/163/20
f 465/163/20 460/170/20 459/168/20 466/161/20
f 466/161/20 459/168/20 457/160/20 463/157/20
f 449/151/20 450/152/20 463/157/20 457/160/20
f 484/321/19 480/152/19 490/174/19 501/331/19
f 479/151/2 480/152/2 484/321/2 483/320/2
f 481/332/3 482/333/3 478/176/3 477/175/3
f 486/180/20 490/174/20 480/152/20 479/151/20
f 483/320/5 484/321/5 501/331/5 495/334/5
f 500/335/21 491/181/21 478/176/21 482/333/21
f 485/184/22 496/336/22 481/332/22 477/175/22
f 496/336/5 500/335/5 482/333/5 481/332/5
f 479/151/23 483/320/23 495/334/23 486/180/23
f 491/181/24 500/335/24 502/337/24 494/185/24
f 494/185/25 502/337/25 503/338/25 493/187/25
f 493/187/26 503/338/26 504/339/26 492/189/26
f 492/189/27 504/339/27 501/331/27 490/174/27
f 496/336/28 485/184/28 487/192/28 499/340/28
f 499/340/29 487/192/29 488/194/29 498/341/29
f 498/341/30 488/194/30 489/196/30 497/342/30
f 497/342/31 489/196/31 486/180/31 495/334/31
f 500/335/5 496/336/5 499/340/5 502/337/5
f 502/337/5 499/340/5 498/341/5 503/338/5
f 503/338/5 498/341/5 497/342/5 504/339/5
f 504/339/5 497/342/5 495/334/5 501/331/5
f 490/174/20 486/180/20 489/196/20 492/189/20
f 492/189/20 489/196/20 488/194/20 493/187/20
f 493/187/20 488/194/20 487/192/20 494/185/20
f 494/185/20 487/192/20 485/184/20 491/181/20
f 477/175/20 478/176/20 491/181/20 485/184/20
f 512/333/19 508/176/19 518/198/19 529/343/19
f 507/175/2 508/176/2 512/333/2 511/332/2
f 509/344/3 510/345/3 506/200/3 505/199/3
f 514/204/20 518/198/20 508/176/20 507/175/20
f 511/332/5 512/333/5 529/343/5 523/346/5
f 528/347/21 519/205/21 506/200/21 510/345/21
f 513/208/22 524/348/22 509/344/22 505/199/22
f 524/348/5 528/347/5 510/345/5 509/344/5
f 507/175/23 511/332/23 523/346/23 514/204/23
f 519/205/24 528/347/24 530/349/24 522/209/24
f 522/209/25 530/349/25 531/350/25 521/211/25
f 521/211/26 531/350/26 532/351/26 520/213/26
f 520/213/27 532/351/27 529/343/27 518/198/27
f 524/348/28 513/208/28 515/216/28 527/352/28
f 527/352/29 515/216/29 516/218/29 526/353/29
f 526/353/30 516/218/30 517/220/30 525/354/30
f 525/354/31 517/220/31 514/204/31 523/346/31
f 528/347/5 524/348/5 527/352/5 530/349/5
f 530/349/5 527/352/5 526/353/5 531/350/5
f 531/350/5 526/353/5 525/354/5 532/351/5
f 532/351/5 525/354/5 523/346/5 529/343/5
f 518/198/20 514/204/20 517/220/20 520/213/20
f 520/213/20 517/220/20 516/218/20 521/211/20
f 521/211/20 516/218/20 515/216/20 522/209/20
f 522/209/20 515/216/20 513/208/20 519/205/20
f 505/199/20 506/200/20 519/205/20 513/208/20
f 540/345/19 536/200/19 546/222/19 557/355/19
f 535/199/2 536/200/2 540/345/2 539/344/2
f 537/356/3 538/357/3 534/224/3 533/223/3
f 542/228/20 546/222/20 536/200/20 535/199/20
f 539/344/5 540/345/5 557/355/5 551/358/5
f 556/359/21 547/229/21 534/224/21 538/357/21
f 541/232/22 552/360/22 537/356/22 533/223/22
f 552/360/5 556/359/5 538/357/5 537/356/5
f 535/199/23 539/344/23 551/358/23 542/228/23
f 547/229/24 556/359/24 558/361/24 550/233/24
f 550/233/25 558/361/25 559/362/25 549/235/25
f 549/235/26 559/362/26 560/363/26 548/237/26
f 548/237/27 560/363/27 557/355/27 546/222/27
f 552/360/28 541/232/28 543/240/28 555/364/28
f 555/364/29 543/240/29 544/242/29 554/365/29
f 554/365/30 544/242/30 545/244/30 553/366/30
f 553/366/31 545/244/31 542/228/31 551/358/31
f 556/359/5 552/360/5 555/364/5 558/361/5
f 558/361/5 555/364/5 554/365/5 559/362/5
f 559/362/5 554/365/5 553/366/5 560/363/5
f 560/363/5 553/366/5 551/358/5 557/355/5
f 546/222/20 542/228/20 545/244/20 548/237/20
f 548/237/20 545/244/20 544/242/20 549/235/20
f 549/235/20 544/242/20 543/240/20 550/233/20
f 550/233/20 543/240/20 541/232/20 547/229/20
f 533/223/20 534/224/20 547/229/20 541/232/20
f 568/367/19 564/245/19 574/246/19 585/368/19
f 563/247/2 564/245/2 568/367/2 567/369/2
f 565/370/3 566/371/3 562/249/3 561/248/3
f 570/250/20 574/246/20 564/245/20 563/247/20
f 567/369/5 568/367/5 585/368/5 579/372/5
f 584/373/21 575/251/21 562/249/21 566/371/21
f 569/252/22 580/374/22 565/370/22 561/248/22
f 580/374/5 584/373/5 566/371/5 565/370/5
f 563/247/23 567/369/23 579/372/23 570/250/23
f 575/251/24 584/373/24 586/375/24 578/253/24
f 578/253/25 586/375/25 587/376/25 577/254/25
f 577/254/26 587/376/26 588/377/26 576/255/26
f 576/255/27 588/377/27 585/368/27 574/246/27
f 580/374/28 569/252/28 571/256/28 583/378/28
f 583/378/29 571/256/29 572/257/29 582/379/29
f 582/379/30 572/257/30 573/258/30 581/380/30
f 581/380/31 573/258/31 570/250/31 579/372/31
f 584/373/5 580/374/5 583/378/5 586/375/5
f 586/375/5 583/378/5 582/379/5 587/376/5
f 587/376/5 582/379/5 581/380/5 588/377/5
f 588/377/5 581/380/5 579/372/5 585/368/5
f 574/246/20 570/250/20 573/258/20 576/255/20
f 576/255/20 573/258/20 572/257/20 577/254/20
f 577/254/20 572/257/20 571/256/20 578/253/20
f 578/253/20 571/256/20 569/252/20 575/251/20
f 561/248/20 562/249/20 575/251/20 569/252/20
f 596/371/19 592/249/19 602/259/19 613/381/19
f 591/248/2 592/249/2 596/371/2 595/370/2
f 593/382/3 594/383/3 590/261/3 589/260/3
f 598/262/20 602/259/20 592/249/20 591/248/20
f 595/370/5 596/371/5 613/381/5 607/384/5
f 612/385/21 603/263/21 590/261/21 594/383/21
f 597/264/22 608/386/22 593/382/22 589/260/22
f 608/386/5 612/385/5 594/383/5 593/382/5
f 591/248/23 595/370/23 607/384/23 598/262/23
f 603/263/24 612/385/24 614/387/24 606/265/24
f 606/265/25 614/387/25 615/388/25 605/266/25
f 605/266/26 615/388/26 616/389/26 604/267/26
f 604/267/27 616/389/27 613/381/27 602/259/27
f 608/386/28 597/264/28 599/268/28 611/390/28
f 611/390/29 599/268/29 600/269/29 610/391/29
f 610/391/30 600/269/30 601/270/30 609/392/30
f 609/392/31 601/270/31 598/262/31 607/384/31
f 612/385/5 608/386/5 611/390/5 614/387/5
f 614/387/5 611/390/5 610/391/5 615/388/5
f 615/388/5 610/391/5 609/392/5 616/389/5
f 616/389/5 609/392/5 607/384/5 613/381/5
f 602/259/20 598/262/20 601/270/20 604/267/20
f 604/267/20 601/270/20 600/269/20 605/266/20
f 605/266/20 600/269/20 599/268/20 606/265/20
f 606/265/20 599/268/20 597/264/20 603/263/20
f 589/260/20 590/261/20 603/263/20 597/264/20
f 624/383/19 620/261/19 630/271/19 641/393/19
f 619/260/2 620/261/2 624/383/2 623/382/2
f 621/394/3 622/395/3 618/273/3 617/272/3
f 626/274/20 630/271/20 620/261/20 619/260/20
f 623/382/5 624/383/5 641/393/5 635/396/5
f 640/397/21 631/275/21 618/273/21 622/395/21
f 625/276/22 636/398/22 621/394/22 617/272/22
f 636/398/5 640/397/5 622/395/5 621/394/5
f 619/260/23 623/382/23 635/396/23 626/274/23
f 631/275/24 640/397/24 642/399/24 634/277/24
f 634/277/25 642/399/25 643/400/25 633/278/25
f 633/278/26 643/400/26 644/401/26 632/279/26
f 632/279/27 644/401/27 641/393/27 630/271/27
f 636/398/28 625/276/28 627/280/28 639/402/28
f 639/402/29 627/280/29 628/281/29 638/403/29
f 638/403/30 628/281/30 629/282/30 637/404/30
f 637/404/31 629/282/31 626/274/31 635/396/31
f 640/397/5 636/398/5 639/402/5 642/399/5
f 642/399/5 639/402/5 638/403/5 643/400/5
f 643/400/5 638/403/5 637/404/5 644/401/5
f 644/401/5 637/404/5 635/396/5 641/393/5
f 630/271/20 626/274/20 629/282/20 632/279/20
f 632/279/20 629/282/20 628/281/20 633/278/20
f 633/278/20 628/281/20 627/280/20 634/277/20
f 634/277/20 627/280/20 625/276/20 631/275/20
f 617/272/20 618/273/20 631/275/20 625/276/20
f 652/395/19 648/273/19 658/283/19 669/405/19
f 647/272/2 648/273/2 652/395/2 651/394/2
f 649/406/3 650/407/3 646/285/3 645/284/3
f 654/286/20 658/283/20 648/273/20 647/272/20
f 651/394/5 652/395/5 669/405/5 663/408/5
f 668/409/21 659/287/21 646/285/21 650/407/21
f 653/288/22 664/410/22 649/406/22 645/284/22
f 664/410/5 668/409/5 650/407/5 649/406/5
f 647/272/23 651/394/23 663/408/23 654/286/23
f 659/287/24 668/409/24 670/411/24 662/289/24
f 662/289/25 670/411/25 671/412/25 661/290/25
f 661/290/26 671/412/26 672/413/26 660/291/26
f 660/291/27 672/413/27 669/405/27 658/283/27
f 664/410/28 653/288/28 655/292/28 667/414/28
f 667/414/29 655/292/29 656/293/29 666/415/29
f 666/415/30 656/293/30 657/294/30 665/416/30
f 665/416/31 657/294/31 654/286/31 663/408/31
f 668/409/5 664/410/5 667/414/5 670/411/5
f 670/411/5 667/414/5 666/415/5 671/412/5
f 671/412/5 666/415/5 665/416/5 672/413/5
f 672/413/5 665/416/5 663/408/5 669/405/5
f 658/283/20 654/286/20 657/294/20 660/291/20
f 660/291/20 657/294/20 656/293/20 661/290/20
f 661/290/20 656/293/20 655/292/20 662/289/20
f 662/289/20 655/292/20 653/288/20 659/287/20
f 645/284/20 646/285/20 659/287/20 653/288/20
f 680/407/19 676/285/19 686/295/19 697/417/19
f 675/284/2 676/285/2 680/407/2 679/406/2
f 677/418/3 678/419/3 674/297/3 673/296/3
f 682/298/20 686/295/20 676/285/20 675/284/20
f 679/406/5 680/407/5 697/417/5 691/420/5
f 696/421/21 687/299/21 674/297/21 678/419/21
f 681/300/22 692/422/22 677/418/22 673/296/22
f 692/422/5 696/421/5 678/419/5 677/418/5
f 675/284/23 679/406/23 691/420/23 682/298/23
f 687/299/24 696/421/24 698/423/24 690/301/24
f 690/301/25 698/423/25 699/424/25 689/302/25
f 689/302/26 699/424/26 700/425/26 688/303/26
f 688/303/27 700/425/27 697/417/27 686/295/27
f 692/422/28 681/300/28 683/304/28 695/426/28
f 695/426/29 683/304/29 684/305/29 694/427/29
f 694/427/30 684/305/30 685/306/30 693/428/30
f 693/428/31 685/306/31 682/298/31 691/420/31
f 696/421/5 692/422/5 695/426/5 698/423/5
f 698/423/5 695/426/5 694/427/5 699/424/5
f 699/424/5 694/427/5 693/428/5 700/425/5
f 700/425/5 693/428/5 691/420/5 697/417/5
f 686/295/20 682/298/20 685/306/20 688/303/20
f 688/303/20 685/306/20 684/305/20 689/302/20
f 689/302/20 684/305/20 683/304/20 690/301/20
f 690/301/20 683/304/20 681/300/20 687/299/20
f 673/296/20 674/297/20 687/299/20 681/300/20
f 708/419/19 704/297/19 714/307/19 725/429/19
f 703/296/2 704/297/2 708/419/2 707/418/2
f 705/430/3 706/431/3 702/309/3 701/308/3
f 710/310/20 714/307/20 704/297/20 703/296/20
f 707/418/5 708/419/5 725/429/5 719/432/5
f 724/433/21 715/311/21 702/309/21 706/431/21
f 709/312/22 720/434/22 705/430/22 701/308/22
f 720/434/5 724/433/5 706/431/5 705/430/5
f 703/296/23 707/418/23 719/432/23 710/310/23
f 715/311/24 724/433/24 726/435/24 718/313/24
f 718/313/25 726/435/25 727/436/25 717/314/25
f 717/314/26 727/436/26 728/437/26 716/315/26
f 716/315/27 728/437/27 725/429/27 714/307/27
f 720/434/28 709/312/28 711/316/28 723/438/28
f 723/438/29 711/316/29 712/317/29 722/439/29
f 722/439/30 712/317/30 713/318/30 721/440/30
f 721/440/31 713/318/31 710/310/31 719/432/31
f 724/433/5 720/434/5 723/438/5 726/435/5
f 726/435/5 723/438/5 722/439/5 727/436/5
f 727/436/5 722/439/5 721/440/5 728/437/5
f 728/437/5 721/440/5 719/432/5 725/429/5
f 714/307/20 710/310/20 713/318/20 716/315/20
f 716/315/20 713/318/20 712/317/20 717/314/20
f 717/314/20 712/317/20 711/316/20 718/313/20
f 718/313/20 711/316/20 709/312/20 715/311/20
f 701/308/20 702/309/20 715/311/20 709/312/20
f 736/431/19 732/309/19 742/319/19 753/441/19
f 731/308/2 732/309/2 736/431/2 735/430/2
f 733/442/3 734/443/3 730/321/3 729/320/3
f 738/322/20 742/319/20 732/309/20 731/308/20
f 735/430/5 736/431/5 753/441/5 747/444/5
f 752/445/21 743/323/21 730/321/21 734/443/21
f 737/324/22 748/446/22 733/442/22 729/320/22
f 748/446/5 752/445/5 734/443/5 733/442/5
f 731/308/23 735/430/23 747/444/23 738/322/23
f 743/323/24 752/445/24 754/447/24 746/325/24
f 746/325/25 754/447/25 755/448/25 745/326/25
f 745/326/26 755/448/26 756/449/26 744/327/26
f 744/327/27 756/449/27 753/441/27 742/319/27
f 748/446/28 737/324/28 739/328/28 751/450/28
f 751/450/29 739/328/29 740/329/29 750/451/29
f 750/451/30 740/329/30 741/330/30 749/452/30
f 749/452/31 741/330/31 738/322/31 747/444/31
f 752/445/5 748/446/5 751/450/5 754/447/5
f 754/447/5 751/450/5 750/451/5 755/448/5
f 755/448/5 750/451/5 749/452/5 756/449/5
f 756/449/5 749/452/5 747/444/5 753/441/5
f 742/319/20 738/322/20 741/330/20 744/327/20
f 744/327/20 741/330/20 740/329/20 745/326/20
f 745/326/20 740/329/20 739/328/20 746/325/20
f 746/325/20 739/328/20 737/324/20 743/323/20
f 729/320/20 730/321/20 743/323/20 737/324/20
f 764/443/19 760/321/19 770/331/19 781/453/19
f 759/320/2 760/321/2 764/443/2 763/442/2
f 761/454/3 762/455/3 758/333/3 757/332/3
f 766/334/20 770/331/20 760/321/20 759/320/20
f 763/442/5 764/443/5 781/453/5 775/456/5
f 780/457/21 771/335/21 758/333/21 762/455/21
f 765/336/22 776/458/22 761/454/22 757/332/22
f 776/458/5 780/457/5 762/455/5 761/454/5
f 759/320/23 763/442/23 775/456/23 766/334/23
f 771/335/24 780/457/24 782/459/24 774/337/24
f 774/337/25 782/459/25 783/460/25 773/338/25
f 773/338/26 783/460/26 784/461/26 772/339/26
f 772/339/27 784/461/27 781/453/27 770/331/27
f 776/458/28 765/336/28 767/340/28 779/462/28
f 779/462/29 767/340/29 768/341/29 778/463/29
f 778/463/30 768/341/30 769/342/30 777/464/30
f 777/464/31 769/342/31 766/334/31 775/456/31
f 780/457/5 776/458/5 779/462/5 782/459/5
f 782/459/5 779/462/5 778/463/5 783/460/5
f 783/460/5 778/463/5 777/464/5 784/461/5
f 784/461/5 777/464/5 775/456/5 781/453/5
f 770/331/20 766/334/20 769/342/20 772/339/20
f 772/339/20 769/342/20 768/341/20 773/338/20
f 773/338/20 768/341/20 767/340/20 774/337/20
f 774/337/20 767/340/20 765/336/20 771/335/20
f 757/332/20 758/333/20 771/335/20 765/336/20
f 792/455/19 788/333/19 798/343/19 809/465/19
f 787/332/2 788/333/2 792/455/2 791/454/2
f 789/466/3 790/467/3 786/345/3 785/344/3
f 794/346/20 798/343/20 788/333/20 787/332/20
f 791/454/5 792/455/5 809/465/5 803/468/5
f 808/469/21 799/347/21 786/345/21 790/467/21
f 793/348/22 804/470/22 789/466/22 785/344/22
f 804/470/5 808/469/5 790/467/5 789/466/5
f 787/332/23 791/454/23 803/468/23 794/346/23
f 799/347/24 808/469/24 810/471/24 802/349/24
f 802/349/25 810/471/25 811/472/25 801/350/25
f 801/350/26 811/472/26 812/473/26 800/351/26
f 800/351/27 812/473/27 809/465/27 798/343/27
f 804/470/28 793/348/28 795/352/28 807/474/28
f 807/474/29 795/352/29 796/353/29 806/475/29
f 806/475/30 796/353/30 797/354/30 805/476/30
f 805/476/31 797/354/31 794/346/31 803/468/31
f 808/469/5 804/470/5 807/474/5 810/471/5
f 810/471/5 807/474/5 806/475/5 811/472/5
f 811/472/5 806/475/5 805/476/5 812/473/5
f 812/473/5 805/476/5 803/468/5 809/465/5
f 798/343/20 794/346/20 797/354/20 800/351/20
f 800/351/20 797/354/20 796/353/20 801/350/20
f 801/350/20 796/353/20 795/352/20 802/349/20
f 802/349/20 795/352/20 793/348/20 799/347/20
f 785/344/20 786/345/20 799/347/20 793/348/20
f 820/467/19 816/345/19 826/355/19 837/477/19
f 815/344/2 816/345/2 820/467/2 819/466/2
f 817/478/3 818/479/3 814/357/3 813/356/3
f 822/358/20 826/355/20 816/345/20 815/344/20
f 819/466/5 820/467/5 837/477/5 831/480/5
f 836/481/21 827/359/21 814/357/21 818/479/21
f 821/360/22 832/482/22 817/478/22 813/356/22
f 832/482/5 836/481/5 818/479/5 817/478/5
f 815/344/23 819/466/23 831/480/23 822/358/23
f 827/359/24 836/481/24 838/483/24 830/361/24
f 830/361/25 838/483/25 839/484/25 829/362/25
f 829/362/26 839/484/26 840/485/26 828/363/26
f 828/363/27 840/485/27 837/477/27 826/355/27
f 832/482/28 821/360/28 823/364/28 835/486/28
f 835/486/29 823/364/29 824/365/29 834/487/29
f 834/487/30 824/365/30 825/366/30 833/488/30
f 833/488/31 825/366/31 822/358/31 831/480/31
f 836/481/5 832/482/5 835/486/5 838/483/5
f 838/483/5 835/486/5 834/487/5 839/484/5
f 839/484/5 834/487/5 833/488/5 840/485/5
f 840/485/5 833/488/5 831/480/5 837/477/5
f 826/355/20 822/358/20 825/366/20 828/363/20
f 828/363/20 825/366/20 824/365/20 829/362/20
f 829/362/20 824/365/20 823/364/20 830/361/20
f 830/361/20 823/364/20 821/360/20 827/359/20
f 813/356/20 814/357/20 827/359/20 821/360/20
f 848/489/32 865/490/32 854/491/32 844/492/32
f 843/493/2 847/494/2 848/489/2 844/492/2
f 845/495/3 841/496/3 842/497/3 846/498/3
f 850/499/33 843/493/33 844/492/33 854/491/33
f 847/494/34 859/500/34 865/490/34 848/489/34
f 864/501/35 846/498/35 842/497/35 855/502/35
f 849/503/36 841/496/36 845/495/36 860/504/36
f 860/504/34 845/495/34 846/498/34 864/501/34
f 843/493/37 850/499/37 859/500/37 847/494/37
f 855/502/38 858/505/38 866/506/38 864/501/38
f 858/505/39 857/507/39 867/508/39 866/506/39
f 857/507/40 856/509/40 868/510/40 867/508/40
f 856/509/41 854/491/41 865/490/41 868/510/41
f 860/504/42 863/511/42 851/512/42 849/503/42
f 863/511/43 862/513/43 852/514/43 851/512/43
f 862/513/44 861/515/44 853/516/44 852/514/44
f 861/515/45 859/500/45 850/499/45 853/516/45
f 864/501/34 866/506/34 863/511/34 860/504/34
f 866/506/34 867/508/34 862/513/34 863/511/34
f 867/508/34 868/510/34 861/515/34 862/513/34
f 868/510/34 865/490/34 859/500/34 861/515/34
f 854/491/33 856/509/33 853/516/33 850/499/33
f 856/509/33 857/507/33 852/514/33 853/516/33
f 857/507/33 858/505/33 851/512/33 852/514/33
f 858/505/33 855/502/33 849/503/33 851/512/33
f 841/496/33 849/503/33 855/502/33 842/497/33
f 876/498/32 893/517/32 882/518/32 872/497/32
f 871/496/2 875/495/2 876/498/2 872/497/2
f 873/519/3 869/520/3 870/521/3 874/522/3
f 878/523/33 871/496/33 872/497/33 882/518/33
f 875/495/34 887/524/34 893/517/34 876/498/34
f 892/525/35 874/522/35 870/521/35 883/526/35
f 877/527/36 869/520/36 873/519/36 888/528/36
f 888/528/34 873/519/34 874/522/34 892/525/34
f 871/496/37 878/523/37 887/524/37 875/495/37
f 883/526/38 886/529/38 894/530/38 892/525/38
f 886/529/39 885/531/39 895/532/39 894/530/39
f 885/531/40 884/533/40 896/534/40 895/532/40
f 884/533/41 882/518/41 893/517/41 896/534/41
f 888/528/42 891/535/42 879/536/42 877/527/42
f 891/535/43 890/537/43 880/538/43 879/536/43
f 890/537/44 889/539/44 881/540/44 880/538/44
f 889/539/45 887/524/45 878/523/45 881/540/45
f 892/525/34 894/530/34 891/535/34 888/528/34
f 894/530/34 895/532/34 890/537/34 891/535/34
f 895/532/34 896/534/34 889/539/34 890/537/34
f 896/534/34 893/517/34 887/524/34 889/539/34
f 882/518/33 884/533/33 881/540/33 878/523/33
f 884/533/33 885/531/33 880/538/33 881/540/33
f 885/531/33 886/529/33 879/536/33 880/538/33
f 886/529/33 883/526/33 877/527/33 879/536/33
f 869/520/33 877/527/33 883/526/33 870/521/33
f 904/522/32 921/541/32 910/542/32 900/521/32
f 899/520/2 903/519/2 904/522/2 900/521/2
f 901/543/3 897/544/3 898/545/3 902/546/3
f 906/547/33 899/520/33 900/521/33 910/542/33
f 903/519/34 915/548/34 921/541/34 904/522/34
f 920/549/35 902/546/35 898/545/35 911/550/35
f 905/551/36 897/544/36 901/543/36 916/552/36
f 916/552/34 901/543/34 902/546/34 920/549/34
f 899/520/37 906/547/37 915/548/37 903/519/37
f 911/550/38 914/553/38 922/554/38 920/549/38
f 914/553/39 913/555/39 923/556/39 922/554/39
f 913/555/40 912/557/40 924/558/40 923/556/40
f 912/557/41 910/542/41 921/541/41 924/558/41
f 916/552/42 919/559/42 907/560/42 905/551/42
f 919/559/43 918/561/43 908/562/43 907/560/43
f 918/561/44 917/563/44 909/564/44 908/562/44
f 917/563/45 915/548/45 906/547/45 909/564/45
f 920/549/34 922/554/34 919/559/34 916/552/34
f 922/554/34 923/556/34 918/561/34 919/559/34
f 923/556/34 924/558/34 917/563/34 918/561/34
f 924/558/34 921/541/34 915/548/34 917/563/34
f 910/542/33 912/557/33 909/564/33 906/547/33
f 912/557/33 913/555/33 908/562/33 909/564/33
f 913/555/33 914/553/33 907/560/33 908/562/33
f 914/553/33 911/550/33 905/551/33 907/560/33
f 897/544/33 905/551/33 911/550/33 898/545/33
f 932/546/32 949/565/32 938/566/32 928/545/32
f 927/544/2 931/543/2 932/546/2 928/545/2
f 929/567/3 925/568/3 926/569/3 930/570/3
f 934/571/33 927/544/33 928/545/33 938/566/33
f 931/543/34 943/572/34 949/565/34 932/546/34
f 948/573/35 930/570/35 926/569/35 939/574/35
f 933/575/36 925/568/36 929/567/36 944/576/36
f 944/576/34 929/567/34 930/570/34 948/573/34
f 927/544/37 934/571/37 943/572/37 931/543/37
f 939/574/38 942/577/38 950/578/38 948/573/38
f 942/577/39 941/579/39 951/580/39 950/578/39
f 941/579/40 940/581/40 952/582/40 951/580/40
f 940/581/41 938/566/41 949/565/41 952/582/41
f 944/576/42 947/583/42 935/584/42 933/575/42
f 947/583/43 946/585/43 936/586/43 935/584/43
f 946/585/44 945/587/44 937/588/44 936/586/44
f 945/587/45 943/572/45 934/571/45 937/588/45
f 948/573/34 950/578/34 947/583/34 944/576/34
f 950/578/34 951/580/34 946/585/34 947/583/34
f 951/580/34 952/582/34 945/587/34 946/585/34
f 952/582/34 949/565/34 943/572/34 945/587/34
f 938/566/33 940/581/33 937/588/33 934/571/33
f 940/581/33 941/579/33 936/586/33 937/588/33
f 941/579/33 942/577/33 935/584/33 936/586/33
f 942/577/33 939/574/33 933/575/33 935/584/33
f 925/568/33 933/575/33 939/574/33 926/569/33
f 960/570/32 977/589/32 966/590/32 956/569/32
f 955/568/2 959/567/2 960/570/2 956/569/2
f 957/591/3 953/592/3 954/593/3 958/594/3
f 962/595/33 955/568/33 956/569/33 966/590/33
f 959/567/34 971/596/34 977/589/34 960/570/34
f 976/597/35 958/594/35 954/593/35 967/598/35
f 961/599/36 953/592/36 957/591/36 972/600/36
f 972/600/34 957/591/34 958/594/34 976/597/34
f 955/568/37 962/595/37 971/596/37 959/567/37
f 967/598/38 970/601/38 978/602/38 976/597/38
f 970/601/39 969/603/39 979/604/39 978/602/39
f 969/603/40 968/605/40 980/606/40 979/604/40
f 968/605/41 966/590/41 977/589/41 980/606/41
f 972/600/42 975/607/42 963/608/42 961/599/42
f 975/607/43 974/609/43 964/610/43 963/608/43
f 974/609/44 973/611/44 965/612/44 964/610/44
f 973/611/45 971/596/45 962/595/45 965/612/45
f 976/597/34 978/602/34 975/607/34 972/600/34
f 978/602/34 979/604/34 974/609/34 975/607/34
f 979/604/34 980/606/34 973/611/34 974/609/34
f 980/606/34 977/589/34 971/596/34 973/611/34
f 966/590/33 968/605/33 965/612/33 962/595/33
f 968/605/33 969/603/33 964/610/33 965/612/33
f 969/603/33 970/601/33 963/608/33 964/610/33
f 970/601/33 967/598/33 961/599/33 963/608/33
f 953/592/33 961/599/33 967/598/33 954/593/33
f 988/594/32 1005/613/32 994/614/32 984/593/32
f 983/592/2 987/591/2 988/594/2 984/593/2
f 985/615/3 981/616/3 982/617/3 986/618/3
f 990/619/33 983/592/33 984/593/33 994/614/33
f 987/591/34 999/620/34 1005/613/34 988/594/34
f 1004/621/35 986/618/35 982/617/35 995/622/35
f 989/623/36 981/616/36 985/615/36 1000/624/36
f 1000/624/34 985/615/34 986/618/34 1004/621/34
f 983/592/37 990/619/37 999/620/37 987/591/37
f 995/622/38 998/625/38 1006/626/38 1004/621/38
f 998/625/39 997/627/39 1007/628/39 1006/626/39
f 997/627/40 996/629/40 1008/630/40 1007/628/40
f 996/629/41 994/614/41 1005/613/41 1008/630/41
f 1000/624/42 1003/631/42 991/632/42 989/623/42
f 1003/631/43 1002/633/43 992/634/43 991/632/43
f 1002/633/44 1001/635/44 993/636/44 992/634/44
f 1001/635/45 999/620/45 990/619/45 993/636/45
f 1004/621/34 1006/626/34 1003/631/34 1000/624/34
f 1006/626/34 1007/628/34 1002/633/34 1003/631/34
f 1007/628/34 1008/630/34 1001/635/34 1002/633/34
f 1008/630/34 1005/613/34 999/620/34 1001/635/34
f 994/614/33 996/629/33 993/636/33 990/619/33
f 996/629/33 997/627/33 992/634/33 993/636/33
f 997/627/33 998/625/33 991/632/33 992/634/33
f 998/625/33 995/622/33 989/623/33 991/632/33
f 981/616/33 989/623/33 995/622/33 982/617/33
f 1016/618/32 1033/637/32 1022/638/32 1012/617/32
f 1011/616/2 1015/615/2 1016/618/2 1012/617/2
f 1013/639/3 1009/640/3 1010/641/3 1014/642/3
f 1018/643/33 1011/616/33 1012/617/33 1022/638/33
f 1015/615/34 1027/644/34 1033/637/34 1016/618/34
f 1032/645/35 1014/642/35 1010/641/35 1023/646/35
f 1017/647/36 1009/640/36 1013/639/36 1028/648/36
f 1028/648/34 1013/639/34 1014/642/34 1032/645/34
f 1011/616/37 1018/643/37 1027/644/37 1015/615/37
f 1023/646/38 1026/649/38 1034/650/38 1032/645/38
f 1026/649/39 1025/651/39 1035/652/39 1034/650/39
f 1025/651/40 1024/653/40 1036/654/40 1035/652/40
f 1024/653/41 1022/638/41 1033/637/41 1036/654/41
f 1028/648/42 1031/655/42 1019/656/42 1017/647/42
f 1031/655/43 1030/657/43 1020/658/43 1019/656/43
f 1030/657/44 1029/659/44 1021/660/44 1020/658/44
f 1029/659/45 1027/644/45 1018/643/45 1021/660/45
f 1032/645/34 1034/650/34 1031/655/34 1028/648/34
f 1034/650/34 1035/652/34 1030/657/34 1031/655/34
f 1035/652/34 1036/654/34 1029/659/34 1030/657/34
f 1036/654/34 1033/637/34 1027/644/34 1029/659/34
f 1022/638/33 1024/653/33 1021/660/33 1018/643/33
f 1024/653/33 1025/651/33 1020/658/33 1021/660/33
f 1025/651/33 1026/649/33 1019/656/33 1020/658/33
f 1026/649/33 1023/646/33 1017/647/33 1019/656/33
f 1009/640/33 1017/647/33 1023/646/33 1010/641/33
f 1044/642/32 1061/661/32 1050/662/32 1040/641/32
f 1039/640/2 1043/639/2 1044/642/2 1040/641/2
f 1041/663/3 1037/664/3 1038/665/3 1042/666/3
f 1046/667/33 1039/640/33 1040/641/33 1050/662/33
f 1043/639/34 1055/668/34 1061/661/34 1044/642/34
f 1060/669/35 1042/666/35 1038/665/35 1051/670/35
f 1045/671/36 1037/664/36 1041/663/36 1056/672/36
f 1056/672/34 1041/663/34 1042/666/34 1060/669/34
f 1039/640/37 1046/667/37 1055/668/37 1043/639/37
f 1051/670/38 1054/673/38 1062/674/38 1060/669/38
f 1054/673/39 1053/675/39 1063/676/39 1062/674/39
f 1053/675/40 1052/677/40 1064/678/40 1063/676/40
f 1052/677/41 1050/662/41 1061/661/41 1064/678/41
f 1056/672/42 1059/679/42 1047/680/42 1045/671/42
f 1059/679/43 1058/681/43 1048/682/43 1047/680/43
f 1058/681/44 1057/683/44 1049/684/44 1048/682/44
f 1057/683/45 1055/668/45 1046/667/45 1049/684/45
f 1060/669/34 1062/674/34 1059/679/34 1056/672/34
f 1062/674/34 1063/676/34 1058/681/34 1059/679/34
f 1063/676/34 1064/678/34 1057/683/34 1058/681/34
f 1064/678/34 1061/661/34 1055/668/34 1057/683/34
f 1050/662/33 1052/677/33 1049/684/33 1046/667/33
f 1052/677/33 1053/675/33 1048/682/33 1049/684/33
f 1053/675/33 1054/673/33 1047/680/33 1048/682/33
f 1054/673/33 1051/670/33 1045/671/33 1047/680/33
f 1037/664/33 1045/671/33 1051/670/33 1038/665/33
f 1072/666/32 1089/685/32 1078/686/32 1068/665/32
f 1067/664/2 1071/663/2 1072/666/2 1068/665/2
f 1069/687/3 1065/688/3 1066/689/3 1070/690/3
f 1074/691/33 1067/664/33 1068/665/33 1078/686/33
f 1071/663/34 1083/692/34 1089/685/34 1072/666/34
f 1088/693/35 1070/690/35 1066/689/35 1079/694/35
f 1073/695/36 1065/688/36 1069/687/36 1084/696/36
f 1084/696/34 1069/687/34 1070/690/34 1088/693/34
f 1067/664/37 1074/691/37 1083/692/37 1071/663/37
f 1079/694/38 1082/697/38 1090/698/38 1088/693/38
f 1082/697/39 1081/699/39 1091/700/39 1090/698/39
f 1081/699/40 1080/701/40 1092/702/40 1091/700/40
f 1080/701/41 1078/686/41 1089/685/41 1092/702/41
f 1084/696/42 1087/703/42 1075/704/42 1073/695/42
f 1087/703/43 1086/705/43 1076/706/43 1075/704/43
f 1086/705/44 1085/707/44 1077/708/44 1076/706/44
f 1085/707/45 1083/692/45 1074/691/45 1077/708/45
f 1088/693/34 1090/698/34 1087/703/34 1084/696/34
f 1090/698/34 1091/700/34 1086/705/34 1087/703/34
f 1091/700/34 1092/702/34 1085/707/34 1086/705/34
f 1092/702/34 1089/685/34 1083/692/34 1085/707/34
f 1078/686/33 1080/701/33 1077/708/33 1074/691/33
f 1080/701/33 1081/699/33 1076/706/33 1077/708/33
f 1081/699/33 1082/697/33 1075/704/33 1076/706/33
f 1082/697/33 1079/694/33 1073/695/33 1075/704/33
f 1065/688/33 1073/695/33 1079/694/33 1066/689/33
f 1100/690/32 1117/709/32 1106/710/32 1096/689/32
f 1095/688/2 1099/687/2 1100/690/2 1096/689/2
f 1097/711/3 1093/712/3 1094/713/3 1098/714/3
f 1102/715/33 1095/688/33 1096/689/33 1106/710/33
f 1099/687/34 1111/716/34 1117/709/34 1100/690/34
f 1116/717/35 1098/714/35 1094/713/35 1107/718/35
f 1101/719/36 1093/712/36 1097/711/36 1112/720/36
f 1112/720/34 1097/711/34 1098/714/34 1116/717/34
f 1095/688/37 1102/715/37 1111/716/37 1099/687/37
f 1107/718/38 1110/721/38 1118/722/38 1116/717/38
f 1110/721/39 1109/723/39 1119/724/39 1118/722/39
f 1109/723/40 1108/725/40 1120/726/40 1119/724/40
f 1108/725/41 1106/710/41 1117/709/41 1120/726/41
f 1112/720/42 1115/727/42 1103/728/42 1101/719/42
f 1115/727/43 1114/729/43 1104/730/43 1103/728/43
f 1114/729/44 1113/731/44 1105/732/44 1104/730/44
f 1113/731/45 1111/716/45 1102/715/45 1105/732/45
f 1116/717/34 1118/722/34 1115/727/34 1112/720/34
f 1118/722/34 1119/724/34 1114/729/34 1115/727/34
f 1119/724/34 1120/726/34 1113/731/34 1114/729/34
f 1120/726/34 1117/709/34 1111/716/34 1113/731/34
f 1106/710/33 1108/725/33 1105/732/33 1102/715/33
f 1108/725/33 1109/723/33 1104/730/33 1105/732/33
f 1109/723/33 1110/721/33 1103/728/33 1104/730/33
f 1110/721/33 1107/718/33 1101/719/33 1103/728/33
f 1093/712/33 1101/719/33 1107/718/33 1094/713/33
f 1128/733/46 1145/734/46 1134/490/46 1124/489/46
f 1123/494/2 1127/735/2 1128/733/2 1124/489/2
f 1125/736/3 1121/495/3 1122/498/3 1126/737/3
f 1130/500/47 1123/494/47 1124/489/47 1134/490/47
f 1127/735/34 1139/738/34 1145/734/34 1128/733/34
f 1144/739/48 1126/737/48 1122/498/48 1135/501/48
f 1129/504/49 1121/495/49 1125/736/49 1140/740/49
f 1140/740/34 1125/736/34 1126/737/34 1144/739/34
f 1123/494/50 1130/500/50 1139/738/50 1127/735/50
f 1135/501/51 1138/506/51 1146/741/51 1144/739/51
f 1138/506/52 1137/508/52 1147/742/52 1146/741/52
f 1137/508/53 1136/510/53 1148/743/53 1147/742/53
f 1136/510/54 1134/490/54 1145/734/54 1148/743/54
f 1140/740/55 1143/744/55 1131/511/55 1129/504/55
f 1143/744/56 1142/745/56 1132/513/56 1131/511/56
f 1142/745/57 1141/746/57 1133/515/57 1132/513/57
f 1141/746/58 1139/738/58 1130/500/58 1133/515/58
f 1144/739/34 1146/741/34 1143/744/34 1140/740/34
f 1146/741/34 1147/742/34 1142/745/34 1143/744/34
f 1147/742/34 1148/743/34 1141/746/34 1142/745/34
f 1148/743/34 1145/734/34 1139/738/34 1141/746/34
f 1134/490/47 1136/510/47 1133/515/47 1130/500/47
f 1136/510/47 1137/508/47 1132/513/47 1133/515/47
f 1137/508/47 1138/506/47 1131/511/47 1132/513/47
f 1138/506/47 1135/501/47 1129/504/47 1131/511/47
f 1121/495/47 1129/504/47 1135/501/47 1122/498/47
f 1156/737/46 1173/747/46 1162/517/46 1152/498/46
f 1151/495/2 1155/736/2 1156/737/2 1152/498/2
f 1153/748/3 1149/519/3 1150/522/3 1154/749/3
f 1158/524/47 1151/495/47 1152/498/47 1162/517/47
f 1155/736/34 1167/750/34 1173/747/34 1156/737/34
f 1172/751/48 1154/749/48 1150/522/48 1163/525/48
f 1157/528/49 1149/519/49 1153/748/49 1168/752/49
f 1168/752/34 1153/748/34 1154/749/34 1172/751/34
f 1151/495/50 1158/524/50 1167/750/50 1155/736/50
f 1163/525/51 1166/530/51 1174/753/51 1172/751/51
f 1166/530/52 1165/532/52 1175/754/52 1174/753/52
f 1165/532/53 1164/534/53 1176/755/53 1175/754/53
f 1164/534/54 1162/517/54 1173/747/54 1176/755/54
f 1168/752/55 1171/756/55 1159/535/55 1157/528/55
f 1171/756/56 1170/757/56 1160/537/56 1159/535/56
f 1170/757/57 1169/758/57 1161/539/57 1160/537/57
f 1169/758/58 1167/750/58 1158/524/58 1161/539/58
f 1172/751/34 1174/753/34 1171/756/34 1168/752/34
f 1174/753/34 1175/754/34 1170/757/34 1171/756/34
f 1175/754/34 1176/755/34 1169/758/34 1170/757/34
f 1176/755/34 1173/747/34 1167/750/34 1169/758/34
f 1162/517/47 1164/534/47 1161/539/47 1158/524/47
f 1164/534/47 1165/532/47 1160/537/47 1161/539/47
f 1165/532/47 1166/530/47 1159/535/47 1160/537/47
f 1166/530/47 1163/525/47 1157/528/47 1159/535/47
f 1149/519/47 1157/528/47 1163/525/47 1150/522/47
f 1184/749/46 1201/759/46 1190/541/46 1180/522/46
f 1179/519/2 1183/748/2 1184/749/2 1180/522/2
f 1181/760/3 1177/543/3 1178/546/3 1182/761/3
f 1186/548/47 1179/519/47 1180/522/47 1190/541/47
f 1183/748/34 1195/762/34 1201/759/34 1184/749/34
f 1200/763/48 1182/761/48 1178/546/48 1191/549/48
f 1185/552/49 1177/543/49 1181/760/49 1196/764/49
f 1196/764/34 1181/760/34 1182/761/34 1200/763/34
f 1179/519/50 1186/548/50 1195/762/50 1183/748/50
f 1191/549/51 1194/554/51 1202/765/51 1200/763/51
f 1194/554/52 1193/556/52 1203/766/52 1202/765/52
f 1193/556/53 1192/558/53 1204/767/53 1203/766/53
f 1192/558/54 1190/541/54 1201/759/54 1204/767/54
f 1196/764/55 1199/768/55 1187/559/55 1185/552/55
f 1199/768/56 1198/769/56 1188/561/56 1187/559/56
f 1198/769/57 1197/770/57 1189/563/57 1188/561/57
f 1197/770/58 1195/762/58 1186/548/58 1189/563/58
f 1200/763/34 1202/765/34 1199/768/34 1196/764/34
f 1202/765/34 1203/766/34 1198/769/34 1199/768/34
f 1203/766/34 1204/767/34 1197/770/34 1198/769/34
f 1204/767/34 1201/759/34 1195/762/34 1197/770/34
f 1190/541/47 1192/558/47 1189/563/47 1186/548/47
f 1192/558/47 1193/556/47 1188/561/47 1189/563/47
f 1193/556/47 1194/554/47 1187/559/47 1188/561/47
f 1194/554/47 1191/549/47 1185/552/47 1187/559/47
f 1177/543/47 1185/552/47 1191/549/47 1178/546/47
f 1212/761/46 1229/771/46 1218/565/46 1208/546/46
f 1207/543/2 1211/760/2 1212/761/2 1208/546/2
f 1209/772/3 1205/567/3 1206/570/3 1210/773/3
f 1214/572/47 1207/543/47 1208/546/47 1218/565/47
f 1211/760/34 1223/774/34 1229/771/34 1212/761/34
f 1228/775/48 1210/773/48 1206/570/48 1219/573/48
f 1213/576/49 1205/567/49 1209/772/49 1224/776/49
f 1224/776/34 1209/772/34 1210/773/34 1228/775/34
f 1207/543/50 1214/572/50 1223/774/50 1211/760/50
f 1219/573/51 1222/578/51 1230/777/51 1228/775/51
f 1222/578/52 1221/580/52 1231/778/52 1230/777/52
f 1221/580/53 1220/582/53 1232/779/53 1231/778/53
f 1220/582/54 1218/565/54 1229/771/54 1232/779/54
f 1224/776/55 1227/780/55 1215/583/55 1213/576/55
f 1227/780/56 1226/781/56 1216/585/56 1215/583/56
f 1226/781/57 1225/782/57 1217/587/57 1216/585/57
f 1225/782/58 1223/774/58 1214/572/58 1217/587/58
f 1228/775/34 1230/777/34 1227/780/34 1224/776/34
f 1230/777/34 1231/778/34 1226/781/34 1227/780/34
f 1231/778/34 1232/779/34 1225/782/34 1226/781/34
f 1232/779/34 1229/771/34 1223/774/34 1225/782/34
f 1218/565/47 1220/582/47 1217/587/47 1214/572/47
f 1220/582/47 1221/580/47 1216/585/47 1217/587/47
f 1221/580/47 1222/578/47 1215/583/47 1216/585/47
f 1222/578/47 1219/573/47 1213/576/47 1215/583/47
f 1205/567/47 1213/576/47 1219/573/47 1206/570/47
f 1240/773/46 1257/783/46 1246/589/46 1236/570/46
f 1235/567/2 1239/772/2 1240/773/2 1236/570/2
f 1237/784/3 1233/591/3 1234/594/3 1238/785/3
f 1242/596/47 1235/567/47 1236/570/47 1246/589/47
f 1239/772/34 1251/786/34 1257/783/34 1240/773/34
f 1256/787/48 1238/785/48 1234/594/48 1247/597/48
f 1241/600/49 1233/591/49 1237/784/49 1252/788/49
f 1252/788/34 1237/784/34 1238/785/34 1256/787/34
f 1235/567/50 1242/596/50 1251/786/50 1239/772/50
f 1247/597/51 1250/602/51 1258/789/51 1256/787/51
f 1250/602/52 1249/604/52 1259/790/52 1258/789/52
f 1249/604/53 1248/606/53 1260/791/53 1259/790/53
f 1248/606/54 1246/589/54 1257/783/54 1260/791/54
f 1252/788/55 1255/792/55 1243/607/55 1241/600/55
f 1255/792/56 1254/793/56 1244/609/56 1243/607/56
f 1254/793/57 1253/794/57 1245/611/57 1244/609/57
f 1253/794/58 1251/786/58 1242/596/58 1245/611/58
f 1256/787/34 1258/789/34 1255/792/34 1252/788/34
f 1258/789/34 1259/790/34 1254/793/34 1255/792/34
f 1259/790/34 1260/791/34 1253/794/34 1254/793/34
f 1260/791/34 1257/783/34 1251/786/34 1253/794/34
f 1246/589/47 1248/606/47 1245/611/47 1242/596/47
f 1248/606/47 1249/604/47 1244/609/47 1245/611/47
f 1249/604/47 1250/602/47 1243/607/47 1244/609/47
f 1250/602/47 1247/597/47 1241/600/47 1243/607/47
f 1233/591/47 1241/600/47 1247/597/47 1234/594/47
f 1268/785/46 1285/795/46 1274/613/46 1264/594/46
f 1263/591/2 1267/784/2 1268/785/2 1264/594/2
f 1265/796/3 1261/615/3 1262/618/3 1266/797/3
f 1270/620/47 1263/591/47 1264/594/47 1274/613/47
f 1267/784/34 1279/798/34 1285/795/34 1268/785/34
f 1284/799/48 1266/797/48 1262/618/48 1275/621/48
f 1269/624/49 1261/615/49 1265/796/49 1280/800/49
f 1280/800/34 1265/796/34 1266/797/34 1284/799/34
f 1263/591/50 1270/620/50 1279/798/50 1267/784/50
f 1275/621/51 1278/626/51 1286/801/51 1284/799/51
f 1278/626/52 1277/628/52 1287/802/52 1286/801/52
f 1277/628/53 1276/630/53 1288/803/53 1287/802/53
f 1276/630/54 1274/613/54 1285/795/54 1288/803/54
f 1280/800/55 1283/804/55 1271/631/55 1269/624/55
f 1283/804/56 1282/805/56 1272/633/56 1271/631/56
f 1282/805/57 1281/806/57 1273/635/57 1272/633/57
f 1281/806/58 1279/798/58 1270/620/58 1273/635/58
f 1284/799/34 1286/801/34 1283/804/34 1280/800/34
f 1286/801/34 1287/802/34 1282/805/34 1283/804/34
f 1287/802/34 1288/803/34 1281/806/34 1282/805/34
f 1288/803/34 1285/795/34 1279/798/34 1281/806/34
f 1274/613/47 1276/630/47 1273/635/47 1270/620/47
f 1276/630/47 1277/628/47 1272/633/47 1273/635/47
f 1277/628/47 1278/626/47 1271/631/47 1272/633/47
f 1278/626/47 1275/621/47 1269/624/47 1271/631/47
f 1261/615/47 1269/624/47 1275/621/47 1262/618/47
f 1296/797/46 1313/807/46 1302/637/46 1292/618/46
f 1291/615/2 1295/796/2 1296/797/2 1292/618/2
f 1293/808/3 1289/639/3 1290/642/3 1294/809/3
f 1298/644/47 1291/615/47 1292/618/47 1302/637/47
f 1295/796/34 1307/810/34 1313/807/34 1296/797/34
f 1312/811/48 1294/809/48 1290/642/48 1303/645/48
f 1297/648/49 1289/639/49 1293/808/49 1308/812/49
f 1308/812/34 1293/808/34 1294/809/34 1312/811/34
f 1291/615/50 1298/644/50 1307/810/50 1295/796/50
f 1303/645/51 1306/650/51 1314/813/51 1312/811/51
f 1306/650/52 1305/652/52 1315/814/52 1314/813/52
f 1305/652/53 1304/654/53 1316/815/53 1315/814/53
f 1304/654/54 1302/637/54 1313/807/54 1316/815/54
f 1308/812/55 1311/816/55 1299/655/55 1297/648/55
f 1311/816/56 1310/817/56 1300/657/56 1299/655/56
f 1310/817/57 1309/818/57 1301/659/57 1300/657/57
f 1309/818/58 1307/810/58 1298/644/58 1301/659/58
f 1312/811/34 1314/813/34 1311/816/34 1308/812/34
f 1314/813/34 1315/814/34 1310/817/34 1311/816/34
f 1315/814/34 1316/815/34 1309/818/34 1310/817/34
f 1316/815/34 1313/807/34 1307/810/34 1309/818/34
f 1302/637/47 1304/654/47 1301/659/47 1298/644/47
f 1304/654/47 1305/652/47 1300/657/47 1301/659/47
f 1305/652/47 1306/650/47 1299/655/47 1300/657/47
f 1306/650/47 1303/645/47 1297/648/47 1299/655/47
f 1289/639/47 1297/648/47 1303/645/47 1290/642/47
f 1324/809/46 1341/819/46 1330/661/46 1320/642/46
f 1319/639/2 1323/808/2 1324/809/2 1320/642/2
f 1321/820/3 1317/663/3 1318/666/3 1322/821/3
f 1326/668/47 1319/639/47 1320/642/47 1330/661/47
f 1323/808/34 1335/822/34 1341/819/34 1324/809/34
f 1340/823/48 1322/821/48 1318/666/48 1331/669/48
f 1325/672/49 1317/663/49 1321/820/49 1336/824/49
f 1336/824/34 1321/820/34 1322/821/34 1340/823/34
f 1319/639/50 1326/668/50 1335/822/50 1323/808/50
f 1331/669/51 1334/674/51 1342/825/51 1340/823/51
f 1334/674/52 1333/676/52 1343/826/52 1342/825/52
f 1333/676/53 1332/678/53 1344/827/53 1343/826/53
f 1332/678/54 1330/661/54 1341/819/54 1344/827/54
f 1336/824/55 1339/828/55 1327/679/55 1325/672/55
f 1339/828/56 1338/829/56 1328/681/56 1327/679/56
f 1338/829/57 1337/830/57 1329/683/57 1328/681/57
f 1337/830/58 1335/822/58 1326/668/58 1329/683/58
f 1340/823/34 1342/825/34 1339/828/34 1336/824/34
f 1342/825/34 1343/826/34 1338/829/34 1339/828/34
f 1343/826/34 1344/827/34 1337/830/34 1338/829/34
f 1344/827/34 1341/819/34 1335/822/34 1337/830/34
f 1330/661/47 1332/678/47 1329/683/47 1326/668/47
f 1332/678/47 1333/676/47 1328/681/47 1329/683/47
f 1333/676/47 1334/674/47 1327/679/47 1328/681/47
f 1334/674/47 1331/669/47 1325/672/47 1327/679/47
f 1317/663/47 1325/672/47 1331/669/47 1318/666/47
f 1352/821/46 1369/831/46 1358/685/46 1348/666/46
f 1347/663/2 1351/820/2 1352/821/2 1348/666/2
f 1349/832/3 1345/687/3 1346/690/3 1350/833/3
f 1354/692/47 1347/663/47 1348/666/47 1358/685/47
f 1351/820/34 1363/834/34 1369/831/34 1352/821/34
f 1368/835/48 1350/833/48 1346/690/48 1359/693/48
f 1353/696/49 1345/687/49 1349/832/49 1364/836/49
f 1364/836/34 1349/832/34 1350/833/34 1368/835/34
f 1347/663/50 1354/692/50 1363/834/50 1351/820/50
f 1359/693/51 1362/698/51 1370/837/51 1368/835/51
f 1362/698/52 1361/700/52 1371/838/52 1370/837/52
f 1361/700/53 1360/702/53 1372/839/53 1371/838/53
f 1360/702/54 1358/685/54 1369/831/54 1372/839/54
f 1364/836/55 1367/840/55 1355/703/55 1353/696/55
f 1367/840/56 1366/841/56 1356/705/56 1355/703/56
f 1366/841/57 1365/842/57 1357/707/57 1356/705/57
f 1365/842/58 1363/834/58 1354/692/58 1357/707/58
f 1368/835/34 1370/837/34 1367/840/34 1364/836/34
f 1370/837/34 1371/838/34 1366/841/34 1367/840/34
f 1371/838/34 1372/839/34 1365/842/34 1366/841/34
f 1372/839/34 1369/831/34 1363/834/34 1365/842/34
f 1358/685/47 1360/702/47 1357/707/47 1354/692/47
f 1360/702/47 1361/700/47 1356/705/47 1357/707/47
f 1361/700/47 1362/698/47 1355/703/47 1356/705/47
f 1362/698/47 1359/693/47 1353/696/47 1355/703/47
f 1345/687/47 1353/696/47 1359/693/47 1346/690/47
f 1380/833/46 1397/843/46 1386/709/46 1376/690/46
f 1375/687/2 1379/832/2 1380/833/2 1376/690/2
f 1377/844/3 1373/711/3 1374/714/3 1378/845/3
f 1382/716/47 1375/687/47 1376/690/47 1386/709/47
f 1379/832/34 1391/846/34 1397/843/34 1380/833/34
f 1396/847/48 1378/845/48 1374/714/48 1387/717/48
f 1381/720/49 1373/711/49 1377/844/49 1392/848/49
f 1392/848/34 1377/844/34 1378/845/34 1396/847/34
f 1375/687/50 1382/716/50 1391/846/50 1379/832/50
f 1387/717/51 1390/722/51 1398/849/51 1396/847/51
f 1390/722/52 1389/724/52 1399/850/52 1398/849/52
f 1389/724/53 1388/726/53 1400/851/53 1399/850/53
f 1388/726/54 1386/709/54 1397/843/54 1400/851/54
f 1392/848/55 1395/852/55 1383/727/55 1381/720/55
f 1395/852/56 1394/853/56 1384/729/56 1383/727/56
f 1394/853/57 1393/854/57 1385/731/57 1384/729/57
f 1393/854/58 1391/846/58 1382/716/58 1385/731/58
f 1396/847/34 1398/849/34 1395/852/34 1392/848/34
f 1398/849/34 1399/850/34 1394/853/34 1395/852/34
f 1399/850/34 1400/851/34 1393/854/34 1394/853/34
f 1400/851/34 1397/843/34 1391/846/34 1393/854/34
f 1386/709/47 1388/726/47 1385/731/47 1382/716/47
f 1388/726/47 1389/724/47 1384/729/47 1385/731/47
f 1389/724/47 1390/722/47 1383/727/47 1384/729/47
f 1390/722/47 1387/717/47 1381/720/47 1383/727/47
f 1373/711/47 1381/720/47 1387/717/47 1374/714/47
f 1408/855/46 1425/856/46 1414/734/46 1404/733/46
f 1403/735/2 1407/857/2 1408/855/2 1404/733/2
f 1405/858/3 1401/736/3 1402/737/3 1406/859/3
f 1410/738/47 1403/735/47 1404/733/47 1414/734/47
f 1407/857/34 1419/860/34 1425/856/34 1408/855/34
f 1424/861/48 1406/859/48 1402/737/48 1415/739/48
f 1409/740/49 1401/736/49 1405/858/49 1420/862/49
f 1420/862/34 1405/858/34 1406/859/34 1424/861/34
f 1403/735/50 1410/738/50 1419/860/50 1407/857/50
f 1415/739/51 1418/741/51 1426/863/51 1424/861/51
f 1418/741/52 1417/742/52 1427/864/52 1426/863/52
f 1417/742/53 1416/743/53 1428/865/53 1427/864/53
f 1416/743/54 1414/734/54 1425/856/54 1428/865/54
f 1420/862/55 1423/866/55 1411/744/55 1409/740/55
f 1423/866/56 1422/867/56 1412/745/56 1411/744/56
f 1422/867/57 1421/868/57 1413/746/57 1412/745/57
f 1421/868/58 1419/860/58 1410/738/58 1413/746/58
f 1424/861/34 1426/863/34 1423/866/34 1420/862/34
f 1426/863/34 1427/864/34 1422/867/34 1423/866/34
f 1427/864/34 1428/865/34 1421/868/34 1422/867/34
f 1428/865/34 1425/856/34 1419/860/34 1421/868/34
f 1414/734/47 1416/743/47 1413/746/47 1410/738/47
f 1416/743/47 1417/742/47 1412/745/47 1413/746/47
f 1417/742/47 1418/741/47 1411/744/47 1412/745/47
f 1418/741/47 1415/739/47 1409/740/47 1411/744/47
f 1401/736/47 1409/740/47 1415/739/47 1402/737/47
f 1436/859/46 1453/869/46 1442/747/46 1432/737/46
f 1431/736/2 1435/858/2 1436/859/2 1432/737/2
f 1433/870/3 1429/748/3 1430/749/3 1434/871/3
f 1438/750/47 1431/736/47 1432/737/47 1442/747/47
f 1435/858/34 1447/872/34 1453/869/34 1436/859/34
f 1452/873/48 1434/871/48 1430/749/48 1443/751/48
f 1437/752/49 1429/748/49 1433/870/49 1448/874/49
f 1448/874/34 1433/870/34 1434/871/34 1452/873/34
f 1431/736/50 1438/750/50 1447/872/50 1435/858/50
f 1443/751/51 1446/753/51 1454/875/51 1452/873/51
f 1446/753/52 1445/754/52 1455/876/52 1454/875/52
f 1445/754/53 1444/755/53 1456/877/53 1455/876/53
f 1444/755/54 1442/747/54 1453/869/54 1456/877/54
f 1448/874/55 1451/878/55 1439/756/55 1437/752/55
f 1451/878/56 1450/879/56 1440/757/56 1439/756/56
f 1450/879/57 1449/880/57 1441/758/57 1440/757/57
f 1449/880/58 1447/872/58 1438/750/58 1441/758/58
f 1452/873/34 1454/875/34 1451/878/34 1448/874/34
f 1454/875/34 1455/876/34 1450/879/34 1451/878/34
f 1455/876/34 1456/877/34 1449/880/34 1450/879/34
f 1456/877/34 1453/869/34 1447/872/34 1449/880/34
f 1442/747/47 1444/755/47 1441/758/47 1438/750/47
f 1444/755/47 1445/754/47 1440/757/47 1441/758/47
f 1445/754/47 1446/753/47 1439/756/47 1440/757/47
f 1446/753/47 1443/751/47 1437/752/47 1439/756/47
f 1429/748/47 1437/752/47 1443/751/47 1430/749/47
f 1464/871/46 1481/881/46 1470/759/46 1460/749/46
f 1459/748/2 1463/870/2 1464/871/2 1460/749/2
f 1461/882/3 1457/760/3 1458/761/3 1462/883/3
f 1466/762/47 1459/748/47 1460/749/47 1470/759/47
f 1463/870/34 1475/884/34 1481/881/34 1464/871/34
f 1480/885/48 1462/883/48 1458/761/48 1471/763/48
f 1465/764/49 1457/760/49 1461/882/49 1476/886/49
f 1476/886/34 1461/882/34 1462/883/34 1480/885/34
f 1459/748/50 1466/762/50 1475/884/50 1463/870/50
f 1471/763/51 1474/765/51 1482/887/51 1480/885/51
f 1474/765/52 1473/766/52 1483/888/52 1482/887/52
f 1473/766/53 1472/767/53 1484/889/53 1483/888/53
f 1472/767/54 1470/759/54 1481/881/54 1484/889/54
f 1476/886/55 1479/890/55 1467/768/55 1465/764/55
f 1479/890/56 1478/891/56 1468/769/56 1467/768/56
f 1478/891/57 1477/892/57 1469/770/57 1468/769/57
f 1477/892/58 1475/884/58 1466/762/58 1469/770/58
f 1480/885/34 1482/887/34 1479/890/34 1476/886/34
f 1482/887/34 1483/888/34 1478/891/34 1479/890/34
f 1483/888/34 1484/889/34 1477/892/34 1478/891/34
f 1484/889/34 1481/881/34 1475/884/34 1477/892/34
f 1470/759/47 1472/767/47 1469/770/47 1466/762/47
f 1472/767/47 1473/766/47 1468/769/47 1469/770/47
f 1473/766/47 1474/765/47 1467/768/47 1468/769/47
f 1474/765/47 1471/763/47 1465/764/47 1467/768/47
f 1457/760/47 1465/764/47 1471/763/47 1458/761/47
f 1492/883/46 1509/893/46 1498/771/46 1488/761/46
f 1487/760/2 1491/882/2 1492/883/2 1488/761/2
f 1489/894/3 1485/772/3 1486/773/3 1490/895/3
f 1494/774/47 1487/760/47 1488/761/47 1498/771/47
f 1491/882/34 1503/896/34 1509/893/34 1492/883/34
f 1508/897/48 1490/895/48 1486/773/48 1499/775/48
f 1493/776/49 1485/772/49 1489/894/49 1504/898/49
f 1504/898/34 1489/894/34 1490/895/34 1508/897/34
f 1487/760/50 1494/774/50 1503/896/50 1491/882/50
f 1499/775/51 1502/777/51 1510/899/51 1508/897/51
f 1502/777/52 1501/778/52 1511/900/52 1510/899/52
f 1501/778/53 1500/779/53 1512/901/53 1511/900/53
f 1500/779/54 1498/771/54 1509/893/54 1512/901/54
f 1504/898/55 1507/902/55 1495/780/55 1493/776/55
f 1507/902/56 1506/903/56 1496/781/56 1495/780/56
f 1506/903/57 1505/904/57 1497/782/57 1496/781/57
f 1505/904/58 1503/896/58 1494/774/58 1497/782/58
f 1508/897/34 1510/899/34 1507/902/34 1504/898/34
f 1510/899/34 1511/900/34 1506/903/34 1507/902/34
f 1511/900/34 1512/901/34 1505/904/34 1506/903/34
f 1512/901/34 1509/893/34 1503/896/34 1505/904/34
f 1498/771/47 1500/779/47 1497/782/47 1494/774/47
f 1500/779/47 1501/778/47 1496/781/47 1497/782/47
f 1501/778/47 1502/777/47 1495/780/47 1496/781/47
f 1502/777/47 1499/775/47 1493/776/47 1495/780/47
f 1485/772/47 1493/776/47 1499/775/47 1486/773/47
f 1520/895/46 1537/905/46 1526/783/46 1516/773/46
f 1515/772/2 1519/894/2 1520/895/2 1516/773/2
f 1517/906/3 1513/784/3 1514/785/3 1518/907/3
f 1522/786/47 1515/772/47 1516/773/47 1526/783/47
f 1519/894/34 1531/908/34 1537/905/34 1520/895/34
f 1536/909/48 1518/907/48 1514/785/48 1527/787/48
f 1521/788/49 1513/784/49 1517/906/49 1532/910/49
f 1532/910/34 1517/906/34 1518/907/34 1536/909/34
f 1515/772/50 1522/786/50 1531/908/50 1519/894/50
f 1527/787/51 1530/789/51 1538/911/51 1536/909/51
f 1530/789/52 1529/790/52 1539/912/52 1538/911/52
f 1529/790/53 1528/791/53 1540/913/53 1539/912/53
f 1528/791/54 1526/783/54 1537/905/54 1540/913/54
f 1532/910/55 1535/914/55 1523/792/55 1521/788/55
f 1535/914/56 1534/915/56 1524/793/56 1523/792/56
f 1534/915/57 1533/916/57 1525/794/57 1524/793/57
f 1533/916/58 1531/908/58 1522/786/58 1525/794/58
f 1536/909/34 1538/911/34 1535/914/34 1532/910/34
f 1538/911/34 1539/912/34 1534/915/34 1535/914/34
f 1539/912/34 1540/913/34 1533/916/34 1534/915/34
f 1540/913/34 1537/905/34 1531/908/34 1533/916/34
f 1526/783/47 1528/791/47 1525/794/47 1522/786/47
f 1528/791/47 1529/790/47 1524/793/47 1525/794/47
f 1529/790/47 1530/789/47 1523/792/47 1524/793/47
f 1530/789/47 1527/787/47 1521/788/47 1523/792/47
f 1513/784/47 1521/788/47 1527/787/47 1514/785/47
f 1548/907/46 1565/917/46 1554/795/46 1544/785/46
f 1543/784/2 1547/906/2 1548/907/2 1544/785/2
f 1545/918/3 1541/796/3 1542/797/3 1546/919/3
f 1550/798/47 1543/784/47 1544/785/47 1554/795/47
f 1547/906/34 1559/920/34 1565/917/34 1548/907/34
f 1564/921/48 1546/919/48 1542/797/48 1555/799/48
f 1549/800/49 1541/796/49 1545/918/49 1560/922/49
f 1560/922/34 1545/918/34 1546/919/34 1564/921/34
f 1543/784/50 1550/798/50 1559/920/50 1547/906/50
f 1555/799/51 1558/801/51 1566/923/51 1564/921/51
f 1558/801/52 1557/802/52 1567/924/52 1566/923/52
f 1557/802/53 1556/803/53 1568/925/53 1567/924/53
f 1556/803/54 1554/795/54 1565/917/54 1568/925/54
f 1560/922/55 1563/926/55 1551/804/55 1549/800/55
f 1563/926/56 1562/927/56 1552/805/56 1551/804/56
f 1562/927/57 1561/928/57 1553/806/57 1552/805/57
f 1561/928/58 1559/920/58 1550/798/58 1553/806/58
f 1564/921/34 1566/923/34 1563/926/34 1560/922/34
f 1566/923/34 1567/924/34 1562/927/34 1563/926/34
f 1567/924/34 1568/925/34 1561/928/34 1562/927/34
f 1568/925/34 1565/917/34 1559/920/34 1561/928/34
f 1554/795/47 1556/803/47 1553/806/47 1550/798/47
f 1556/803/47 1557/802/47 1552/805/47 1553/806/47
f 1557/802/47 1558/801/47 1551/804/47 1552/805/47
f 1558/801/47 1555/799/47 1549/800/47 1551/804/47
f 1541/796/47 1549/800/47 1555/799/47 1542/797/47
f 1576/919/46 1593/929/46 1582/807/46 1572/797/46
f 1571/796/2 1575/918/2 1576/919/2 1572/797/2
f 1573/930/3 1569/808/3 1570/809/3 1574/931/3
f 1578/810/47 1571/796/47 1572/797/47 1582/807/47
f 1575/918/34 1587/932/34 1593/929/34 1576/919/34
f 1592/933/48 1574/931/48 1570/809/48 1583/811/48
f 1577/812/49 1569/808/49 1573/930/49 1588/934/49
f 1588/934/34 1573/930/34 1574/931/34 1592/933/34
f 1571/796/50 1578/810/50 1587/932/50 1575/918/50
f 1583/811/51 1586/813/51 1594/935/51 1592/933/51
f 1586/813/52 1585/814/52 1595/936/52 1594/935/52
f 1585/814/53 1584/815/53 1596/937/53 1595/936/53
f 1584/815/54 1582/807/54 1593/929/54 1596/937/54
f 1588/934/55 1591/938/55 1579/816/55 1577/812/55
f 1591/938/56 1590/939/56 1580/817/56 1579/816/56
f 1590/939/57 1589/940/57 1581/818/57 1580/817/57
f 1589/940/58 1587/932/58 1578/810/58 1581/818/58
f 1592/933/34 1594/935/34 1591/938/34 1588/934/34
f 1594/935/34 1595/936/34 1590/939/34 1591/938/34
f 1595/936/34 1596/937/34 1589/940/34 1590/939/34
f 1596/937/34 1593/929/34 1587/932/34 1589/940/34
f 1582/807/47 1584/815/47 1581/818/47 1578/810/47
f 1584/815/47 1585/814/47 1580/817/47 1581/818/47
f 1585/814/47 1586/813/47 1579/816/47 1580/817/47
f 1586/813/47 1583/811/47 1577/812/47 1579/816/47
f 1569/808/47 1577/812/47 1583/811/47 1570/809/47
f 1604/931/46 1621/941/46 1610/819/46 1600/809/46
f 1599/808/2 1603/930/2 1604/931/2 1600/809/2
f 1601/942/3 1597/820/3 1598/821/3 1602/943/3
f 1606/822/47 1599/808/47 1600/809/47 1610/819/47
f 1603/930/34 1615/944/34 1621/941/34 1604/931/34
f 1620/945/48 1602/943/48 1598/821/48 1611/823/48
f 1605/824/49 1597/820/49 1601/942/49 1616/946/49
f 1616/946/34 1601/942/34 1602/943/34 1620/945/34
f 1599/808/50 1606/822/50 1615/944/50 1603/930/50
f 1611/823/51 1614/825/51 1622/947/51 1620/945/51
f 1614/825/52 1613/826/52 1623/948/52 1622/947/52
f 1613/826/53 1612/827/53 1624/949/53 1623/948/53
f 1612/827/54 1610/819/54 1621/941/54 1624/949/54
f 1616/946/55 1619/950/55 1607/828/55 1605/824/55
f 1619/950/56 1618/951/56 1608/829/56 1607/828/56
f 1618/951/57 1617/952/57 1609/830/57 1608/829/57
f 1617/952/58 1615/944/58 1606/822/58 1609/830/58
f 1620/945/34 1622/947/34 1619/950/34 1616/946/34
f 1622/947/34 1623/948/34 1618/951/34 1619/950/34
f 1623/948/34 1624/949/34 1617/952/34 1618/951/34
f 1624/949/34 1621/941/34 1615/944/34 1617/952/34
f 1610/819/47 1612/827/47 1609/830/47 1606/822/47
f 1612/827/47 1613/826/47 1608/829/47 1609/830/47
f 1613/826/47 1614/825/47 1607/828/47 1608/829/47
f 1614/825/47 1611/823/47 1605/824/47 1607/828/47
f 1597/820/47 1605/824/47 1611/823/47 1598/821/47
f 1632/943/46 1649/953/46 1638/831/46 1628/821/46
f 1627/820/2 1631/942/2 1632/943/2 1628/821/2
f 1629/954/3 1625/832/3 1626/833/3 1630/955/3
f 1634/834/47 1627/820/47 1628/821/47 1638/831/47
f 1631/942/34 1643/956/34 1649/953/34 1632/943/34
f 1648/957/48 1630/955/48 1626/833/48 1639/835/48
f 1633/836/49 1625/832/49 1629/954/49 1644/958/49
f 1644/958/34 1629/954/34 1630/955/34 1648/957/34
f 1627/820/50 1634/834/50 1643/956/50 1631/942/50
f 1639/835/51 1642/837/51 1650/959/51 1648/957/51
f 1642/837/52 1641/838/52 1651/960/52 1650/959/52
f 1641/838/53 1640/839/53 1652/961/53 1651/960/53
f 1640/839/54 1638/831/54 1649/953/54 1652/961/54
f 1644/958/55 1647/962/55 1635/840/55 1633/836/55
f 1647/962/56 1646/963/56 1636/841/56 1635/840/56
f 1646/963/57 1645/964/57 1637/842/57 1636/841/57
f 1645/964/58 1643/956/58 1634/834/58 1637/842/58
f 1648/957/34 1650/959/34 1647/962/34 1644/958/34
f 1650/959/34 1651/960/34 1646/963/34 1647/962/34
f 1651/960/34 1652/961/34 1645/964/34 1646/963/34
f 1652/961/34 1649/953/34 1643/956/34 1645/964/34
f 1638/831/47 1640/839/47 1637/842/47 1634/834/47
f 1640/839/47 1641/838/47 1636/841/47 1637/842/47
f 1641/838/47 1642/837/47 1635/840/47 1636/841/47
f 1642/837/47 1639/835/47 1633/836/47 1635/840/47
f 1625/832/47 1633/836/47 1639/835/47 1626/833/47
f 1660/955/46 1677/965/46 1666/843/46 1656/833/46
f 1655/832/2 1659/954/2 1660/955/2 1656/833/2
f 1657/966/3 1653/844/3 1654/845/3 1658/967/3
f 1662/846/47 1655/832/47 1656/833/47 1666/843/47
f 1659/954/34 1671/968/34 1677/965/34 1660/955/34
f 1676/969/48 1658/967/48 1654/845/48 1667/847/48
f 1661/848/49 1653/844/49 1657/966/49 1672/970/49
f 1672/970/34 1657/966/34 1658/967/34 1676/969/34
f 1655/832/50 1662/846/50 1671/968/50 1659/954/50
f 1667/847/51 1670/849/51 1678/971/51 1676/969/51
f 1670/849/52 1669/850/52 1679/972/52 1678/971/52
f 1669/850/53 1668/851/53 1680/973/53 1679/972/53
f 1668/851/54 1666/843/54 1677/965/54 1680/973/54
f 1672/970/55 1675/974/55 1663/852/55 1661/848/55
f 1675/974/56 1674/975/56 1664/853/56 1663/852/56
f 1674/975/57 1673/976/57 1665/854/57 1664/853/57
f 1673/976/58 1671/968/58 1662/846/58 1665/854/58
f 1676/969/34 1678/971/34 1675/974/34 1672/970/34
f 1678/971/34 1679/972/34 1674/975/34 1675/974/34
f 1679/972/34 1680/973/34 1673/976/34 1674/975/34
f 1680/973/34 1677/965/34 1671/968/34 1673/976/34
f 1666/843/47 1668/851/47 1665/854/47 1662/846/47
f 1668/851/47 1669/850/47 1664/853/47 1665/854/47
f 1669/850/47 1670/849/47 1663/852/47 1664/853/47
f 1670/849/47 1667/847/47 1661/848/47 1663/852/47
f 1653/844/47 1661/848/47 1667/847/47 1654/845/47
f 1681/977/59 1685/978/59 1687/979/59 1683/980/59
f 1684/981/3 1683/980/3 1687/979/3 1688/982/3
f 1688/982/60 1687/979/60 1685/978/60 1686/983/60
f 1686/983/61 1682/984/61 1684/981/61 1688/982/61
f 1682/984/62 1681/977/62 1683/980/62 1684/981/62
f 1686/983/2 1685/978/2 1681/977/2 1682/984/2
f 1689/985/60 1690/986/60 1692/987/60 1691/988/60
f 1691/988/2 1692/987/2 1696/989/2 1695/990/2
f 1695/990/62 1696/989/62 1694/991/62 1693/992/62
f 1693/992/3 1694/991/3 1690/986/3 1689/985/3
f 1691/988/61 1695/990/61 1693/992/61 1689/985/61
f 1696/989/59 1692/987/59 1690/986/59 1694/991/59
f 1697/993/60 1698/994/60 1700/995/60 1699/996/60
f 1699/996/59 1700/995/59 1704/997/59 1703/998/59
f 1703/998/62 1704/997/62 1702/999/62 1701/1000/62
f 1701/1000/61 1702/999/61 1698/994/61 1697/993/61
f 1699/996/2 1703/998/2 1701/1000/2 1697/993/2
f 1704/997/3 1700/995/3 1698/994/3 1702/999/3
f 1705/1001/62 1707/1002/62 1708/1003/62 1706/1004/62
f 1707/1002/59 1711/1005/59 1712/1006/59 1708/1003/59
f 1711/1005/60 1709/1007/60 1710/1008/60 1712/1006/60
f 1709/1007/61 1705/1001/61 1706/1004/61 1710/1008/61
f 1707/1002/2 1705/1001/2 1709/1007/2 1711/1005/2
f 1712/1006/3 1710/1008/3 1706/1004/3 1708/1003/3
f 1713/1009/60 1715/1010/60 1716/1011/60 1714/1012/60
f 1715/1010/61 1719/1013/61 1720/1014/61 1716/1011/61
f 1719/1013/62 1717/1015/62 1718/1016/62 1720/1014/62
f 1717/1015/59 1713/1009/59 1714/1012/59 1718/1016/59
f 1715/1010/2 1713/1009/2 1717/1015/2 1719/1013/2
f 1720/1014/3 1718/1016/3 1714/1012/3 1716/1011/3
f 1721/1017/62 1722/1018/62 1724/1019/62 1723/1020/62
f 1723/1020/61 1724/1019/61 1728/1021/61 1727/1022/61
f 1727/1022/60 1728/1021/60 1726/1023/60 1725/1024/60
f 1725/1024/59 1726/1023/59 1722/1018/59 1721/1017/59
f 1723/1020/2 1727/1022/2 1725/1024/2 1721/1017/2
f 1728/1021/3 1724/1019/3 1722/1018/3 1726/1023/3
f 1729/1025/59 1730/1026/59 1732/1027/59 1731/1028/59
f 1731/1028/2 1732/1027/2 1736/1029/2 1735/1030/2
f 1735/1030/61 1736/1029/61 1734/1031/61 1733/1032/61
f 1733/1032/3 1734/1031/3 1730/1026/3 1729/1025/3
f 1731/1028/60 1735/1030/60 1733/1032/60 1729/1025/60
f 1736/1029/62 1732/1027/62 1730/1026/62 1734/1031/62
f 1739/1033/3 1743/1034/3 1741/1035/3 1737/1036/3
f 1744/1037/2 1740/1038/2 1738/1039/2 1742/1040/2
f 1745/1041/62 1747/1042/62 1748/1043/62 1746/1044/62
f 1747/1042/61 1751/1045/61 1752/1046/61 1748/1043/61
f 1751/1045/60 1749/1047/60 1750/1048/60 1752/1046/60
f 1749/1047/59 1745/1041/59 1746/1044/59 1750/1048/59
f 1747/1042/3 1745/1041/3 1749/1047/3 1751/1045/3
f 1752/1046/2 1750/1048/2 1746/1044/2 1748/1043/2
f 1773/1049/60 1774/1050/60 1756/1051/60 1754/1052/60
f 1774/1050/61 1775/1053/61 1760/1054/61 1756/1051/61
f 1775/1053/62 1776/1055/62 1758/1056/62 1760/1054/62
f 1776/1055/59 1773/1049/59 1754/1052/59 1758/1056/59
f 1755/1057/2 1753/1058/2 1757/1059/2 1759/1060/2
f 1760/1054/3 1758/1056/3 1754/1052/3 1756/1051/3
f 1761/1061/62 1762/1062/62 1764/1063/62 1763/1064/62
f 1763/1064/61 1764/1063/61 1768/1065/61 1767/1066/61
f 1767/1066/60 1768/1065/60 1766/1067/60 1765/1068/60
f 1765/1068/59 1766/1067/59 1762/1062/59 1761/1061/59
f 1763/1064/2 1767/1066/2 1765/1068/2 1761/1061/2
f 1768/1065/3 1764/1063/3 1762/1062/3 1766/1067/3
f 1753/1058/60 1755/1057/60 1769/1069/60 1772/1070/60
f 1755/1057/61 1759/1060/61 1770/1071/61 1769/1069/61
f 1759/1060/62 1757/1059/62 1771/1072/62 1770/1071/62
f 1757/1059/59 1753/1058/59 1772/1070/59 1771/1072/59
f 1779/1073/59 1780/1074/59 1773/1049/59 1776/1055/59
f 1778/1075/62 1779/1073/62 1776/1055/62 1775/1053/62
f 1777/1076/61 1778/1075/61 1775/1053/61 1774/1050/61
f 1780/1074/60 1777/1076/60 1774/1050/60 1773/1049/60
f 1772/1070/60 1769/1069/60 1782/1077/60 1781/1078/60
f 1769/1069/61 1770/1071/61 1783/1079/61 1782/1077/61
f 1770/1071/62 1771/1072/62 1784/1080/62 1783/1079/62
f 1771/1072/59 1772/1070/59 1781/1078/59 1784/1080/59
f 1777/1076/2 1780/1074/2 1779/1073/2 1778/1075/2
f 1782/1077/3 1783/1079/3 1784/1080/3 1781/1078/3
f 1785/1081/60 1786/1082/60 1788/1083/60 1787/1084/60
f 1787/1084/2 1788/1083/2 1792/1085/2 1791/1086/2
f 1791/1086/62 1792/1085/62 1790/1087/62 1789/1088/62
f 1789/1088/3 1790/1087/3 1786/1082/3 1785/1081/3
f 1787/1084/61 1791/1086/61 1789/1088/61 1785/1081/61
f 1792/1085/59 1788/1083/59 1786/1082/59 1790/1087/59
f 1793/1089/59 1794/1090/59 1796/1091/59 1795/1092/59
f 1795/1092/2 1796/1091/2 1800/1093/2 1799/1094/2
f 1799/1094/61 1800/1093/61 1798/1095/61 1797/1096/61
f 1797/1096/3 1798/1095/3 1794/1090/3 1793/1089/3
f 1795/1092/60 1799/1094/60 1797/1096/60 1793/1089/60
f 1800/1093/62 1796/1091/62 1794/1090/62 1798/1095/62
f 1801/1097/60 1802/1098/60 1804/1099/60 1803/1100/60
f 1803/1100/2 1804/1099/2 1808/1101/2 1807/1102/2
f 1807/1102/62 1808/1101/62 1806/1103/62 1805/1104/62
f 1805/1104/3 1806/1103/3 1802/1098/3 1801/1097/3
f 1803/1100/61 1807/1102/61 1805/1104/61 1801/1097/61
f 1808/1101/59 1804/1099/59 1802/1098/59 1806/1103/59
f 1809/1105/60 1810/1106/60 1812/1107/60 1811/1108/60
f 1811/1108/2 1812/1107/2 1816/1109/2 1815/1110/2
f 1815/1110/62 1816/1109/62 1814/1111/62 1813/1112/62
f 1813/1112/3 1814/1111/3 1810/1106/3 1809/1105/3
f 1811/1108/61 1815/1110/61 1813/1112/61 1809/1105/61
f 1816/1109/59 1812/1107/59 1810/1106/59 1814/1111/59
f 1817/1113/62 1819/1114/62 1820/1115/62 1818/1116/62
f 1819/1114/2 1823/1117/2 1824/1118/2 1820/1115/2
f 1823/1117/60 1821/1119/60 1822/1120/60 1824/1118/60
f 1821/1119/3 1817/1113/3 1818/1116/3 1822/1120/3
f 1819/1114/61 1817/1113/61 1821/1119/61 1823/1117/61
f 1824/1118/59 1822/1120/59 1818/1116/59 1820/1115/59
f 1825/1121/63 1826/1122/63 1828/1123/63 1827/1124/63
f 1827/1124/61 1828/1123/61 1830/1125/61 1829/1126/61
f 1828/1123/64 1826/1122/64 1830/1125/64
f 1829/1126/65 1830/1125/65 1826/1122/65 1825/1121/65
f 1825/1121/66 1827/1124/66 1829/1126/66
f 1831/1127/59 1832/1128/59 1834/1129/59 1833/1130/59
f 1833/1130/2 1834/1129/2 1838/1131/2 1837/1132/2
f 1837/1132/61 1838/1131/61 1836/1133/61 1835/1134/61
f 1835/1134/3 1836/1133/3 1832/1128/3 1831/1127/3
f 1833/1130/60 1837/1132/60 1835/1134/60 1831/1127/60
f 1838/1131/62 1834/1129/62 1832/1128/62 1836/1133/62
f 1839/1135/59 1840/1136/59 1842/1137/59 1841/1138/59
f 1841/1138/2 1842/1137/2 1846/1139/2 1845/1140/2
f 1845/1140/61 1846/1139/61 1844/1141/61 1843/1142/61
f 1843/1142/3 1844/1141/3 1840/1136/3 1839/1135/3
f 1841/1138/60 1845/1140/60 1843/1142/60 1839/1135/60
f 1846/1139/62 1842/1137/62 1840/1136/62 1844/1141/62
f 1850/1143/3 1849/1144/3 1857/1145/3 1858/1146/3
f 1849/1144/3 1847/1147/3 1848/1148/3 1850/1143/3 1858/1146/3 1856/1149/3 1855/1150/3 1857/1145/3
f 1849/1144/60 1850/1143/60 1854/1151/60 1853/1152/60
f 1861/1153/2 1851/1154/2 1853/1152/2 1854/1151/2 1852/1155/2 1862/1156/2 1860/1157/2 1859/1158/2
f 1852/1155/2 1851/1154/2 1861/1153/2 1862/1156/2
f 1851/1154/62 1852/1155/62 1848/1148/62 1847/1147/62
f 1849/1144/61 1853/1152/61 1851/1154/61 1847/1147/61
f 1854/1151/59 1850/1143/59 1848/1148/59 1852/1155/59
f 1858/1146/62 1857/1145/62 1859/1158/62 1860/1157/62
f 1861/1153/60 1855/1150/60 1856/1149/60 1862/1156/60
f 1859/1158/59 1857/1145/59 1855/1150/59 1861/1153/59
f 1856/1149/61 1858/1146/61 1860/1157/61 1862/1156/61
f 1866/1159/60 1865/1160/60 1873/1161/60 1874/1162/60
f 1865/1160/60 1863/1163/60 1864/1164/60 1866/1159/60 1874/1162/60 1872/1165/60 1871/1166/60 1873/1161/60
f 1865/1160/2 1866/1159/2 1870/1167/2 1869/1168/2
f 1877/1169/62 1867/1170/62 1869/1168/62 1870/1167/62 1868/1171/62 1878/1172/62 1876/1173/62 1875/1174/62
f 1868/1171/62 1867/1170/62 1877/1169/62 1878/1172/62
f 1867/1170/3 1868/1171/3 1864/1164/3 1863/1163/3
f 1865/1160/61 1869/1168/61 1867/1170/61 1863/1163/61
f 1870/1167/59 1866/1159/59 1864/1164/59 1868/1171/59
f 1874/1162/3 1873/1161/3 1875/1174/3 1876/1173/3
f 1877/1169/2 1871/1166/2 1872/1165/2 1878/1172/2
f 1875/1174/59 1873/1161/59 1871/1166/59 1877/1169/59
f 1872/1165/61 1874/1162/61 1876/1173/61 1878/1172/61
f 1879/1175/67 1880/1176/67 1882/1177/67 1881/1178/67
f 1881/1178/59 1882/1177/59 1886/1179/59 1885/1180/59
f 1885/1180/68 1886/1179/68 1884/1181/68 1883/1182/68
f 1883/1182/61 1884/1181/61 1880/1176/61 1879/1175/61
f 1881/1178/69 1885/1180/69 1883/1182/69 1879/1175/69
f 1886/1179/70 1882/1177/70 1880/1176/70 1884/1181/70
f 1887/1183/60 1888/1184/60 1890/1185/60 1889/1186/60
f 1889/1186/2 1890/1185/2 1894/1187/2 1893/1188/2
f 1893/1188/62 1894/1187/62 1892/1189/62 1891/1190/62
f 1891/1190/3 1892/1189/3 1888/1184/3 1887/1183/3
f 1889/1186/61 1893/1188/61 1891/1190/61 1887/1183/61
f 1894/1187/59 1890/1185/59 1888/1184/59 1892/1189/59
