# Blender 4.2.3 LTS
# www.blender.org
o office_2
v -0.966256 0.000883 1.468343
v -0.966256 0.801254 1.468343
v -0.966256 0.000883 -1.771760
v -0.966256 0.801254 -1.771760
v 1.312697 0.000883 1.468343
v 1.312697 0.801254 1.468343
v 1.312697 0.000883 -1.771760
v 1.312697 0.801254 -1.771760
v -1.102198 0.801254 1.600419
v -1.102198 0.801254 -1.903836
v 1.448639 0.801254 -1.903836
v 1.448639 0.801254 1.600419
v -1.102197 1.188688 1.600419
v -1.102197 1.188688 -1.903836
v 1.448638 1.188688 -1.903836
v 1.448638 1.188688 1.600419
v -0.965955 1.188688 1.467854
v -0.965955 1.188688 -1.771271
v 1.312396 1.188688 -1.771271
v 1.312396 1.188688 1.467854
v -0.965955 2.203319 1.467854
v -0.965955 2.203319 -1.771271
v 1.312396 2.203319 -1.771271
v 1.312396 2.203319 1.467854
v -1.104147 2.203319 1.607573
v -1.104147 2.203319 -1.910990
v 1.450588 2.203319 -1.910990
v 1.450588 2.203319 1.607573
v -1.104147 2.716179 1.607573
v -1.104147 2.716179 -1.910990
v 1.450588 2.716179 -1.910990
v 1.450588 2.716179 1.607573
v 1.308959 2.716179 -1.769361
v -0.962518 2.716179 -1.769361
v -0.962518 2.716179 1.465944
v 1.308959 2.716179 1.465944
v -0.962518 2.587310 -1.769361
v 1.308959 2.587310 -1.769361
v 1.308959 2.587310 1.465944
v -0.962518 2.587310 1.465944
v -0.094995 0.000883 -1.771760
v -0.094995 0.801254 -1.771760
v -0.094995 0.000883 1.468343
v -0.094995 0.801254 1.468343
v -0.126993 0.801254 -1.903836
v -0.126993 0.801254 1.600419
v -0.126993 1.188688 -1.903836
v -0.126993 1.188688 1.600419
v -0.094924 1.188688 -1.771271
v -0.094924 1.188688 1.467854
v -0.094924 2.203319 1.467854
v -0.127452 2.203319 1.607573
v -0.127452 2.716179 -1.910990
v -0.127452 2.716179 1.607573
v -0.094115 2.716179 1.465944
v -0.094115 2.587310 1.465944
v -0.966256 0.000883 1.545614
v -0.966256 0.801254 1.545614
v -0.966256 0.801254 -1.849032
v -0.966256 0.000883 -1.849032
v -0.094995 0.000883 -1.849032
v -0.094995 0.801254 1.545614
v -0.094995 0.801254 -1.849032
v -0.094995 0.000883 1.545614
v 1.048273 0.801254 -1.771760
v 1.048273 0.000883 1.468343
v 1.152668 0.801254 -1.903836
v 1.152668 1.188688 -1.903836
v 1.048041 1.188688 -1.771271
v 1.154165 2.716179 -1.910990
v 1.048273 0.000883 -1.771760
v 1.048273 0.801254 1.468343
v 1.152668 0.801254 1.600419
v 1.152668 1.188688 1.600419
v 1.048041 1.188688 1.467854
v 1.048041 2.203319 1.467854
v 1.154165 2.203319 1.607573
v 1.154165 2.716179 1.607573
v 1.045403 2.716179 1.465944
v 1.045403 2.587310 1.465944
v -0.966256 0.000883 -1.593936
v -0.966256 0.000883 1.290519
v -0.966256 0.801254 1.290519
v -0.966256 0.801254 -1.593936
v 1.312697 0.000883 1.290519
v 1.312697 0.000883 -1.593936
v 1.312697 0.801254 -1.593936
v 1.312697 0.801254 1.290519
v 1.448639 0.801254 -1.711515
v 1.448639 0.801254 1.408098
v 1.448638 1.188688 -1.711514
v 1.448638 1.188688 1.408098
v 1.312396 1.188688 -1.593501
v 1.312396 1.188688 1.290084
v 1.312396 2.203319 -1.593501
v 1.312396 2.203319 1.290084
v 1.450588 2.203319 -1.717884
v 1.450588 2.203319 1.414467
v 1.450588 2.716179 -1.717884
v 1.450588 2.716179 1.414467
v 1.308959 2.716179 -1.591801
v 1.308959 2.716179 1.288383
v 1.308959 2.587310 -1.591801
v 1.308959 2.587310 1.288383
v 1.048273 0.801254 -1.847610
v 1.312697 0.801254 -1.847610
v 1.312697 0.000883 -1.847610
v 1.312697 0.801254 1.544193
v 1.312697 0.000883 1.544193
v 1.048273 0.000883 1.544193
v 1.048273 0.000883 -1.847610
v 1.048273 0.801254 1.544193
v -0.966256 0.000883 -1.011230
v -0.966256 0.000883 0.707813
v -0.966256 0.801254 0.707813
v -0.966256 0.801254 -1.011230
v 1.312697 0.000883 0.707813
v 1.312697 0.000883 -1.011230
v 1.312697 0.801254 -1.011230
v 1.312697 0.801254 0.707813
v 1.448639 0.801254 -1.081303
v 1.448639 0.801254 0.777886
v 1.448638 1.188688 -1.081303
v 1.448638 1.188688 0.777886
v 1.312396 1.188688 -1.010970
v 1.312396 1.188688 0.707554
v 1.312396 2.203319 -1.010970
v 1.312396 2.203319 0.707554
v 1.450588 2.203319 -1.085099
v 1.450588 2.203319 0.781682
v 1.450588 2.716179 -1.085099
v 1.450588 2.716179 0.781682
v 1.308959 2.716179 -1.009957
v 1.308959 2.716179 0.706540
v 1.308959 2.587310 -1.009957
v 1.308959 2.587310 0.706540
v -0.966256 0.000883 -0.776981
v -0.966256 0.000883 0.473564
v -0.966256 0.801254 0.473564
v -0.966256 0.801254 -0.776981
v 1.312697 0.000883 0.473564
v 1.312697 0.000883 -0.776981
v 1.312697 0.801254 -0.776981
v 1.312697 0.801254 0.473564
v 1.448639 0.801254 -0.827957
v 1.448639 0.801254 0.524540
v 1.448638 1.188688 -0.827956
v 1.448638 1.188688 0.524541
v 1.312396 1.188688 -0.776792
v 1.312396 1.188688 0.473376
v 1.312396 2.203319 -0.776792
v 1.312396 2.203319 0.473376
v 1.450588 2.203319 -0.830718
v 1.450588 2.203319 0.527301
v 1.450588 2.716179 -0.830718
v 1.450588 2.716179 0.527301
v 1.308959 2.716179 -0.776056
v 1.308959 2.716179 0.472638
v 1.308959 2.587310 -0.776056
v 1.308959 2.587310 0.472638
v 1.202988 0.000883 -1.011230
v 1.202988 0.000883 -1.593936
v 1.202988 0.801254 0.707813
v 1.202988 0.801254 1.290519
v 1.202988 0.801254 -1.593936
v 1.202988 0.000883 1.290519
v 1.202988 0.000883 0.707813
v 1.202988 0.801254 -1.011230
v -0.966256 0.000883 0.999166
v 1.312697 0.801254 0.999166
v 1.448639 0.801254 1.092992
v 1.448638 1.188688 1.092992
v 1.312396 1.188688 0.998819
v 1.312396 2.203319 0.998819
v 1.450588 2.203319 1.098074
v 1.450588 2.716179 1.098074
v 1.308959 2.716179 0.997462
v 1.308959 2.587310 0.997462
v -0.966256 0.801254 0.999166
v 1.202988 0.801254 0.999166
v -0.966256 0.801254 -1.302583
v -0.966256 0.000883 -1.302583
v 1.312697 0.801254 -1.302583
v 1.448639 0.801254 -1.396409
v 1.448638 1.188688 -1.396409
v 1.312396 1.188688 -1.302236
v 1.312396 2.203319 -1.302236
v 1.450588 2.203319 -1.401491
v 1.450588 2.716179 -1.401491
v 1.308959 2.716179 -1.300879
v 1.308959 2.587310 -1.300879
v 1.202988 0.801254 -1.302583
v -0.966256 0.000883 -0.435609
v -0.966256 0.801254 0.132192
v -0.966256 0.801254 -0.435609
v 1.312697 0.000883 0.132192
v 1.312697 0.000883 -0.435609
v 1.312697 0.801254 -0.435609
v 1.312697 0.801254 0.132192
v 1.448639 0.801254 -0.458754
v 1.448639 0.801254 0.155337
v 1.448638 1.188688 -0.458753
v 1.448638 1.188688 0.155338
v 1.312396 1.188688 -0.435523
v 1.312396 1.188688 0.132107
v 1.312396 2.203319 -0.435523
v 1.312396 2.203319 0.132107
v 1.450588 2.203319 -0.460008
v 1.450588 2.203319 0.156591
v 1.450588 2.716179 -0.460008
v 1.450588 2.716179 0.156591
v 1.308959 2.716179 -0.435189
v 1.308959 2.716179 0.131771
v 1.308959 2.587310 -0.435189
v 1.308959 2.587310 0.131771
v 1.195253 1.188688 -1.302236
v 1.195253 1.188688 -1.010970
v 1.195253 1.188688 0.473376
v 1.195253 1.188688 0.707554
v 1.195253 2.203319 -1.302236
v 1.195253 2.203319 -1.010970
v 1.195253 2.203319 0.473376
v 1.195253 2.203319 0.707554
v 1.195253 1.188688 -0.776792
v 1.195253 2.203319 -0.776792
v 1.195253 1.188688 0.998819
v 1.195253 2.203319 0.998819
v 1.195253 1.188688 -0.435523
v 1.195253 1.188688 0.132107
v 1.195253 2.203319 -0.435523
v 1.195253 2.203319 0.132107
v 0.384675 0.000883 -1.771760
v 0.384675 0.801254 1.468343
v 0.420873 0.801254 1.600419
v 0.420873 1.188688 1.600419
v 0.384595 1.188688 1.467854
v 0.384595 2.203319 1.467854
v 0.421393 2.203319 1.607573
v 0.421393 2.716179 1.607573
v 0.383680 2.716179 1.465944
v 0.383680 2.587310 1.465944
v 0.384675 0.801254 -1.771760
v 0.384675 0.000883 1.468343
v 0.420873 0.801254 -1.903836
v 0.420873 1.188688 -1.903836
v 0.384595 1.188688 -1.771271
v 0.421393 2.716179 -1.910990
v -0.570228 0.801254 1.468343
v -0.658923 0.801254 1.600419
v -0.658923 1.188688 1.600419
v -0.570031 1.188688 1.467854
v -0.570031 2.203319 1.467854
v -0.660195 2.203319 1.607573
v -0.660195 2.716179 1.607573
v -0.567790 2.716179 1.465944
v -0.567790 2.587310 1.465944
v -0.570228 0.801254 -1.771760
v -0.658923 0.801254 -1.903836
v -0.658923 1.188688 -1.903836
v -0.570031 1.188688 -1.771271
v -0.660195 2.716179 -1.910990
v 0.844065 0.801254 -1.771760
v 0.844065 0.000883 1.468343
v 0.928938 0.801254 -1.903836
v 0.928938 1.188688 -1.903836
v 0.843876 1.188688 -1.771271
v 0.930155 2.716179 -1.910990
v 0.844065 0.000883 -1.771760
v 0.844065 0.801254 1.468343
v 0.928938 0.801254 1.600419
v 0.928938 1.188688 1.600419
v 0.843876 1.188688 1.467854
v 0.843876 2.203319 1.467854
v 0.930155 2.203319 1.607573
v 0.930155 2.716179 1.607573
v 0.841731 2.716179 1.465944
v 0.841731 2.587310 1.465944
v 1.312396 1.555994 1.467854
v 1.312396 2.001395 1.467854
v -0.965955 2.001395 1.467854
v -0.965955 1.555994 1.467854
v -0.965955 1.555994 -1.771271
v -0.965955 2.001395 -1.771271
v 1.312396 2.001395 -1.771271
v 1.312396 1.555994 -1.771271
v -0.094924 1.555994 -1.771271
v -0.094924 2.001395 -1.771271
v -0.094924 1.555994 1.467854
v -0.094924 2.001395 1.467854
v 1.048041 1.555994 -1.771271
v 1.048041 2.001395 -1.771271
v 1.048041 1.555994 1.467854
v 1.048041 2.001395 1.467854
v -0.965955 1.555994 0.998818
v -0.965955 2.001395 0.998818
v -0.965955 1.555994 -1.010971
v -0.965955 2.001395 -1.010971
v -0.965955 1.555994 0.707553
v -0.965955 2.001395 0.707553
v -0.965955 1.555994 -0.776793
v -0.965955 2.001395 -0.776793
v -0.965955 1.555994 0.473375
v -0.965955 2.001395 0.473375
v 1.312396 1.555994 0.998819
v 1.312396 2.001395 0.998819
v -0.965955 1.555994 -1.302236
v -0.965955 2.001395 -1.302236
v 1.312396 1.555994 -1.302236
v 1.312396 2.001395 -1.302236
v -0.965955 1.555994 -0.435524
v -0.965955 2.001395 -0.435524
v -0.965955 1.555994 0.132105
v -0.965955 2.001395 0.132105
v 1.195253 1.555994 0.998819
v 1.195253 2.001395 0.998819
v 1.195253 1.555994 -1.302236
v 1.195253 2.001395 -1.302236
v 0.384595 1.555994 1.467854
v 0.384595 2.001395 1.467854
v 0.384595 1.555994 -1.771271
v 0.384595 2.001395 -1.771271
v -0.570031 1.555994 1.467854
v -0.570031 2.001395 1.467854
v -0.570031 1.555994 -1.771271
v -0.570031 2.001395 -1.771271
v 0.843876 1.555994 -1.771271
v 0.843876 2.001395 -1.771271
v 0.843876 1.555994 1.467854
v 0.843876 2.001395 1.467854
v -0.094924 1.555994 -1.720018
v -0.094924 2.001395 -1.720018
v -0.094924 1.555994 1.416601
v -0.094924 2.001395 1.416601
v 0.384595 1.555994 1.416601
v 0.384595 2.001395 1.416601
v 0.384595 1.555994 -1.720018
v 0.384595 2.001395 -1.720018
v -0.570031 1.555994 1.416601
v -0.570031 2.001395 1.416601
v -0.570031 1.555994 -1.720018
v -0.570031 2.001395 -1.720018
v 0.843876 1.555994 -1.720018
v 0.843876 2.001395 -1.720018
v 0.843876 1.555994 1.416601
v 0.843876 2.001395 1.416601
v 0.414840 1.586240 1.416601
v 0.813631 1.586240 1.416601
v 0.813631 1.971149 1.416601
v 0.414840 1.971149 1.416601
v -0.125170 1.586240 -1.720018
v -0.539786 1.586240 -1.720018
v -0.539786 1.971149 -1.720018
v -0.125170 1.971149 -1.720018
v 0.813631 1.586240 -1.720018
v 0.414840 1.586240 -1.720018
v 0.414840 1.971149 -1.720018
v 0.813631 1.971149 -1.720018
v -0.064678 1.586240 1.416601
v 0.354349 1.586240 1.416601
v 0.354349 1.971149 1.416601
v -0.064678 1.971149 1.416601
v -0.539786 1.586240 1.416601
v -0.125170 1.586240 1.416601
v -0.125170 1.971149 1.416601
v -0.539786 1.971149 1.416601
v 0.354349 1.586240 -1.720018
v -0.064678 1.586240 -1.720018
v -0.064678 1.971149 -1.720018
v 0.354349 1.971149 -1.720018
v 0.813631 1.586240 1.391749
v 0.414840 1.586240 1.391749
v 0.414840 1.971149 1.391749
v 0.813631 1.971149 1.391749
v -0.539786 1.586240 -1.744870
v -0.125170 1.586240 -1.744870
v -0.125170 1.971149 -1.744870
v -0.539786 1.971149 -1.744870
v 0.414840 1.586240 -1.744870
v 0.813631 1.586240 -1.744870
v 0.813631 1.971149 -1.744870
v 0.414840 1.971149 -1.744870
v 0.354349 1.586240 1.391749
v -0.064678 1.586240 1.391749
v -0.064678 1.971149 1.391749
v 0.354349 1.971149 1.391749
v -0.125170 1.586240 1.391749
v -0.539786 1.586240 1.391749
v -0.539786 1.971149 1.391749
v -0.125170 1.971149 1.391749
v -0.064678 1.586240 -1.744870
v 0.354349 1.586240 -1.744870
v 0.354349 1.971149 -1.744870
v -0.064678 1.971149 -1.744870
v -0.094995 0.678382 1.468343
v -0.094995 0.678382 -1.771760
v -0.966256 0.678382 1.545614
v -0.966256 0.678382 -1.849032
v -0.094995 0.678382 1.545614
v -0.094995 0.678382 -1.849032
v 1.048273 0.678382 1.468343
v 1.048273 0.678382 -1.771760
v 1.312697 0.678382 -1.593936
v 1.312697 0.678382 1.290519
v 1.312697 0.678382 -1.847610
v 1.312697 0.678382 1.544193
v 1.048273 0.678382 1.544193
v 1.048273 0.678382 -1.847610
v 1.312697 0.678382 -1.011230
v 1.312697 0.678382 0.707813
v 1.202988 0.678382 -1.593936
v 1.202988 0.678382 1.290519
v 1.202988 0.678382 -1.011230
v 1.202988 0.678382 0.707813
v -0.094995 0.578295 1.468343
v -0.094995 0.578295 -1.771760
v -0.966256 0.578295 -1.849032
v -0.094995 0.578295 1.545614
v -0.094995 0.578295 -1.849032
v 1.048273 0.578295 1.468343
v 1.048273 0.578295 -1.771760
v 1.312697 0.578295 -1.593936
v 1.312697 0.578295 1.290519
v 1.312697 0.578295 -1.847610
v 1.312697 0.578295 1.544193
v 1.048273 0.578295 1.544193
v 1.048273 0.578295 -1.847610
v 1.312697 0.578295 -1.011230
v 1.312697 0.578295 0.707813
v 1.202988 0.578295 -1.593936
v 1.202988 0.578295 1.290519
v 1.202988 0.578295 -1.011230
v 1.202988 0.578295 0.707813
v -0.966256 0.578295 1.545614
v -0.312810 0.000883 -1.849032
v -0.530626 0.000883 -1.849032
v -0.748441 0.000883 -1.849032
v -0.312810 0.801254 1.545614
v -0.530626 0.801254 1.545614
v -0.748441 0.801254 1.545614
v -0.748441 0.801254 -1.849032
v -0.530625 0.801254 -1.849032
v -0.312810 0.801254 -1.849032
v -0.748441 0.000883 1.545614
v -0.530625 0.000883 1.545614
v -0.312810 0.000883 1.545614
v -0.748441 0.678382 -1.849032
v -0.530625 0.678382 -1.849032
v -0.312810 0.678382 -1.849032
v -0.312810 0.678382 1.545614
v -0.530626 0.678382 1.545614
v -0.748441 0.678382 1.545614
v -0.312810 0.578295 1.545614
v -0.530626 0.578295 1.545614
v -0.748441 0.578295 1.545614
v -0.748441 0.578295 -1.849032
v -0.530625 0.578295 -1.849032
v -0.312810 0.578295 -1.849032
v -0.323352 0.588837 1.545614
v -0.323352 0.667840 1.545614
v -0.520083 0.667840 1.545614
v -0.520083 0.588837 1.545614
v -0.541168 0.588837 1.545614
v -0.541168 0.667840 1.545614
v -0.737899 0.667840 1.545614
v -0.737899 0.588837 1.545614
v -0.737899 0.588837 -1.849032
v -0.737899 0.667840 -1.849032
v -0.541168 0.667840 -1.849032
v -0.541168 0.588837 -1.849032
v -0.520083 0.588837 -1.849032
v -0.520083 0.667840 -1.849032
v -0.323352 0.667840 -1.849032
v -0.323352 0.588837 -1.849032
v -0.323352 0.667840 1.524475
v -0.323352 0.588837 1.524475
v -0.520083 0.588837 1.524475
v -0.520083 0.667840 1.524475
v -0.541168 0.667840 1.524475
v -0.541168 0.588837 1.524475
v -0.737899 0.588837 1.524475
v -0.737899 0.667840 1.524475
v -0.737899 0.667840 -1.827892
v -0.737899 0.588837 -1.827892
v -0.541168 0.588837 -1.827892
v -0.541168 0.667840 -1.827892
v -0.520083 0.667840 -1.827892
v -0.520083 0.588837 -1.827892
v -0.323352 0.588837 -1.827892
v -0.323352 0.667840 -1.827892
v -0.966256 0.000883 1.144842
v 1.312697 0.801254 1.144842
v 1.448639 0.801254 1.250545
v 1.448638 1.188688 1.250545
v 1.312396 1.188688 1.144451
v 1.312396 2.203319 1.144451
v 1.450588 2.203319 1.256270
v 1.450588 2.716179 1.256270
v 1.308959 2.716179 1.142923
v 1.308959 2.587310 1.142923
v 1.202988 0.801254 1.144842
v -0.966256 0.801254 1.144842
v 1.202988 0.000883 1.144842
v 1.312697 0.801254 0.853489
v 1.202988 0.000883 0.853489
v 1.448639 0.801254 0.935439
v 1.448638 1.188688 0.935439
v 1.312396 1.188688 0.853186
v 1.202988 0.801254 0.853489
v 1.195253 1.188688 0.853186
v 1.312697 0.801254 -1.156906
v 1.448639 0.801254 -1.238856
v 1.448638 1.188688 -1.238856
v 1.312396 1.188688 -1.156603
v 1.202988 0.801254 -1.156906
v 1.202988 0.000883 -1.156906
v 1.195253 1.188688 -1.156603
v -0.966256 0.801254 -1.448260
v 1.202988 0.000883 -1.448260
v -0.966256 0.000883 -1.448260
v 1.312697 0.801254 -1.448260
v 1.448639 0.801254 -1.553962
v 1.448638 1.188688 -1.553962
v 1.312396 1.188688 -1.447868
v 1.312396 2.203319 -1.447868
v 1.450588 2.203319 -1.559688
v 1.450588 2.716179 -1.559688
v 1.308959 2.716179 -1.446340
v 1.308959 2.587310 -1.446340
v 1.202988 0.801254 -1.448260
v -0.966256 0.476137 -1.849032
v -0.094995 0.476137 1.468343
v -0.094995 0.476137 -1.771760
v -0.094995 0.476137 1.545614
v -0.094995 0.476137 -1.849032
v 1.048273 0.476137 1.468343
v 1.048273 0.476137 -1.771760
v 1.312697 0.476137 -1.593936
v 1.312697 0.476137 1.290519
v -0.966256 0.476137 1.290519
v 1.312697 0.476137 -1.847610
v 1.312697 0.476137 1.544193
v 1.048273 0.476137 1.544193
v 1.048273 0.476137 -1.847610
v -0.966256 0.476137 0.707813
v -0.966256 0.476137 -1.011230
v 1.312697 0.476137 -1.011230
v 1.312697 0.476137 0.707813
v -0.966256 0.476137 0.473564
v -0.966256 0.476137 -0.776981
v 1.202988 0.476137 -1.593936
v 1.202988 0.476137 1.290519
v 1.202988 0.476137 -1.011230
v 1.202988 0.476137 0.707813
v 1.202988 0.476137 0.999166
v -0.966256 0.476137 0.999166
v 1.202988 0.476137 -1.302583
v -0.966256 0.476137 -1.302583
v -0.966256 0.476137 0.132192
v -0.966256 0.476137 -0.435609
v -0.966256 0.476137 1.468343
v -0.966256 0.476137 1.545614
v -0.966256 0.476137 1.144842
v 1.202988 0.476137 1.144842
v 1.202988 0.476137 0.853489
v 1.202988 0.476137 -1.156906
v 1.202988 0.476137 -1.448260
v 1.169777 0.000883 1.144842
v 1.169777 0.000883 0.999166
v 1.169777 0.476137 0.999166
v 1.169777 0.000883 -1.156906
v 1.169777 0.000883 -1.302583
v 1.169777 0.476137 -1.302583
v 1.169777 0.476137 1.144842
v 1.169777 0.000883 0.853489
v 1.169777 0.476137 0.853489
v 1.169777 0.476137 -1.156906
v 1.169777 0.000883 -1.448260
v 1.169777 0.476137 -1.448260
v -0.965955 1.586454 0.738013
v -0.965955 1.586454 0.968358
v -0.965955 1.970935 0.968358
v -0.965955 1.970935 0.738013
v -0.965955 1.586454 -0.980511
v -0.965955 1.586454 -0.807253
v -0.965955 1.970935 -0.807253
v -0.965955 1.970935 -0.980511
v -0.965955 1.586454 0.503835
v -0.965955 1.586454 0.677093
v -0.965955 1.970935 0.677093
v -0.965955 1.970935 0.503835
v -0.965955 1.586454 -1.271776
v -0.965955 1.586454 -1.041431
v -0.965955 1.970935 -1.041431
v -0.965955 1.970935 -1.271776
v -0.928002 1.586454 0.968358
v -0.928002 1.586454 0.738013
v -0.928002 1.970935 0.738013
v -0.928002 1.970935 0.968358
v -0.928002 1.586454 -0.807253
v -0.928002 1.586454 -0.980511
v -0.928002 1.970935 -0.980511
v -0.928002 1.970935 -0.807253
v -0.928002 1.586454 0.677093
v -0.928002 1.586454 0.503835
v -0.928002 1.970935 0.503835
v -0.928002 1.970935 0.677093
v -0.928002 1.586454 -1.041431
v -0.928002 1.586454 -1.271776
v -0.928002 1.970935 -1.271776
v -0.928002 1.970935 -1.041431
v -0.965955 1.589630 -0.401888
v -0.965955 1.589630 0.098469
v -0.965955 1.967759 0.098469
v -0.965955 1.967759 -0.401888
v -0.919213 1.589630 0.098469
v -0.919213 1.589630 -0.401888
v -0.919213 1.967759 -0.401888
v -0.919213 1.967759 0.098469
v -0.816763 -0.002167 1.622553
v -0.816763 0.268206 1.622553
v -0.800224 -0.002167 1.624182
v -0.800224 0.268206 1.624182
v -0.784321 -0.002167 1.629007
v -0.784321 0.268206 1.629007
v -0.769665 -0.002167 1.636841
v -0.769665 0.268206 1.636841
v -0.756818 -0.002167 1.647383
v -0.756818 0.268206 1.647383
v -0.746275 -0.002167 1.660230
v -0.746275 0.268206 1.660230
v -0.738441 -0.002167 1.674886
v -0.738441 0.268206 1.674886
v -0.733617 -0.002167 1.690789
v -0.733617 0.268206 1.690789
v -0.731988 -0.002167 1.707328
v -0.731988 0.268206 1.707328
v -0.733617 -0.002167 1.723867
v -0.733617 0.268206 1.723867
v -0.738441 -0.002167 1.739770
v -0.738441 0.268206 1.739770
v -0.746275 -0.002167 1.754426
v -0.746275 0.268206 1.754426
v -0.756818 -0.002167 1.767273
v -0.756818 0.268206 1.767273
v -0.769665 -0.002167 1.777816
v -0.769665 0.268206 1.777816
v -0.784321 -0.002167 1.785650
v -0.784321 0.268206 1.785650
v -0.800224 -0.002167 1.790474
v -0.800224 0.268206 1.790474
v -0.816763 -0.002167 1.792103
v -0.816763 0.268206 1.792103
v -0.833302 -0.002167 1.790474
v -0.833302 0.268206 1.790474
v -0.849205 -0.002167 1.785650
v -0.849205 0.268206 1.785650
v -0.863861 -0.002167 1.777816
v -0.863861 0.268206 1.777816
v -0.876708 -0.002167 1.767273
v -0.876708 0.268206 1.767273
v -0.887251 -0.002167 1.754426
v -0.887251 0.268206 1.754426
v -0.895085 -0.002167 1.739770
v -0.895085 0.268206 1.739770
v -0.899909 -0.002167 1.723867
v -0.899909 0.268206 1.723867
v -0.901538 -0.002167 1.707328
v -0.901538 0.268206 1.707328
v -0.899909 -0.002167 1.690789
v -0.899909 0.268206 1.690789
v -0.895085 -0.002167 1.674886
v -0.895085 0.268206 1.674886
v -0.887251 -0.002167 1.660230
v -0.887251 0.268206 1.660230
v -0.876708 -0.002167 1.647383
v -0.876708 0.268206 1.647383
v -0.863861 -0.002167 1.636841
v -0.863861 0.268206 1.636841
v -0.849205 -0.002167 1.629007
v -0.849205 0.268206 1.629007
v -0.833302 -0.002167 1.624182
v -0.833302 0.268206 1.624182
v -0.806534 0.268206 1.655901
v -0.816763 0.268206 1.654894
v -0.826993 0.268206 1.655901
v -0.836829 0.268206 1.658885
v -0.845894 0.268206 1.663730
v -0.853840 0.268206 1.670251
v -0.860361 0.268206 1.678197
v -0.865206 0.268206 1.687262
v -0.868190 0.268206 1.697099
v -0.869198 0.268206 1.707328
v -0.868190 0.268206 1.717558
v -0.865206 0.268206 1.727394
v -0.860361 0.268206 1.736459
v -0.853840 0.268206 1.744405
v -0.845894 0.268206 1.750926
v -0.836829 0.268206 1.755771
v -0.826993 0.268206 1.758755
v -0.816763 0.268206 1.759763
v -0.806534 0.268206 1.758755
v -0.796697 0.268206 1.755771
v -0.787632 0.268206 1.750926
v -0.779686 0.268206 1.744405
v -0.773165 0.268206 1.736459
v -0.768320 0.268206 1.727394
v -0.765336 0.268206 1.717558
v -0.764328 0.268206 1.707328
v -0.765336 0.268206 1.697099
v -0.768320 0.268206 1.687262
v -0.773165 0.268206 1.678197
v -0.779686 0.268206 1.670251
v -0.787632 0.268206 1.663730
v -0.796697 0.268206 1.658885
v -0.806534 1.894355 1.655901
v -0.816763 1.894355 1.654894
v -0.796697 1.894355 1.658885
v -0.826993 1.894355 1.655901
v -0.836829 1.894355 1.658885
v -0.845894 1.894355 1.663730
v -0.853840 1.894355 1.670251
v -0.860361 1.894355 1.678197
v -0.865206 1.894355 1.687262
v -0.868190 1.894355 1.697099
v -0.869198 1.894355 1.707328
v -0.868190 1.894355 1.717558
v -0.865206 1.894355 1.727394
v -0.860361 1.894355 1.736459
v -0.853840 1.894355 1.744405
v -0.845894 1.894355 1.750926
v -0.836829 1.894355 1.755771
v -0.826993 1.894355 1.758755
v -0.816763 1.894355 1.759763
v -0.806534 1.894355 1.758755
v -0.796697 1.894355 1.755771
v -0.787632 1.894355 1.750926
v -0.779686 1.894355 1.744405
v -0.773165 1.894355 1.736459
v -0.768320 1.894355 1.727394
v -0.765336 1.894355 1.717558
v -0.764328 1.894355 1.707328
v -0.765336 1.894355 1.697099
v -0.768320 1.894355 1.687262
v -0.773165 1.894355 1.678197
v -0.779686 1.894355 1.670251
v -0.787632 1.894355 1.663730
v -0.806534 1.949081 1.659068
v -0.816763 1.948733 1.658122
v -0.796697 1.950112 1.661868
v -0.826993 1.949081 1.659068
v -0.836829 1.950112 1.661868
v -0.845894 1.951786 1.666415
v -0.853840 1.954039 1.672534
v -0.860361 1.956784 1.679991
v -0.865206 1.959916 1.688498
v -0.868190 1.963314 1.697729
v -0.869198 1.966848 1.707328
v -0.868190 1.970382 1.716928
v -0.865206 1.973781 1.726158
v -0.860361 1.976912 1.734665
v -0.853840 1.979657 1.742122
v -0.845894 1.981910 1.748241
v -0.836829 1.983584 1.752789
v -0.826993 1.984615 1.755589
v -0.816763 1.984963 1.756534
v -0.806534 1.984615 1.755589
v -0.796697 1.983584 1.752789
v -0.787632 1.981910 1.748241
v -0.779686 1.979657 1.742122
v -0.773166 1.976912 1.734665
v -0.768320 1.973781 1.726158
v -0.765336 1.970382 1.716928
v -0.764329 1.966848 1.707328
v -0.765336 1.963314 1.697729
v -0.768320 1.959916 1.688498
v -0.773166 1.956784 1.679991
v -0.779686 1.954039 1.672534
v -0.787632 1.951786 1.666415
v -0.806534 1.972954 1.645649
v -0.816763 1.972174 1.645011
v -0.796697 1.975263 1.647539
v -0.826993 1.972954 1.645649
v -0.836829 1.975263 1.647539
v -0.845894 1.979013 1.650607
v -0.853840 1.984060 1.654737
v -0.860361 1.990209 1.659769
v -0.865206 1.997225 1.665509
v -0.868190 2.004838 1.671739
v -0.869198 2.012754 1.678217
v -0.868190 2.020671 1.684695
v -0.865206 2.028284 1.690924
v -0.860361 2.035300 1.696665
v -0.853840 2.041449 1.701697
v -0.845894 2.046496 1.705826
v -0.836829 2.050246 1.708895
v -0.826993 2.052555 1.710784
v -0.816763 2.053335 1.711422
v -0.806534 2.052555 1.710784
v -0.796697 2.050246 1.708895
v -0.787632 2.046496 1.705826
v -0.779686 2.041449 1.701697
v -0.773166 2.035300 1.696665
v -0.768320 2.028284 1.690924
v -0.765336 2.020671 1.684695
v -0.764329 2.012754 1.678217
v -0.765336 2.004838 1.671739
v -0.768320 1.997225 1.665509
v -0.773166 1.990209 1.659769
v -0.779686 1.984060 1.654737
v -0.787632 1.979013 1.650607
v -0.806534 1.975475 1.625842
v -0.816763 1.974468 1.625846
v -0.796697 1.978459 1.625831
v -0.826993 1.975475 1.625842
v -0.836829 1.978459 1.625831
v -0.845894 1.983305 1.625813
v -0.853840 1.989825 1.625788
v -0.860361 1.997771 1.625758
v -0.865206 2.006836 1.625724
v -0.868190 2.016673 1.625688
v -0.869198 2.026902 1.625649
v -0.868190 2.037131 1.625611
v -0.865206 2.046968 1.625574
v -0.860361 2.056033 1.625540
v -0.853840 2.063978 1.625510
v -0.845894 2.070499 1.625486
v -0.836829 2.075345 1.625468
v -0.826993 2.078329 1.625457
v -0.816763 2.079336 1.625453
v -0.806534 2.078329 1.625457
v -0.796697 2.075345 1.625468
v -0.787632 2.070499 1.625486
v -0.779686 2.063978 1.625510
v -0.773166 2.056033 1.625540
v -0.768320 2.046968 1.625574
v -0.765336 2.037131 1.625611
v -0.764329 2.026902 1.625649
v -0.765336 2.016673 1.625688
v -0.768320 2.006836 1.625724
v -0.773166 1.997771 1.625758
v -0.779686 1.989825 1.625788
v -0.787632 1.983305 1.625813
v -0.806534 1.974927 1.580778
v -0.816763 1.973920 1.580782
v -0.796697 1.977911 1.580767
v -0.826993 1.974927 1.580778
v -0.836829 1.977911 1.580767
v -0.845894 1.982756 1.580749
v -0.853840 1.989277 1.580724
v -0.860361 1.997223 1.580695
v -0.865206 2.006288 1.580661
v -0.868190 2.016125 1.580624
v -0.869198 2.026354 1.580585
v -0.868190 2.036583 1.580547
v -0.865206 2.046420 1.580510
v -0.860361 2.055485 1.580477
v -0.853840 2.063431 1.580447
v -0.845894 2.069951 1.580422
v -0.836829 2.074797 1.580404
v -0.826993 2.077780 1.580393
v -0.816763 2.078788 1.580389
v -0.806534 2.077780 1.580393
v -0.796697 2.074797 1.580404
v -0.787632 2.069951 1.580422
v -0.779686 2.063431 1.580447
v -0.773166 2.055485 1.580477
v -0.768320 2.046420 1.580510
v -0.765336 2.036583 1.580547
v -0.764329 2.026354 1.580585
v -0.765336 2.016125 1.580624
v -0.768320 2.006288 1.580661
v -0.773166 1.997223 1.580695
v -0.779686 1.989277 1.580724
v -0.787632 1.982756 1.580749
v -0.801001 1.947111 1.580882
v -0.816763 1.945559 1.580888
v -0.785844 1.951709 1.580865
v -0.832526 1.947111 1.580882
v -0.847682 1.951709 1.580865
v -0.861651 1.959175 1.580837
v -0.873894 1.969223 1.580800
v -0.883942 1.981467 1.580754
v -0.891409 1.995435 1.580702
v -0.896007 2.010592 1.580645
v -0.897559 2.026354 1.580585
v -0.896007 2.042116 1.580526
v -0.891409 2.057273 1.580470
v -0.883942 2.071242 1.580417
v -0.873894 2.083485 1.580372
v -0.861651 2.093533 1.580334
v -0.847682 2.100999 1.580306
v -0.832526 2.105597 1.580289
v -0.816763 2.107149 1.580283
v -0.801001 2.105597 1.580289
v -0.785844 2.100999 1.580306
v -0.771875 2.093533 1.580334
v -0.759632 2.083485 1.580372
v -0.749584 2.071242 1.580417
v -0.742118 2.057273 1.580470
v -0.737520 2.042116 1.580526
v -0.735967 2.026354 1.580585
v -0.737520 2.010592 1.580645
v -0.742118 1.995435 1.580702
v -0.749584 1.981467 1.580754
v -0.759632 1.969223 1.580800
v -0.771875 1.959175 1.580837
v -0.801001 1.946667 1.462405
v -0.816763 1.945115 1.462411
v -0.785844 1.951265 1.462388
v -0.832526 1.946667 1.462405
v -0.847682 1.951265 1.462388
v -0.861651 1.958731 1.462360
v -0.873894 1.968779 1.462322
v -0.883942 1.981023 1.462276
v -0.891409 1.994991 1.462224
v -0.896007 2.010148 1.462167
v -0.897559 2.025910 1.462108
v -0.896007 2.041673 1.462049
v -0.891409 2.056829 1.461992
v -0.883942 2.070798 1.461940
v -0.873894 2.083041 1.461894
v -0.861651 2.093089 1.461857
v -0.847682 2.100555 1.461829
v -0.832526 2.105153 1.461811
v -0.816763 2.106706 1.461806
v -0.801001 2.105153 1.461811
v -0.785844 2.100555 1.461829
v -0.771875 2.093089 1.461857
v -0.759632 2.083041 1.461894
v -0.749584 2.070798 1.461940
v -0.742118 2.056829 1.461992
v -0.737520 2.041673 1.462049
v -0.735967 2.025910 1.462108
v -0.737520 2.010148 1.462167
v -0.742118 1.994991 1.462224
v -0.749584 1.981023 1.462276
v -0.759632 1.968779 1.462322
v -0.771875 1.958731 1.462360
v 1.304540 0.804615 0.516058
v 1.304540 0.902549 0.516058
v 1.304540 0.804615 -0.819476
v 1.304540 0.902549 -0.819476
v 2.190200 0.804615 0.516058
v 2.190200 0.902549 0.516058
v 2.190200 0.804615 -0.819476
v 2.190200 0.902549 -0.819476
v 1.282736 0.902549 0.548939
v 1.282736 0.902549 -0.852356
v 2.212005 0.902549 -0.852356
v 2.212005 0.902549 0.548939
v 1.282736 1.085338 0.548939
v 1.282736 1.085338 -0.852356
v 2.212005 1.085338 -0.852356
v 2.212005 1.085338 0.548939
v 1.304540 0.902549 0.381689
v 1.304540 0.902549 -0.685106
v 2.190200 0.804615 0.381689
v 2.190200 0.804615 -0.685106
v 2.190200 0.902549 -0.685106
v 2.190200 0.902549 0.381689
v 1.282736 0.902549 0.407953
v 1.282736 0.902549 -0.711371
v 2.212005 0.902549 -0.711371
v 2.212005 0.902549 0.407953
v 1.282736 1.085338 0.407953
v 1.282736 1.085338 -0.711371
v 2.212005 1.085338 -0.711371
v 2.212005 1.085338 0.407953
v 1.808906 0.804615 -0.819476
v 1.808906 0.902549 -0.819476
v 1.808906 0.804615 0.516058
v 1.808906 0.902549 0.516058
v 1.811936 0.902549 -0.852356
v 1.811936 0.902549 0.548939
v 1.811936 1.085338 -0.852356
v 1.811936 1.085338 0.548939
v 1.808906 0.804615 -0.685106
v 1.808906 0.804615 0.381689
v 1.304540 -0.000892 0.516058
v 1.808906 -0.000892 -0.819476
v 1.304540 -0.000892 -0.819476
v 1.808906 -0.000892 -0.685106
v 1.808906 -0.000892 0.381689
v 1.808906 -0.000892 0.516058
v 1.662410 0.902549 0.516058
v 1.658226 0.902549 0.548939
v 1.658226 1.085338 0.548939
v 1.662410 0.804615 -0.685106
v 1.662410 0.804615 0.381689
v 1.662410 0.902549 -0.819476
v 1.658226 0.902549 -0.852356
v 1.658226 1.085338 -0.852356
v 1.662410 -0.000892 -0.819476
v 1.662410 -0.000892 -0.685106
v 1.662410 -0.000892 0.381689
v 1.662410 -0.000892 0.516058
v 1.662410 0.804615 -0.582413
v 1.304540 0.804615 -0.582413
v 1.662410 0.804615 0.278995
v 1.304540 0.804615 0.278995
v 1.662410 -0.000892 -0.582413
v 1.304540 -0.000892 -0.582413
v 1.662410 -0.000892 0.278995
v 1.304540 -0.000892 0.278995
v 0.273292 2.572517 1.067788
v 0.273292 2.748424 1.067788
v 0.273292 2.572517 0.322410
v 0.273292 2.748424 0.322410
v 1.169288 2.572517 1.067788
v 1.169288 2.748424 1.067788
v 1.169288 2.572517 0.322410
v 1.169288 2.748424 0.322410
v 0.172086 2.572517 0.322410
v 0.172086 2.572517 1.067788
v 0.172086 2.706798 1.067788
v 0.172086 2.706798 0.322410
v 0.049896 2.572517 0.322410
v 0.049896 2.572517 1.067788
v 0.049896 2.618386 1.067788
v 0.049896 2.618386 0.322410
v 1.148289 2.748424 0.339879
v 0.294291 2.748424 0.339879
v 0.294291 2.748424 1.050319
v 1.148289 2.748424 1.050319
v 0.294291 2.737101 0.339879
v 1.148289 2.737101 0.339879
v 1.148289 2.737101 1.050319
v 0.294291 2.737101 1.050319
v 0.721290 2.572517 0.322410
v 0.721290 2.748424 0.322410
v 0.721290 2.572517 1.067788
v 0.721290 2.748424 1.067788
v 0.721290 2.748424 0.339879
v 0.721290 2.748424 1.050319
v 0.721290 2.737101 0.339879
v 0.721290 2.737101 1.050319
v 0.690574 2.737101 0.365431
v 0.325007 2.737101 0.365431
v 0.325007 2.737101 1.024766
v 0.690574 2.737101 1.024766
v 0.325007 2.715053 0.365431
v 0.690574 2.715053 0.365431
v 0.690574 2.715053 1.024766
v 0.325007 2.715053 1.024766
v -0.661676 2.568188 -0.672787
v -0.661676 3.130810 -0.672787
v -0.661676 2.568188 -1.535362
v -0.661676 3.130810 -1.535362
v 0.396985 2.568188 -0.672787
v 0.396985 3.130810 -0.672787
v 0.396985 2.568188 -1.535362
v 0.396985 3.130810 -1.535362
v -0.686256 3.130810 -0.652759
v -0.686256 3.130810 -1.555389
v 0.421565 3.130810 -1.555389
v 0.421565 3.130810 -0.652759
v -0.686256 3.241331 -0.652759
v -0.686256 3.241331 -1.555389
v 0.421565 3.241331 -1.555389
v 0.421565 3.241331 -0.652759
v 0.374581 3.241331 -1.517107
v -0.639272 3.241331 -1.517107
v -0.639272 3.241331 -0.691041
v 0.374581 3.241331 -0.691041
v -0.639272 3.199674 -1.517107
v 0.374581 3.199674 -1.517107
v 0.374581 3.199674 -0.691041
v -0.639272 3.199674 -0.691041
v -0.132346 2.568188 -1.535362
v -0.132346 3.130810 -1.535362
v -0.132346 2.568188 -0.672787
v -0.132346 3.130810 -0.672787
v -0.132346 3.130810 -1.555389
v -0.132346 3.130810 -0.652759
v -0.132346 3.241331 -1.555389
v -0.132346 3.241331 -0.652759
v -0.132346 3.241331 -1.517107
v -0.132346 3.199674 -1.517107
v -0.298724 2.568188 -1.535362
v -0.495215 2.568188 -1.535362
v -0.298724 3.130810 -0.672787
v -0.495215 3.130810 -0.672787
v -0.307849 3.130810 -0.652759
v -0.513463 3.130810 -0.652759
v -0.307849 3.241331 -0.652759
v -0.513463 3.241331 -0.652759
v -0.495215 3.130810 -1.535362
v -0.298724 3.130810 -1.535362
v -0.495215 2.568188 -0.672787
v -0.298724 2.568188 -0.672787
v -0.513463 3.130810 -1.555389
v -0.307848 3.130810 -1.555389
v -0.513463 3.241331 -1.555389
v -0.307848 3.241331 -1.555389
v -0.478582 3.241331 -1.517107
v -0.290408 3.241331 -1.517107
v -0.478582 3.199674 -1.517107
v -0.290408 3.199674 -1.517107
v -0.012674 3.130810 -1.535362
v 0.132285 3.130810 -1.535362
v 0.277244 3.130810 -1.535362
v -0.012674 2.568188 -0.672787
v 0.132285 2.568188 -0.672787
v 0.277244 2.568188 -0.672787
v -0.005943 3.130810 -1.555389
v 0.145748 3.130810 -1.555389
v 0.297438 3.130810 -1.555389
v -0.005943 3.241331 -1.555389
v 0.145748 3.241331 -1.555389
v 0.297438 3.241331 -1.555389
v -0.018809 3.241331 -1.517107
v 0.120014 3.241331 -1.517107
v 0.258838 3.241331 -1.517107
v -0.018809 3.199674 -1.517107
v 0.120014 3.199674 -1.517107
v 0.258838 3.199674 -1.517107
v 0.277244 2.568188 -1.535362
v 0.277244 3.130810 -0.672787
v 0.132285 3.130810 -0.672787
v -0.012674 3.130810 -0.672787
v 0.297438 3.130810 -0.652759
v 0.145748 3.130810 -0.652759
v -0.005943 3.130810 -0.652759
v 0.297438 3.241331 -0.652759
v 0.145748 3.241331 -0.652759
v -0.005943 3.241331 -0.652759
v -0.661676 2.986435 -0.672787
v -0.661676 2.986435 -1.535362
v 0.396985 2.986435 -1.535362
v 0.396985 2.986435 -0.672787
v -0.132346 2.986435 -0.672787
v -0.132346 2.986435 -1.535362
v -0.495215 2.986435 -1.535362
v -0.298724 2.986435 -1.535362
v -0.298724 2.986435 -0.672787
v -0.495215 2.986435 -0.672787
v 0.277244 2.986435 -0.672787
v 0.132285 2.986435 -0.672787
v -0.012674 2.986435 -0.672787
v -0.012674 2.986435 -1.535362
v 0.132285 2.986435 -1.535362
v 0.277244 2.986435 -1.535362
v -0.495215 2.568188 -0.702777
v -0.298724 2.568188 -0.702777
v -0.298724 2.986435 -0.702777
v -0.495215 2.986435 -0.702777
v -0.661676 2.897196 -1.535362
v 0.396985 2.897196 -1.535362
v 0.396985 2.897196 -0.672787
v -0.132346 2.897196 -0.672787
v -0.132346 2.897196 -1.535362
v -0.495215 2.897196 -1.535362
v -0.298724 2.897196 -1.535362
v -0.298724 2.897196 -0.672787
v -0.495215 2.897196 -0.672787
v 0.277244 2.897196 -0.672787
v 0.132285 2.897196 -0.672787
v -0.012674 2.897196 -0.672787
v -0.012674 2.897196 -1.535362
v 0.132285 2.897196 -1.535362
v 0.277244 2.897196 -1.535362
v -0.661676 2.897196 -0.672787
v -0.298724 2.897196 -0.702777
v -0.495215 2.897196 -0.702777
v 0.132285 2.986435 -0.687583
v -0.012674 2.986435 -0.687583
v 0.277244 2.986435 -0.687583
v -0.132346 2.986435 -0.687583
v -0.132346 2.897196 -0.687583
v 0.277244 2.897196 -0.687583
v 0.132285 2.897196 -0.687583
v -0.012674 2.897196 -0.687583
v -0.661676 2.568188 -0.765045
v -0.661676 3.130810 -0.765045
v 0.396985 2.568188 -0.765045
v 0.396985 3.130810 -0.765045
v -0.686256 3.130810 -0.749302
v 0.421565 3.130810 -0.749302
v -0.686256 3.241331 -0.749302
v 0.421565 3.241331 -0.749302
v 0.374581 3.241331 -0.779394
v -0.639272 3.241331 -0.779394
v 0.374581 3.199674 -0.779394
v -0.639272 3.199674 -0.779394
v 0.396985 2.986435 -0.765045
v -0.661676 2.986435 -0.765045
v -0.661676 2.897196 -0.765045
v 0.396985 2.897196 -0.765045
v -0.661676 3.130810 -0.797747
v 0.396985 2.568188 -0.797747
v -0.686256 3.130810 -0.783523
v -0.686256 3.241331 -0.783523
v -0.639272 3.241331 -0.810713
v -0.639272 3.199674 -0.810713
v -0.661676 2.986435 -0.797747
v -0.661676 2.897196 -0.797747
v -0.661676 2.568188 -0.797747
v 0.396985 3.130810 -0.797747
v 0.421565 3.130810 -0.783523
v 0.421565 3.241331 -0.783523
v 0.374581 3.241331 -0.810713
v 0.374581 3.199674 -0.810713
v 0.396985 2.986435 -0.797747
v 0.396985 2.897196 -0.797747
v -0.661676 3.130810 -0.813519
v 0.396985 2.568188 -0.813519
v -0.686256 3.130810 -0.800026
v -0.686256 3.241331 -0.800026
v -0.639272 3.241331 -0.825816
v -0.639272 3.199674 -0.825816
v -0.661676 2.986435 -0.813519
v -0.661676 2.897196 -0.813519
v -0.661676 2.568188 -0.813519
v 0.396985 3.130810 -0.813519
v 0.421565 3.130810 -0.800026
v 0.421565 3.241331 -0.800026
v 0.374581 3.241331 -0.825816
v 0.374581 3.199674 -0.825816
v 0.396985 2.986435 -0.813519
v 0.396985 2.897196 -0.813519
v -0.661676 3.130810 -0.847545
v 0.396985 2.568188 -0.847545
v -0.686256 3.130810 -0.835633
v -0.686256 3.241331 -0.835633
v -0.639272 3.241331 -0.858402
v -0.639272 3.199674 -0.858402
v -0.661676 2.986435 -0.847545
v -0.661676 2.897196 -0.847545
v -0.661676 2.568188 -0.847545
v 0.396985 3.130810 -0.847545
v 0.421565 3.130810 -0.835633
v 0.421565 3.241331 -0.835633
v 0.374581 3.241331 -0.858402
v 0.374581 3.199674 -0.858402
v 0.396985 2.986435 -0.847545
v 0.396985 2.897196 -0.847545
v 0.412001 3.130810 -0.797747
v 0.412001 3.130810 -0.765045
v 0.412001 2.986435 -0.797747
v 0.412001 2.986435 -0.765045
v 0.412001 2.897196 -0.797747
v 0.412001 2.897196 -0.765045
v 0.412001 2.568188 -0.765045
v 0.412001 2.568188 -0.797747
v 0.412001 3.130810 -0.847545
v 0.412001 3.130810 -0.813519
v 0.412001 2.986435 -0.847545
v 0.412001 2.986435 -0.813519
v 0.412001 2.897196 -0.847545
v 0.412001 2.897196 -0.813519
v 0.412001 2.568188 -0.813519
v 0.412001 2.568188 -0.847545
v 0.132285 2.986435 -1.513712
v 0.277244 2.986435 -1.513712
v -0.012674 2.986435 -1.513712
v -0.495215 2.986435 -1.513712
v -0.298724 2.986435 -1.513712
v -0.132346 2.986435 -1.513712
v -0.132346 2.897196 -1.513712
v -0.495215 2.897196 -1.513712
v -0.298724 2.897196 -1.513712
v -0.012674 2.897196 -1.513712
v 0.132285 2.897196 -1.513712
v 0.277244 2.897196 -1.513712
v -0.679301 2.568188 -0.797747
v -0.679301 2.568188 -0.765045
v -0.679301 2.897196 -0.765045
v -0.679301 2.986435 -0.765045
v -0.679301 3.130810 -0.765045
v -0.679301 3.130810 -0.797747
v -0.679301 2.986435 -0.797747
v -0.679301 2.897196 -0.797747
v -0.679301 2.568188 -0.847545
v -0.679301 2.568188 -0.813519
v -0.679301 2.897196 -0.813519
v -0.679301 2.986435 -0.813519
v -0.679301 3.130810 -0.813519
v -0.679301 3.130810 -0.847545
v -0.679301 2.986435 -0.847545
v -0.679301 2.897196 -0.847545
v -0.661676 3.130810 -1.063925
v -0.661676 3.130810 -1.404528
v 0.396985 2.568188 -1.063925
v 0.396985 2.568188 -1.404528
v -0.686256 3.130810 -1.064959
v -0.686256 3.130810 -1.421378
v -0.686256 3.241331 -1.064959
v -0.686256 3.241331 -1.421378
v -0.639272 3.241331 -1.062983
v -0.639272 3.241331 -1.389170
v -0.639272 3.199674 -1.062983
v -0.639272 3.199674 -1.389170
v -0.661676 2.986435 -1.063925
v -0.661676 2.986435 -1.404528
v -0.661676 2.897196 -1.063925
v -0.661676 2.897196 -1.404528
v -0.661676 2.568188 -1.404528
v -0.661676 2.568188 -1.063925
v 0.396985 3.130810 -1.404528
v 0.396985 3.130810 -1.063925
v 0.421565 3.130810 -1.421378
v 0.421565 3.130810 -1.064959
v 0.421565 3.241331 -1.421378
v 0.421565 3.241331 -1.064959
v 0.374581 3.241331 -1.389170
v 0.374581 3.241331 -1.062983
v 0.374581 3.199674 -1.389170
v 0.374581 3.199674 -1.062983
v -0.661676 2.838563 -1.535362
v 0.396985 2.838563 -1.535362
v 0.396985 2.838563 -0.672787
v -0.132346 2.838563 -1.535362
v -0.495215 2.838563 -1.535362
v -0.298724 2.838563 -1.535362
v -0.298724 2.838563 -0.672787
v -0.495215 2.838563 -0.672787
v -0.012674 2.838563 -1.535362
v 0.132285 2.838563 -1.535362
v 0.277244 2.838563 -1.535362
v -0.298724 2.838563 -0.702777
v -0.495215 2.838563 -0.702777
v -0.661676 2.838563 -0.672787
v 0.396985 2.838563 -0.765045
v -0.661676 2.838563 -0.765045
v 0.396985 2.838563 -0.797747
v -0.661676 2.838563 -0.797747
v 0.396985 2.838563 -0.813519
v -0.661676 2.838563 -0.813519
v 0.396985 2.838563 -0.847545
v -0.661676 2.838563 -0.847545
v 0.412001 2.838563 -0.765045
v 0.412001 2.838563 -0.797747
v 0.412001 2.838563 -0.813519
v 0.412001 2.838563 -0.847545
v -0.679301 2.838563 -0.765045
v -0.679301 2.838563 -0.797747
v -0.679301 2.838563 -0.813519
v -0.679301 2.838563 -0.847545
v 0.396985 2.838563 -1.404528
v 0.396985 2.838563 -1.063925
v -0.661676 2.838563 -1.063925
v -0.661676 2.838563 -1.404528
v 0.540283 2.568188 -1.063925
v 0.540283 2.568188 -1.404528
v 0.540283 2.838563 -1.404528
v 0.540283 2.838563 -1.063925
v -0.690910 2.986435 -1.063925
v -0.690910 2.986435 -1.404528
v -0.690910 2.897196 -1.063925
v -0.690910 2.897196 -1.404528
v -0.690910 2.568188 -1.404528
v -0.690910 2.568188 -1.063925
v -0.690910 2.838563 -1.063925
v -0.690910 2.838563 -1.404528
v -0.719632 2.897196 -1.063925
v -0.719632 2.897196 -1.404528
v -0.719632 2.568188 -1.404528
v -0.719632 2.568188 -1.063925
v -0.719632 2.838563 -1.063925
v -0.719632 2.838563 -1.404528
v -0.012674 2.568188 -1.557664
v -0.132346 2.568188 -1.557664
v -0.132346 2.838563 -1.557664
v 0.277244 2.568188 -1.557664
v 0.132285 2.568188 -1.557664
v -0.012674 2.838563 -1.557664
v 0.132285 2.838563 -1.557664
v 0.277244 2.838563 -1.557664
v -0.298724 2.568188 -1.608803
v -0.495215 2.568188 -1.608803
v -0.495215 2.838563 -1.608803
v -0.298724 2.838563 -1.608803
v -0.911843 0.000883 -1.302583
v -0.911843 0.000883 -1.011230
v -0.911843 0.476137 -1.011230
v -0.911843 0.476137 -1.302583
v -1.117023 0.000883 0.132192
v -1.117023 0.000883 0.473564
v -1.117023 0.476137 0.473564
v -1.117023 0.000883 -0.435609
v -1.117023 0.476137 0.132192
v -1.117023 0.476137 -0.435609
v -1.016303 0.000883 0.707813
v -1.016303 0.000883 0.999166
v -1.016303 0.476137 0.707813
v -1.016303 0.476137 0.999166
vn -0.0000 -1.0000 -0.0000
vn 1.0000 -0.0000 -0.0000
vn -1.0000 -0.0000 -0.0000
vn -0.0000 1.0000 -0.0000
vn -0.0000 -0.0000 -1.0000
vn -0.0000 -0.0000 1.0000
vn -0.0000 -0.6857 -0.7279
vn -0.0000 0.6857 -0.7279
vn 0.1420 0.6857 -0.7139
vn 0.1420 -0.6857 -0.7139
vn 0.2785 0.6857 -0.6725
vn 0.2785 -0.6857 -0.6725
vn 0.4044 0.6857 -0.6052
vn 0.4044 -0.6857 -0.6052
vn 0.5147 0.6857 -0.5147
vn 0.5147 -0.6857 -0.5147
vn 0.6052 0.6857 -0.4044
vn 0.6052 -0.6857 -0.4044
vn 0.6725 0.6857 -0.2785
vn 0.6725 -0.6857 -0.2785
vn 0.7139 0.6857 -0.1420
vn 0.7139 -0.6857 -0.1420
vn 0.7279 0.6857 -0.0000
vn 0.7279 -0.6857 -0.0000
vn 0.7139 0.6857 0.1420
vn 0.7139 -0.6857 0.1420
vn 0.6725 0.6857 0.2785
vn 0.6725 -0.6857 0.2785
vn 0.6052 0.6857 0.4044
vn 0.6052 -0.6857 0.4044
vn 0.5147 0.6857 0.5147
vn 0.5147 -0.6857 0.5147
vn 0.4044 0.6857 0.6052
vn 0.4044 -0.6857 0.6052
vn 0.2785 0.6857 0.6725
vn 0.2785 -0.6857 0.6725
vn 0.1420 0.6857 0.7139
vn 0.1420 -0.6857 0.7139
vn -0.0000 0.6857 0.7279
vn -0.0000 -0.6857 0.7279
vn -0.1420 0.6857 0.7139
vn -0.1420 -0.6857 0.7139
vn -0.2785 0.6857 0.6725
vn -0.2785 -0.6857 0.6725
vn -0.4044 0.6857 0.6052
vn -0.4044 -0.6857 0.6052
vn -0.5147 0.6857 0.5147
vn -0.5147 -0.6857 0.5147
vn -0.6052 0.6857 0.4044
vn -0.6052 -0.6857 0.4044
vn -0.6725 0.6857 0.2785
vn -0.6725 -0.6857 0.2785
vn -0.7139 0.6857 0.1420
vn -0.7139 -0.6857 0.1420
vn -0.7279 0.6857 -0.0000
vn -0.7279 -0.6857 -0.0000
vn -0.7139 0.6857 -0.1420
vn -0.7139 -0.6857 -0.1420
vn -0.6725 0.6857 -0.2785
vn -0.6725 -0.6857 -0.2785
vn -0.6052 0.6857 -0.4044
vn -0.6052 -0.6857 -0.4044
vn -0.5147 0.6857 -0.5147
vn -0.5147 -0.6857 -0.5147
vn -0.4044 0.6857 -0.6052
vn -0.4044 -0.6857 -0.6052
vn -0.2785 0.6857 -0.6725
vn -0.2785 -0.6857 -0.6725
vn 0.6836 0.7298 -0.0000
vn 0.6705 0.7298 -0.1334
vn 0.9801 0.0012 -0.1985
vn 1.0000 0.0002 -0.0000
vn -0.1420 0.6857 -0.7139
vn -0.1420 -0.6857 -0.7139
vn -0.0000 0.7298 -0.6836
vn 0.1334 0.7298 -0.6705
vn -0.1334 0.7298 -0.6705
vn -0.2616 0.7298 -0.6316
vn -0.3798 0.7298 -0.5684
vn -0.4834 0.7298 -0.4834
vn -0.5684 0.7298 -0.3798
vn -0.6316 0.7298 -0.2616
vn -0.6705 0.7298 -0.1334
vn -0.6836 0.7298 -0.0000
vn -0.6705 0.7298 0.1334
vn -0.6316 0.7298 0.2616
vn -0.5684 0.7298 0.3798
vn -0.4834 0.7298 0.4834
vn -0.3798 0.7298 0.5684
vn -0.2616 0.7298 0.6316
vn -0.1334 0.7298 0.6705
vn -0.0000 0.7298 0.6836
vn 0.1334 0.7298 0.6705
vn 0.2616 0.7298 0.6316
vn 0.3798 0.7298 0.5684
vn 0.4834 0.7298 0.4834
vn 0.5684 0.7298 0.3798
vn 0.6316 0.7298 0.2616
vn 0.6705 0.7298 0.1334
vn 0.6316 0.7298 -0.2616
vn 0.5684 0.7298 -0.3798
vn 0.4834 0.7298 -0.4834
vn 0.3798 0.7298 -0.5684
vn 0.2616 0.7298 -0.6316
vn -0.0000 0.0292 -0.9996
vn -0.1910 0.0280 -0.9812
vn -0.1983 -0.2196 -0.9552
vn -0.0000 -0.2222 -0.9750
vn -0.7020 0.0096 0.7121
vn -0.8277 0.0062 0.5612
vn 0.1910 0.0280 -0.9812
vn 0.9213 0.0039 -0.3888
vn -0.5502 0.0128 0.8349
vn 0.3756 0.0246 -0.9265
vn 0.8264 0.0084 -0.5631
vn -0.3782 0.0154 0.9256
vn 0.6998 0.0138 -0.7142
vn -0.1926 0.0171 0.9811
vn -0.3756 0.0246 -0.9265
vn 0.5474 0.0196 -0.8366
vn -0.0000 0.0177 0.9998
vn -0.5474 0.0196 -0.8366
vn 0.1926 0.0171 0.9811
vn -0.6998 0.0138 -0.7142
vn 0.3782 0.0154 0.9256
vn -0.8264 0.0084 -0.5631
vn 0.5502 0.0128 0.8349
vn -0.9213 0.0039 -0.3888
vn 0.7020 0.0096 0.7121
vn -0.9801 0.0012 -0.1985
vn 0.8277 0.0062 0.5612
vn -1.0000 0.0002 -0.0000
vn 0.9218 0.0032 0.3877
vn -0.9802 0.0010 0.1981
vn 0.9802 0.0010 0.1981
vn -0.9218 0.0032 0.3877
vn 0.7011 0.2134 0.6804
vn 0.8253 0.1669 0.5395
vn 0.8252 0.4547 0.3352
vn 0.7013 0.5729 0.4243
vn 0.7170 -0.1717 -0.6756
vn 0.8406 -0.1388 -0.5235
vn -0.1932 0.2990 0.9345
vn -0.3790 0.2810 0.8817
vn -0.3890 -0.2112 -0.8967
vn 0.5643 -0.1956 -0.8020
vn -0.0000 0.3050 0.9523
vn -0.5643 -0.1956 -0.8020
vn 0.3890 -0.2112 -0.8967
vn 0.1932 0.2990 0.9345
vn -0.7170 -0.1717 -0.6756
vn 0.3790 0.2810 0.8817
vn -0.8406 -0.1388 -0.5235
vn 0.5505 0.2521 0.7959
vn -0.9307 -0.0975 -0.3526
vn -0.9842 -0.0492 -0.1700
vn -0.9998 0.0040 0.0170
vn 0.9186 0.1148 0.3781
vn -0.9776 0.0596 0.2019
vn 0.9776 0.0596 0.2019
vn -0.9186 0.1148 0.3781
vn 0.9998 0.0040 0.0170
vn -0.8253 0.1669 0.5395
vn 0.9842 -0.0492 -0.1701
vn -0.7011 0.2134 0.6804
vn 0.1983 -0.2196 -0.9552
vn 0.9307 -0.0975 -0.3526
vn -0.5505 0.2520 0.7959
vn 0.9770 0.1727 0.1252
vn 0.9997 0.0191 0.0126
vn 1.0000 0.0087 0.0025
vn 0.9781 0.2059 0.0291
vn -0.9997 0.0191 0.0126
vn -0.9857 -0.1357 -0.0996
vn 0.9182 0.3196 0.2341
vn -0.9770 0.1727 0.1252
vn -0.9182 0.3196 0.2341
vn -0.8252 0.4547 0.3352
vn 0.9857 -0.1357 -0.0996
vn -0.7013 0.5729 0.4243
vn -0.0000 -0.8317 -0.5552
vn 0.2103 -0.8118 -0.5448
vn 0.9354 -0.2865 -0.2071
vn -0.5509 0.6698 0.4979
vn 0.4079 -0.7549 -0.5136
vn 0.8502 -0.4285 -0.3058
vn -0.3794 0.7418 0.5529
vn -0.2103 -0.8118 -0.5448
vn 0.7321 -0.5571 -0.3920
vn -0.1934 0.7862 0.5869
vn -0.4078 -0.7549 -0.5136
vn 0.5835 -0.6677 -0.4622
vn -0.0000 0.8012 0.5984
vn -0.5835 -0.6677 -0.4622
vn 0.1934 0.7862 0.5869
vn -0.7321 -0.5571 -0.3920
vn 0.3794 0.7418 0.5529
vn -0.8502 -0.4285 -0.3058
vn 0.5509 0.6698 0.4979
vn -0.9354 -0.2865 -0.2071
vn 0.9233 -0.3816 -0.0436
vn 0.8278 -0.5579 -0.0589
vn 0.5668 -0.3764 0.7328
vn 0.6304 -0.2587 0.7319
vn -0.8220 0.5640 0.0794
vn -0.9177 0.3935 0.0553
vn 0.9815 -0.1900 -0.0224
vn -0.6956 0.7114 0.1002
vn -0.0000 -0.9985 -0.0556
vn 0.1890 -0.9803 -0.0581
vn -0.5442 0.8308 0.1169
vn 0.3730 -0.9256 -0.0638
vn -0.3735 0.9186 0.1291
vn -0.1890 -0.9803 -0.0581
vn 0.6999 -0.7111 -0.0671
vn -0.1900 0.9723 0.1364
vn -0.3730 -0.9256 -0.0638
vn 0.5458 -0.8352 -0.0681
vn -0.0000 0.9903 0.1389
vn -0.5458 -0.8352 -0.0681
vn 0.1900 0.9723 0.1364
vn -0.6999 -0.7111 -0.0671
vn 0.3735 0.9186 0.1291
vn -0.8278 -0.5578 -0.0589
vn 0.5442 0.8308 0.1169
vn -0.9233 -0.3816 -0.0436
vn 0.6956 0.7114 0.1002
vn -0.9815 -0.1900 -0.0224
vn 0.8220 0.5640 0.0794
vn -1.0000 0.0087 0.0025
vn 0.9177 0.3935 0.0553
vn -0.9781 0.2059 0.0291
vn 0.3782 -0.5637 0.7343
vn 0.2604 -0.6263 0.7348
vn 0.2785 -0.6699 0.6882
vn 0.4044 -0.6026 0.6880
vn -0.2628 0.6369 0.7248
vn -0.3814 0.5731 0.7253
vn -0.1327 -0.6648 0.7351
vn -0.0000 -0.6778 0.7352
vn 0.4817 -0.4793 0.7337
vn -0.1340 0.6761 0.7245
vn -0.2604 -0.6263 0.7348
vn -0.0000 0.6894 0.7244
vn -0.3782 -0.5637 0.7343
vn 0.1340 0.6761 0.7245
vn -0.4817 -0.4793 0.7337
vn 0.2628 0.6369 0.7248
vn -0.5668 -0.3764 0.7329
vn 0.3814 0.5731 0.7253
vn -0.6304 -0.2587 0.7319
vn 0.4851 0.4875 0.7260
vn -0.6698 -0.1309 0.7309
vn 0.5700 0.3832 0.7268
vn -0.6836 0.0024 0.7298
vn 0.6328 0.2645 0.7278
vn -0.6711 0.1359 0.7288
vn 0.6711 0.1359 0.7288
vn -0.6328 0.2645 0.7278
vn 0.6836 0.0024 0.7298
vn -0.5700 0.3832 0.7268
vn 0.6698 -0.1309 0.7309
vn -0.4851 0.4875 0.7260
vn 0.1327 -0.6648 0.7351
vn 0.4044 0.6078 0.6834
vn 0.5147 0.5173 0.6838
vn 0.5147 0.5121 -0.6876
vn 0.4044 0.6026 -0.6880
vn 0.1420 0.7165 0.6830
vn -0.0000 0.7304 0.6830
vn -0.5147 -0.5121 0.6876
vn -0.4044 -0.6026 0.6880
vn 0.2785 0.6750 0.6832
vn -0.6052 -0.4018 0.6872
vn -0.6725 -0.2760 0.6867
vn -0.7139 -0.1394 0.6862
vn 0.6052 0.4069 0.6842
vn -0.7279 0.0026 0.6857
vn 0.6725 0.2811 0.6847
vn -0.7139 0.1446 0.6852
vn 0.7139 0.1446 0.6852
vn -0.6725 0.2811 0.6847
vn 0.7279 0.0026 0.6857
vn -0.6052 0.4070 0.6842
vn 0.7139 -0.1394 0.6862
vn -0.5147 0.5173 0.6838
vn -0.0000 -0.7253 0.6884
vn 0.1420 -0.7113 0.6884
vn 0.6725 -0.2760 0.6867
vn -0.4044 0.6078 0.6834
vn 0.6052 -0.4018 0.6872
vn -0.2785 0.6750 0.6832
vn -0.1420 -0.7113 0.6884
vn 0.5147 -0.5121 0.6876
vn -0.1420 0.7165 0.6830
vn -0.2785 -0.6699 0.6882
vn 0.1420 -0.7165 -0.6830
vn -0.0000 -0.7304 -0.6830
vn -0.1420 -0.7165 -0.6830
vn -0.2785 -0.6750 -0.6832
vn -0.4044 -0.6078 -0.6834
vn -0.5147 -0.5173 -0.6838
vn -0.6052 -0.4070 -0.6842
vn -0.6725 -0.2811 -0.6846
vn -0.7139 -0.1446 -0.6852
vn -0.7279 -0.0026 -0.6857
vn -0.7139 0.1394 -0.6862
vn -0.6725 0.2760 -0.6867
vn -0.6052 0.4018 -0.6872
vn -0.5147 0.5121 -0.6876
vn -0.4044 0.6026 -0.6880
vn -0.2786 0.6699 -0.6882
vn -0.1420 0.7113 -0.6884
vn -0.0000 0.7253 -0.6884
vn 0.1420 0.7113 -0.6884
vn 0.2786 0.6699 -0.6882
vn 0.6052 0.4018 -0.6872
vn 0.6725 0.2760 -0.6867
vn 0.7139 0.1394 -0.6862
vn 0.7279 -0.0026 -0.6857
vn 0.7139 -0.1446 -0.6852
vn 0.6725 -0.2811 -0.6847
vn 0.6052 -0.4070 -0.6842
vn 0.5147 -0.5173 -0.6838
vn 0.4044 -0.6078 -0.6834
vn 0.2785 -0.6750 -0.6832
vn -0.5862 0.8102 -0.0000
vn -0.3804 0.9248 -0.0000
vt 0.131665 0.361060
vt 0.106078 0.346274
vt 0.067514 0.346596
vt 0.571734 0.637963
vt 0.395945 0.178773
vt 0.433992 0.156787
vt 0.434548 0.134502
vt 0.391962 0.159111
vt 0.572263 0.848459
vt 0.106192 0.579137
vt 0.066204 0.579010
vt 0.572483 0.871567
vt 0.572483 0.933188
vt 0.106961 0.664183
vt 0.106961 0.642781
vt 0.572483 0.911786
vt 0.163062 0.313346
vt 0.231442 0.273832
vt 0.207834 0.265511
vt 0.131296 0.309739
vt 0.066204 0.664183
vt 0.572483 0.956740
vt 0.385031 0.172466
vt 0.423078 0.150480
vt 0.106078 0.213353
vt 0.094960 0.206928
vt 0.094960 0.285856
vt 0.106078 0.292281
vt 0.131665 0.307066
vt 0.152626 0.319179
vt 0.173587 0.331291
vt 0.173587 0.252364
vt 0.152626 0.240251
vt 0.131665 0.228139
vt 0.862052 0.573498
vt 0.832676 0.590474
vt 0.832676 0.664444
vt 0.862052 0.647468
vt 0.900090 0.625488
vt 0.900090 0.551518
vt 0.862052 0.512498
vt 0.832676 0.529474
vt 0.766591 0.567662
vt 0.697594 0.607532
vt 0.629231 0.647036
vt 0.572263 0.679955
vt 0.572263 0.740955
vt 0.629231 0.708036
vt 0.697594 0.668532
vt 0.766591 0.628662
vt 0.900090 0.490518
vt 0.899321 0.744322
vt 0.899321 0.722920
vt 0.366562 0.195752
vt 0.359770 0.177713
vt 0.912292 0.728266
vt 0.940078 0.744322
vt 0.873772 0.729559
vt 0.852842 0.717464
vt 0.831912 0.705369
vt 0.790052 0.681180
vt 0.756396 0.661732
vt 0.707349 0.633390
vt 0.625771 0.586249
vt 0.576724 0.557907
vt 0.543068 0.538459
vt 0.501208 0.514270
vt 0.480278 0.502175
vt 0.459348 0.490081
vt 0.433799 0.475317
vt 0.433799 0.451765
vt 0.461585 0.467821
vt 0.484348 0.480975
vt 0.507110 0.494128
vt 0.552635 0.520435
vt 0.589237 0.541586
vt 0.642578 0.572410
vt 0.731299 0.623678
vt 0.784640 0.654501
vt 0.821242 0.675652
vt 0.866767 0.701959
vt 0.889530 0.715112
vt 0.636362 0.919827
vt 0.897426 0.768969
vt 0.865194 0.787594
vt 0.791989 0.829896
vt 0.713017 0.875531
vt 0.391148 0.476412
vt 0.395877 0.497231
vt 0.366571 0.514166
vt 0.300663 0.552251
vt 0.231914 0.591978
vt 0.163758 0.631363
vt 0.130083 0.627270
vt 0.206738 0.582974
vt 0.285711 0.537339
vt 0.358915 0.495037
vt 0.163758 0.609961
vt 0.231914 0.570576
vt 0.300663 0.530849
vt 0.366571 0.492764
vt 0.395877 0.475829
vt 0.433799 0.453915
vt 0.459348 0.468679
vt 0.480278 0.480773
vt 0.501208 0.492868
vt 0.543068 0.517057
vt 0.576724 0.536505
vt 0.625771 0.564847
vt 0.707349 0.611988
vt 0.756396 0.640330
vt 0.790052 0.659778
vt 0.831912 0.683967
vt 0.852842 0.696062
vt 0.873772 0.708157
vt 0.459598 0.404481
vt 0.434019 0.389700
vt 0.434019 0.356165
vt 0.434019 0.282196
vt 0.434019 0.221195
vt 0.459598 0.235976
vt 0.480553 0.248085
vt 0.501508 0.260194
vt 0.501508 0.321194
vt 0.501508 0.395164
vt 0.501508 0.428698
vt 0.480553 0.416589
vt 0.173681 0.584601
vt 0.106192 0.545603
vt 0.572263 0.814925
vt 0.504774 0.775926
vt 0.462865 0.751709
vt 0.429170 0.732238
vt 0.380065 0.703862
vt 0.298390 0.656666
vt 0.249286 0.628290
vt 0.215590 0.608819
vt 0.635515 0.665449
vt 0.571734 0.702306
vt 0.938768 0.490212
vt 0.896181 0.514821
vt 0.863989 0.533423
vt 0.790885 0.575667
vt 0.712054 0.621221
vt 0.911095 0.474221
vt 0.874511 0.475737
vt 0.853556 0.463628
vt 0.832601 0.451519
vt 0.811647 0.439410
vt 0.790692 0.427301
vt 0.756996 0.407830
vt 0.707892 0.379455
vt 0.626217 0.332258
vt 0.577112 0.303883
vt 0.543417 0.284412
vt 0.522462 0.272303
vt 0.434548 0.198845
vt 0.462221 0.214836
vt 0.484891 0.227936
vt 0.507561 0.241036
vt 0.530231 0.254136
vt 0.552901 0.267236
vt 0.589354 0.288301
vt 0.642478 0.318999
vt 0.730838 0.370058
vt 0.783962 0.400756
vt 0.820415 0.421821
vt 0.843085 0.434921
vt 0.865755 0.448021
vt 0.888425 0.461121
vt 0.560257 0.313623
vt 0.526562 0.294152
vt 0.505607 0.282043
vt 0.484652 0.269934
vt 0.629273 0.582750
vt 0.572290 0.615678
vt 0.635516 0.601106
vt 0.712054 0.556878
vt 0.790885 0.511325
vt 0.863989 0.469081
vt 0.896182 0.450478
vt 0.938768 0.425869
vt 0.900204 0.426191
vt 0.862156 0.448177
vt 0.832773 0.465156
vt 0.766672 0.503353
vt 0.697654 0.543236
vt 0.546703 0.600893
vt 0.152626 0.373172
vt 0.811734 0.375068
vt 0.790773 0.362955
vt 0.774987 0.372077
vt 0.795948 0.384190
vt 0.911118 0.432497
vt 0.873070 0.454483
vt 0.873070 0.434078
vt 0.911118 0.412091
vt 0.911118 0.395470
vt 0.911118 0.378504
vt 0.911118 0.299576
vt 0.873070 0.321562
vt 0.873070 0.400490
vt 0.873070 0.417456
vt 0.504781 0.576668
vt 0.462859 0.552443
vt 0.249215 0.428987
vt 0.215509 0.409510
vt 0.626217 0.500763
vt 0.609361 0.341998
vt 0.609361 0.510503
vt 0.756996 0.576335
vt 0.707892 0.547959
vt 0.429153 0.532966
vt 0.298334 0.457371
vt 0.173587 0.385285
vt 0.525742 0.588780
vt 0.380034 0.504582
vt 0.577112 0.472387
vt 0.691036 0.389195
vt 0.740141 0.417570
vt 0.773836 0.437041
vt 0.794791 0.449150
vt 0.815746 0.461259
vt 0.815746 0.522259
vt 0.815746 0.596229
vt 0.815746 0.629763
vt 0.773836 0.605546
vt 0.740141 0.586075
vt 0.560257 0.482127
vt 0.526562 0.462656
vt 0.484652 0.438438
vt 0.484652 0.404904
vt 0.484652 0.330934
vt 0.691036 0.557699
vt 0.543417 0.452916
vt 0.832601 0.586489
vt 0.832601 0.620023
vt 0.832601 0.512519
vt 0.300461 0.233949
vt 0.286665 0.219957
vt 0.395982 0.378145
vt 0.395982 0.411680
vt 0.366605 0.428655
vt 0.300520 0.466843
vt 0.231523 0.506714
vt 0.163161 0.546217
vt 0.163161 0.512683
vt 0.231523 0.473179
vt 0.300520 0.433309
vt 0.366605 0.395121
vt 0.300520 0.298339
vt 0.366605 0.260151
vt 0.395982 0.243176
vt 0.395982 0.304176
vt 0.366605 0.321151
vt 0.300520 0.359339
vt 0.231523 0.399210
vt 0.163161 0.438713
vt 0.106192 0.471633
vt 0.106192 0.410633
vt 0.163161 0.377713
vt 0.231523 0.338209
vt 0.853656 0.399293
vt 0.832695 0.387180
vt 0.816909 0.396302
vt 0.837870 0.408415
vt 0.858831 0.420527
vt 0.874617 0.411405
vt 0.874511 0.644241
vt 0.900090 0.659022
vt 0.940078 0.659149
vt 0.912292 0.643093
vt 0.889530 0.629939
vt 0.866767 0.616786
vt 0.821242 0.590479
vt 0.784640 0.569328
vt 0.731299 0.538505
vt 0.642578 0.487237
vt 0.589237 0.456413
vt 0.552635 0.435262
vt 0.507110 0.408955
vt 0.484348 0.395802
vt 0.461585 0.382648
vt 0.433799 0.366592
vt 0.790692 0.595806
vt 0.853556 0.632132
vt 0.621857 0.703774
vt 0.690219 0.664271
vt 0.238898 0.477441
vt 0.307894 0.437570
vt 0.759216 0.624400
vt 0.307894 0.363601
vt 0.238898 0.403471
vt 0.375225 0.632682
vt 0.303230 0.591079
vt 0.309955 0.587192
vt 0.381951 0.628795
vt 0.429170 0.658268
vt 0.380065 0.629892
vt 0.178063 0.518223
vt 0.178063 0.582075
vt 0.183524 0.578920
vt 0.183524 0.515067
vt 0.298390 0.582696
vt 0.249286 0.554321
vt 0.500392 0.704483
vt 0.467248 0.685330
vt 0.472709 0.682175
vt 0.505853 0.701327
vt 0.458482 0.744117
vt 0.458482 0.680265
vt 0.463943 0.677109
vt 0.463943 0.740962
vt 0.244903 0.556846
vt 0.219973 0.542441
vt 0.225434 0.539285
vt 0.250364 0.553691
vt 0.067514 0.410939
vt 0.391148 0.391239
vt 0.358915 0.409864
vt 0.285711 0.452166
vt 0.206738 0.497801
vt 0.130083 0.542097
vt 0.170535 0.516944
vt 0.629231 0.782005
vt 0.621857 0.777744
vt 0.820949 0.657674
vt 0.820949 0.593750
vt 0.824525 0.595817
vt 0.824525 0.659740
vt 0.369627 0.332951
vt 0.369627 0.396874
vt 0.373203 0.398941
vt 0.373203 0.335017
vt 0.243250 0.405979
vt 0.303542 0.371139
vt 0.307118 0.373205
vt 0.246825 0.408046
vt 0.685867 0.735732
vt 0.685867 0.671808
vt 0.689443 0.673875
vt 0.689443 0.737798
vt 0.763568 0.626908
vt 0.767144 0.628975
vt 0.312246 0.430032
vt 0.312246 0.366109
vt 0.315822 0.368175
vt 0.315822 0.432099
vt 0.825301 0.586212
vt 0.825301 0.660182
vt 0.697594 0.742502
vt 0.766591 0.702631
vt 0.759216 0.698370
vt 0.690219 0.738240
vt 0.373980 0.399383
vt 0.373980 0.325413
vt 0.170535 0.442975
vt 0.626209 0.706282
vt 0.626209 0.770206
vt 0.763568 0.690832
vt 0.303542 0.435062
vt 0.243250 0.469903
vt 0.234546 0.411009
vt 0.174887 0.445483
vt 0.234546 0.474932
vt 0.174887 0.509406
vt 0.694571 0.666779
vt 0.754864 0.631938
vt 0.694571 0.730702
vt 0.754864 0.695862
vt 0.629785 0.708349
vt 0.629785 0.772272
vt 0.767144 0.692898
vt 0.307118 0.437128
vt 0.246825 0.471969
vt 0.178463 0.447549
vt 0.238121 0.413075
vt 0.238121 0.476999
vt 0.178463 0.511473
vt 0.758440 0.634004
vt 0.698147 0.668845
vt 0.698147 0.732769
vt 0.758440 0.697928
vt 0.774987 0.351671
vt 0.774987 0.335049
vt 0.774987 0.318084
vt 0.795948 0.330196
vt 0.816909 0.342309
vt 0.837870 0.354421
vt 0.858831 0.366534
vt 0.858831 0.383499
vt 0.858831 0.400121
vt 0.812130 0.345070
vt 0.791169 0.332957
vt 0.791169 0.254030
vt 0.812130 0.266142
vt 0.833091 0.278255
vt 0.833091 0.357183
vt 0.862156 0.427771
vt 0.862156 0.315255
vt 0.862156 0.394183
vt 0.862156 0.411149
vt 0.677431 0.530743
vt 0.677431 0.547365
vt 0.708772 0.529255
vt 0.708772 0.512633
vt 0.126301 0.284711
vt 0.126301 0.301333
vt 0.094960 0.319443
vt 0.094960 0.302822
vt 0.231442 0.253426
vt 0.220324 0.267407
vt 0.220324 0.247001
vt 0.220324 0.230379
vt 0.220324 0.213413
vt 0.220324 0.134486
vt 0.231442 0.140911
vt 0.231442 0.219838
vt 0.231442 0.236804
vt 0.480936 0.153687
vt 0.459975 0.141575
vt 0.459975 0.062647
vt 0.480936 0.074760
vt 0.501898 0.086872
vt 0.501898 0.165800
vt 0.677431 0.567771
vt 0.708772 0.549661
vt 0.646090 0.565476
vt 0.614749 0.583587
vt 0.583408 0.601697
vt 0.583408 0.622103
vt 0.614749 0.603992
vt 0.646090 0.585882
vt 0.300461 0.101028
vt 0.366562 0.062831
vt 0.395945 0.045852
vt 0.395945 0.124779
vt 0.395945 0.141745
vt 0.395945 0.158367
vt 0.188983 0.265112
vt 0.188983 0.248490
vt 0.159159 0.267475
vt 0.187466 0.251117
vt 0.190508 0.252875
vt 0.162200 0.269232
vt 0.156125 0.269228
vt 0.156125 0.282348
vt 0.159167 0.284106
vt 0.159167 0.270985
vt 0.583408 0.585075
vt 0.614749 0.566965
vt 0.187466 0.264237
vt 0.190508 0.265995
vt 0.675914 0.546491
vt 0.675914 0.533371
vt 0.672873 0.531613
vt 0.672873 0.544733
vt 0.832773 0.332235
vt 0.766672 0.370431
vt 0.697654 0.410314
vt 0.697654 0.489242
vt 0.697654 0.506208
vt 0.697654 0.522830
vt 0.126301 0.188818
vt 0.157642 0.170707
vt 0.188983 0.152596
vt 0.157642 0.266600
vt 0.157642 0.283222
vt 0.159159 0.280595
vt 0.127818 0.298706
vt 0.127818 0.285585
vt 0.616266 0.580959
vt 0.616266 0.567839
vt 0.644573 0.564602
vt 0.646090 0.548854
vt 0.644573 0.551481
vt 0.647607 0.562849
vt 0.647607 0.549728
vt 0.162200 0.282353
vt 0.130859 0.300463
vt 0.130859 0.287343
vt 0.613225 0.566081
vt 0.613225 0.579202
vt 0.641532 0.562844
vt 0.641532 0.549724
vt 0.644565 0.547971
vt 0.644565 0.561091
vt 0.543423 0.220022
vt 0.522462 0.207910
vt 0.506676 0.217032
vt 0.527637 0.229144
vt 0.790773 0.308962
vt 0.790773 0.230034
vt 0.774987 0.239156
vt 0.790773 0.342549
vt 0.790773 0.325927
vt 0.911095 0.409878
vt 0.462221 0.150493
vt 0.484891 0.163593
vt 0.507561 0.176693
vt 0.530231 0.189793
vt 0.552901 0.202893
vt 0.589354 0.223958
vt 0.642478 0.254656
vt 0.730838 0.305716
vt 0.783962 0.336414
vt 0.820416 0.357478
vt 0.843086 0.370578
vt 0.865755 0.383678
vt 0.888425 0.396778
vt 0.501501 0.195797
vt 0.480540 0.183685
vt 0.459579 0.171572
vt 0.443793 0.180694
vt 0.464754 0.192807
vt 0.485715 0.204919
vt 0.858831 0.287606
vt 0.837870 0.275493
vt 0.527637 0.096223
vt 0.527637 0.175151
vt 0.506676 0.163038
vt 0.506676 0.084111
vt 0.423078 0.130074
vt 0.385031 0.152060
vt 0.385031 0.135438
vt 0.385031 0.118473
vt 0.385031 0.039545
vt 0.423078 0.017559
vt 0.423078 0.096486
vt 0.423078 0.113452
vt 0.708772 0.416739
vt 0.708772 0.495667
vt 0.249215 0.374993
vt 0.298334 0.403377
vt 0.276641 0.415913
vt 0.227521 0.387529
vt 0.249215 0.296066
vt 0.227521 0.308601
vt 0.462859 0.419521
vt 0.462859 0.498449
vt 0.470688 0.493925
vt 0.470688 0.414997
vt 0.795948 0.251268
vt 0.443793 0.160288
vt 0.443793 0.143666
vt 0.443793 0.126701
vt 0.464754 0.138813
vt 0.485715 0.150926
vt 0.527637 0.192117
vt 0.527637 0.208738
vt 0.459579 0.117579
vt 0.459579 0.038651
vt 0.443793 0.047773
vt 0.459579 0.151166
vt 0.459579 0.134544
vt 0.464754 0.059886
vt 0.583408 0.568110
vt 0.504781 0.522674
vt 0.429153 0.478972
vt 0.380034 0.450588
vt 0.215509 0.355516
vt 0.094960 0.339849
vt 0.215509 0.276589
vt 0.582258 0.294625
vt 0.561972 0.282902
vt 0.616001 0.251682
vt 0.638117 0.238901
vt 0.695683 0.205637
vt 0.715969 0.217359
vt 0.877026 0.310427
vt 0.897312 0.322150
vt 0.839747 0.355414
vt 0.817630 0.368195
vt 0.763601 0.399416
vt 0.743315 0.387693
vt 0.208308 0.359677
vt 0.166386 0.335452
vt 0.577129 0.239499
vt 0.543423 0.199616
vt 0.543423 0.182995
vt 0.543423 0.166029
vt 0.543423 0.087101
vt 0.577129 0.106578
vt 0.626248 0.134962
vt 0.707948 0.182173
vt 0.757067 0.210557
vt 0.757067 0.343478
vt 0.707948 0.315094
vt 0.626248 0.267883
vt 0.677431 0.434850
vt 0.646090 0.452961
vt 0.614749 0.471071
vt 0.583408 0.489182
vt 0.380034 0.371660
vt 0.429153 0.400044
vt 0.391962 0.223454
vt 0.359770 0.242056
vt 0.286665 0.284300
vt 0.207834 0.329853
vt 0.131296 0.374082
vt 0.126301 0.321739
vt 0.188983 0.285518
vt 0.157642 0.303628
vt 0.874617 0.390999
vt 0.874617 0.374377
vt 0.874617 0.357412
vt 0.874617 0.278484
vt 0.900204 0.293269
vt 0.215590 0.534849
vt 0.173681 0.510632
vt 0.211207 0.537375
vt 0.211207 0.601228
vt 0.462865 0.677739
vt 0.433552 0.665859
vt 0.433552 0.729712
vt 0.219973 0.606293
vt 0.244903 0.620699
vt 0.504774 0.701957
vt 0.467248 0.749183
vt 0.500392 0.768335
vt 0.216668 0.534220
vt 0.216668 0.598072
vt 0.439013 0.662703
vt 0.439013 0.726556
vt 0.225434 0.603137
vt 0.250364 0.617543
vt 0.472709 0.746027
vt 0.505853 0.765180
vt 0.303230 0.653876
vt 0.375225 0.695479
vt 0.309955 0.649990
vt 0.381951 0.691593
vt 0.105399 0.187595
vt 0.105399 0.232497
vt 0.107545 0.230986
vt 0.107545 0.186084
vt 0.109139 0.229263
vt 0.109139 0.184361
vt 0.110121 0.227393
vt 0.110121 0.182491
vt 0.110452 0.225448
vt 0.110452 0.180546
vt 0.110121 0.223503
vt 0.110121 0.178601
vt 0.109139 0.221633
vt 0.109139 0.176731
vt 0.107545 0.219910
vt 0.107545 0.175008
vt 0.105400 0.218399
vt 0.105400 0.173497
vt 0.102785 0.217159
vt 0.102785 0.172257
vt 0.099803 0.216238
vt 0.099803 0.171336
vt 0.096567 0.215671
vt 0.096567 0.170769
vt 0.093201 0.215479
vt 0.093201 0.170577
vt 0.089836 0.215671
vt 0.089836 0.170769
vt 0.086600 0.216238
vt 0.086600 0.171336
vt 0.083618 0.217159
vt 0.083618 0.172257
vt 0.081003 0.218399
vt 0.081003 0.173497
vt 0.078858 0.219910
vt 0.078858 0.175008
vt 0.077264 0.221633
vt 0.077264 0.176731
vt 0.076282 0.223503
vt 0.076282 0.178601
vt 0.075951 0.225448
vt 0.075951 0.180546
vt 0.076282 0.227393
vt 0.076282 0.182491
vt 0.077264 0.229263
vt 0.077264 0.184361
vt 0.078858 0.230986
vt 0.078858 0.186084
vt 0.081003 0.232497
vt 0.081003 0.187595
vt 0.083618 0.233736
vt 0.083618 0.188834
vt 0.086600 0.234657
vt 0.086600 0.189756
vt 0.089836 0.235225
vt 0.089836 0.190323
vt 0.093201 0.235416
vt 0.093201 0.190514
vt 0.096567 0.235225
vt 0.096567 0.190323
vt 0.099803 0.234657
vt 0.099803 0.189756
vt 0.100746 0.221088
vt 0.102073 0.222022
vt 0.102073 0.492084
vt 0.100746 0.491150
vt 0.102785 0.233736
vt 0.102785 0.188834
vt 0.100746 0.229808
vt 0.102073 0.228873
vt 0.099129 0.230574
vt 0.097285 0.231144
vt 0.095283 0.231495
vt 0.093201 0.231613
vt 0.091120 0.231495
vt 0.089118 0.231144
vt 0.087274 0.230574
vt 0.085657 0.229808
vt 0.084330 0.228873
vt 0.083344 0.227807
vt 0.082737 0.226651
vt 0.082532 0.225448
vt 0.082737 0.224245
vt 0.083344 0.223088
vt 0.084330 0.222022
vt 0.085657 0.221088
vt 0.087274 0.220321
vt 0.089118 0.219752
vt 0.091120 0.219401
vt 0.093201 0.219282
vt 0.095283 0.219401
vt 0.097285 0.219752
vt 0.099129 0.220321
vt 0.103059 0.223088
vt 0.103666 0.224245
vt 0.103871 0.225448
vt 0.103666 0.226651
vt 0.103059 0.227807
vt 0.100746 0.499869
vt 0.099129 0.500636
vt 0.098674 0.509462
vt 0.100282 0.508632
vt 0.082532 0.495510
vt 0.082737 0.496713
vt 0.102073 0.498935
vt 0.103059 0.493150
vt 0.082737 0.494307
vt 0.103059 0.497869
vt 0.103666 0.494307
vt 0.083344 0.493150
vt 0.103871 0.495510
vt 0.084330 0.492084
vt 0.097285 0.501206
vt 0.103666 0.496713
vt 0.085657 0.491150
vt 0.095283 0.501557
vt 0.087274 0.490383
vt 0.093201 0.501675
vt 0.089118 0.489813
vt 0.091120 0.501557
vt 0.091120 0.489463
vt 0.089118 0.501206
vt 0.093201 0.489344
vt 0.087274 0.500636
vt 0.095283 0.489463
vt 0.085657 0.499869
vt 0.097285 0.489813
vt 0.084330 0.498935
vt 0.099129 0.490383
vt 0.083344 0.497869
vt 0.093530 0.503700
vt 0.095541 0.503322
vt 0.101009 0.516179
vt 0.099347 0.517324
vt 0.103543 0.505232
vt 0.103408 0.504526
vt 0.084785 0.507337
vt 0.083773 0.508217
vt 0.096855 0.510218
vt 0.103280 0.506027
vt 0.086121 0.506466
vt 0.094897 0.510871
vt 0.102630 0.506881
vt 0.087729 0.505636
vt 0.092873 0.511397
vt 0.089547 0.504880
vt 0.090862 0.511775
vt 0.091506 0.504226
vt 0.088941 0.511991
vt 0.087183 0.512036
vt 0.085657 0.511909
vt 0.097462 0.503107
vt 0.084420 0.511614
vt 0.099220 0.503062
vt 0.083522 0.511162
vt 0.100746 0.503189
vt 0.082995 0.510572
vt 0.101982 0.503484
vt 0.082860 0.509866
vt 0.101617 0.507760
vt 0.102881 0.503935
vt 0.083123 0.509071
vt 0.103858 0.514093
vt 0.104935 0.513234
vt 0.112499 0.519954
vt 0.112359 0.521740
vt 0.089846 0.521953
vt 0.090923 0.521093
vt 0.102532 0.515088
vt 0.089058 0.522645
vt 0.088591 0.523144
vt 0.088463 0.523429
vt 0.105722 0.512541
vt 0.088677 0.523489
vt 0.102168 0.513615
vt 0.103548 0.512841
vt 0.106189 0.512043
vt 0.089226 0.523323
vt 0.104692 0.512249
vt 0.106318 0.511758
vt 0.090089 0.522937
vt 0.100604 0.514542
vt 0.106104 0.511697
vt 0.091232 0.522346
vt 0.098917 0.515586
vt 0.105554 0.511863
vt 0.092612 0.521572
vt 0.097171 0.516707
vt 0.094176 0.520645
vt 0.095434 0.517863
vt 0.095863 0.519600
vt 0.093771 0.519008
vt 0.097609 0.518479
vt 0.092248 0.520099
vt 0.111914 0.516947
vt 0.111211 0.515842
vt 0.117696 0.519498
vt 0.118398 0.520603
vt 0.098697 0.532786
vt 0.097994 0.531680
vt 0.112348 0.518336
vt 0.099639 0.533565
vt 0.104926 0.515589
vt 0.106398 0.514906
vt 0.100786 0.533990
vt 0.107815 0.514585
vt 0.102093 0.534042
vt 0.103454 0.516608
vt 0.110269 0.515062
vt 0.103510 0.533721
vt 0.102041 0.517922
vt 0.109122 0.514637
vt 0.104982 0.533038
vt 0.100739 0.519482
vt 0.106454 0.532020
vt 0.099599 0.521227
vt 0.107867 0.530705
vt 0.098665 0.523092
vt 0.109169 0.529145
vt 0.097973 0.525003
vt 0.110309 0.527400
vt 0.097549 0.526888
vt 0.111243 0.525536
vt 0.097409 0.528673
vt 0.111935 0.523624
vt 0.097560 0.530292
vt 0.115606 0.518293
vt 0.114299 0.518241
vt 0.115847 0.512979
vt 0.117861 0.513060
vt 0.108577 0.537698
vt 0.107270 0.537646
vt 0.109939 0.520263
vt 0.111410 0.519245
vt 0.116753 0.518718
vt 0.109994 0.537377
vt 0.108525 0.521578
vt 0.111466 0.536694
vt 0.107223 0.523138
vt 0.112938 0.535676
vt 0.106083 0.524883
vt 0.114351 0.534361
vt 0.105149 0.526748
vt 0.115653 0.532801
vt 0.104457 0.528659
vt 0.116793 0.531056
vt 0.104033 0.530544
vt 0.117727 0.529191
vt 0.103893 0.532329
vt 0.118419 0.527280
vt 0.104044 0.533948
vt 0.118843 0.525396
vt 0.104479 0.535336
vt 0.118983 0.523610
vt 0.105181 0.536441
vt 0.118832 0.521992
vt 0.106123 0.537221
vt 0.112882 0.518562
vt 0.117933 0.535415
vt 0.119689 0.532725
vt 0.136737 0.542502
vt 0.134981 0.545192
vt 0.113749 0.539844
vt 0.111482 0.541413
vt 0.103187 0.523214
vt 0.104943 0.520524
vt 0.115927 0.537819
vt 0.101748 0.526087
vt 0.100681 0.529032
vt 0.100027 0.531936
vt 0.121129 0.529852
vt 0.099813 0.534687
vt 0.122195 0.526908
vt 0.100045 0.537181
vt 0.122849 0.524003
vt 0.100714 0.539321
vt 0.123064 0.521252
vt 0.101796 0.541024
vt 0.122832 0.518758
vt 0.103248 0.542226
vt 0.111395 0.514526
vt 0.113663 0.513474
vt 0.122162 0.516618
vt 0.105016 0.542879
vt 0.121080 0.514915
vt 0.107029 0.542960
vt 0.109127 0.516095
vt 0.119628 0.513713
vt 0.109213 0.542465
vt 0.106949 0.518121
vt 0.130711 0.523251
vt 0.128442 0.524304
vt 0.126175 0.525873
vt 0.123996 0.527898
vt 0.121991 0.530301
vt 0.120234 0.532991
vt 0.118795 0.535864
vt 0.117728 0.538809
vt 0.117075 0.541713
vt 0.116860 0.544465
vt 0.117092 0.546958
vt 0.117762 0.549098
vt 0.118843 0.550801
vt 0.120296 0.552003
vt 0.122063 0.552657
vt 0.124077 0.552738
vt 0.126260 0.552242
vt 0.128529 0.551190
vt 0.130796 0.549621
vt 0.132975 0.547596
vt 0.138176 0.539630
vt 0.139243 0.536685
vt 0.139896 0.533781
vt 0.140111 0.531029
vt 0.139879 0.528535
vt 0.139210 0.526396
vt 0.138128 0.524692
vt 0.136675 0.523491
vt 0.134908 0.522837
vt 0.132894 0.522756
vt 0.834580 0.306311
vt 0.834580 0.322576
vt 0.889444 0.290872
vt 0.889444 0.274608
vt 0.716610 0.190999
vt 0.697276 0.179827
vt 0.697276 0.163563
vt 0.716610 0.174735
vt 0.870109 0.263436
vt 0.870109 0.279700
vt 0.813501 0.334756
vt 0.762008 0.364512
vt 0.763601 0.369059
vt 0.817630 0.337838
vt 0.897312 0.291793
vt 0.877026 0.280071
vt 0.589175 0.264639
vt 0.569841 0.253467
vt 0.561972 0.252546
vt 0.582258 0.264268
vt 0.642413 0.211530
vt 0.695683 0.175280
vt 0.638117 0.208545
vt 0.742674 0.353340
vt 0.743315 0.357336
vt 0.715969 0.187003
vt 0.839747 0.325058
vt 0.616001 0.221325
vt 0.834580 0.172537
vt 0.813501 0.184718
vt 0.762008 0.214474
vt 0.762008 0.348248
vt 0.621334 0.223711
vt 0.642413 0.195266
vt 0.569841 0.237203
vt 0.569841 0.103428
vt 0.621334 0.073673
vt 0.642413 0.061492
vt 0.661747 0.206439
vt 0.661747 0.072664
vt 0.640668 0.218619
vt 0.640668 0.084845
vt 0.815246 0.295139
vt 0.815246 0.161365
vt 0.794167 0.173546
vt 0.794167 0.307320
vt 0.779390 0.298781
vt 0.779390 0.165007
vt 0.727897 0.328537
vt 0.727897 0.194763
vt 0.603951 0.256914
vt 0.655444 0.227158
vt 0.655444 0.093384
vt 0.603951 0.123139
vt 0.449320 0.661865
vt 0.449320 0.632652
vt 0.434758 0.641067
vt 0.434758 0.663367
vt 0.513782 0.595402
vt 0.513782 0.624616
vt 0.578243 0.587366
vt 0.578243 0.558153
vt 0.470992 0.525391
vt 0.470992 0.496177
vt 0.406531 0.533427
vt 0.406531 0.562640
vt 0.342069 0.599890
vt 0.342069 0.570676
vt 0.409044 0.564093
vt 0.470484 0.528589
vt 0.470484 0.526709
vt 0.409044 0.562212
vt 0.327507 0.601392
vt 0.417176 0.658844
vt 0.309925 0.596868
vt 0.327507 0.579091
vt 0.309925 0.589251
vt 0.417176 0.651227
vt 0.449828 0.658667
vt 0.511268 0.623163
vt 0.347604 0.599596
vt 0.572708 0.587660
vt 0.450571 0.652108
vt 0.355701 0.597287
vt 0.355701 0.593625
vt 0.450571 0.648447
vt 0.572708 0.585779
vt 0.347604 0.597716
vt 0.449828 0.656787
vt 0.511268 0.621283
vt 0.503172 0.621712
vt 0.408301 0.566891
vt 0.503172 0.618051
vt 0.408301 0.563229
vt 0.481938 0.872016
vt 0.457986 0.885857
vt 0.457986 0.861880
vt 0.481938 0.848039
vt 0.510211 0.831702
vt 0.534150 0.817868
vt 0.551370 0.807918
vt 0.572228 0.795865
vt 0.593086 0.783812
vt 0.610315 0.773856
vt 0.610315 0.797833
vt 0.593086 0.807789
vt 0.572228 0.819842
vt 0.551370 0.831895
vt 0.534150 0.841845
vt 0.510211 0.855679
vt 0.463836 0.903866
vt 0.609718 0.819568
vt 0.609718 0.812650
vt 0.463836 0.896948
vt 0.721565 0.876387
vt 0.740847 0.887529
vt 0.728579 0.888253
vt 0.710170 0.877615
vt 0.663236 0.850494
vt 0.633799 0.833483
vt 0.629110 0.830774
vt 0.626937 0.829518
vt 0.622431 0.826914
vt 0.610970 0.812478
vt 0.624861 0.820506
vt 0.629785 0.823351
vt 0.632160 0.824723
vt 0.637283 0.827684
vt 0.670280 0.846751
vt 0.471261 0.893528
vt 0.451568 0.886235
vt 0.465459 0.894263
vt 0.470383 0.897108
vt 0.472758 0.898480
vt 0.477881 0.901441
vt 0.510878 0.920509
vt 0.562163 0.950144
vt 0.581445 0.961286
vt 0.582100 0.957577
vt 0.563275 0.946699
vt 0.514266 0.918379
vt 0.483132 0.900388
vt 0.478236 0.897558
vt 0.475967 0.896247
vt 0.465459 0.912617
vt 0.451568 0.904590
vt 0.476549 0.911213
vt 0.481056 0.913817
vt 0.483229 0.915073
vt 0.487918 0.917782
vt 0.517354 0.934792
vt 0.564289 0.961914
vt 0.582697 0.972551
vt 0.581445 0.979641
vt 0.562163 0.968498
vt 0.510878 0.938863
vt 0.477881 0.919795
vt 0.472758 0.916835
vt 0.470383 0.915463
vt 0.593109 0.804444
vt 0.610970 0.794124
vt 0.593109 0.822799
vt 0.571283 0.835412
vt 0.549457 0.848024
vt 0.531269 0.858534
vt 0.506016 0.873127
vt 0.476431 0.890223
vt 0.476431 0.871868
vt 0.506016 0.854772
vt 0.531269 0.840180
vt 0.549457 0.829670
vt 0.571283 0.817057
vt 0.476549 0.904295
vt 0.622431 0.819996
vt 0.626937 0.822600
vt 0.629110 0.823856
vt 0.633799 0.826565
vt 0.663236 0.843576
vt 0.710170 0.870697
vt 0.728579 0.881334
vt 0.711925 0.890958
vt 0.691950 0.902501
vt 0.671975 0.914044
vt 0.655638 0.923484
vt 0.632895 0.936626
vt 0.605819 0.952272
vt 0.582697 0.965633
vt 0.564289 0.954995
vt 0.517354 0.927874
vt 0.487918 0.910864
vt 0.483229 0.908154
vt 0.481056 0.906899
vt 0.675484 0.879638
vt 0.696342 0.867585
vt 0.693227 0.865785
vt 0.672369 0.877838
vt 0.658265 0.889588
vt 0.658265 0.874768
vt 0.655149 0.872968
vt 0.655149 0.887788
vt 0.675484 0.864817
vt 0.574357 0.797095
vt 0.595215 0.785042
vt 0.717200 0.855532
vt 0.717200 0.840712
vt 0.714085 0.838912
vt 0.714085 0.853732
vt 0.582100 0.918780
vt 0.582100 0.933600
vt 0.606052 0.919760
vt 0.606052 0.904939
vt 0.696342 0.852765
vt 0.672369 0.863017
vt 0.693227 0.850964
vt 0.734429 0.845576
vt 0.734429 0.830756
vt 0.486253 0.850533
vt 0.514526 0.834195
vt 0.553499 0.809148
vt 0.536280 0.819098
vt 0.536280 0.804278
vt 0.553499 0.794327
vt 0.574357 0.782275
vt 0.595215 0.770222
vt 0.572228 0.781044
vt 0.593086 0.768991
vt 0.534150 0.803047
vt 0.551370 0.793097
vt 0.630564 0.716097
vt 0.635460 0.718926
vt 0.637621 0.717678
vt 0.632725 0.714849
vt 0.605819 0.959190
vt 0.711925 0.897876
vt 0.691950 0.909419
vt 0.671975 0.920962
vt 0.655638 0.930402
vt 0.632895 0.943544
vt 0.606308 0.965273
vt 0.722987 0.897850
vt 0.701161 0.910462
vt 0.679334 0.923075
vt 0.661146 0.933585
vt 0.635894 0.948177
vt 0.623590 0.781527
vt 0.623590 0.805504
vt 0.610315 0.759035
vt 0.610315 0.749298
vt 0.610315 0.704396
vt 0.623590 0.712067
vt 0.623590 0.756969
vt 0.623590 0.766706
vt 0.606052 0.943736
vt 0.606308 0.946919
vt 0.635894 0.929823
vt 0.661146 0.915230
vt 0.679334 0.904720
vt 0.701161 0.892108
vt 0.722987 0.879495
vt 0.740847 0.869174
vt 0.734429 0.869553
vt 0.717200 0.879509
vt 0.696342 0.891562
vt 0.675484 0.903615
vt 0.658265 0.913565
vt 0.634325 0.927399
vt 0.468725 0.846459
vt 0.468725 0.856196
vt 0.468725 0.871016
vt 0.468725 0.894993
vt 0.473431 0.897712
vt 0.473431 0.873736
vt 0.473431 0.858915
vt 0.473431 0.849178
vt 0.473431 0.804275
vt 0.468725 0.801556
vt 0.628295 0.714786
vt 0.630456 0.713537
vt 0.625750 0.710818
vt 0.475967 0.872270
vt 0.475967 0.857450
vt 0.475967 0.847712
vt 0.475967 0.802810
vt 0.480596 0.901853
vt 0.475700 0.899024
vt 0.637621 0.762580
vt 0.637621 0.772317
vt 0.637621 0.787138
vt 0.637621 0.811115
vt 0.632725 0.808286
vt 0.632725 0.784309
vt 0.632725 0.769488
vt 0.632725 0.759751
vt 0.630564 0.809534
vt 0.630564 0.785557
vt 0.630564 0.770737
vt 0.630564 0.760999
vt 0.635460 0.812363
vt 0.628295 0.808223
vt 0.625750 0.804255
vt 0.630456 0.806974
vt 0.602937 0.903139
vt 0.602937 0.917959
vt 0.631210 0.901622
vt 0.631210 0.886801
vt 0.634325 0.903422
vt 0.634325 0.888602
vt 0.475700 0.850489
vt 0.475700 0.860226
vt 0.475700 0.875047
vt 0.480596 0.877876
vt 0.480596 0.863056
vt 0.480596 0.853318
vt 0.480596 0.808416
vt 0.475700 0.805587
vt 0.483132 0.876411
vt 0.483132 0.861590
vt 0.483132 0.851853
vt 0.483132 0.806950
vt 0.471261 0.844993
vt 0.471261 0.854730
vt 0.471261 0.869551
vt 0.471261 0.800091
vt 0.478236 0.858761
vt 0.478236 0.873581
vt 0.478236 0.804121
vt 0.478236 0.849024
vt 0.630456 0.758440
vt 0.630456 0.768177
vt 0.630456 0.782997
vt 0.625750 0.780278
vt 0.625750 0.765458
vt 0.625750 0.755720
vt 0.582100 0.909042
vt 0.582100 0.864140
vt 0.563275 0.853262
vt 0.563275 0.898164
vt 0.563275 0.907901
vt 0.563275 0.922722
vt 0.514266 0.894402
vt 0.514266 0.879581
vt 0.514266 0.869844
vt 0.514266 0.824942
vt 0.559069 0.925153
vt 0.510060 0.896832
vt 0.559069 0.900595
vt 0.559069 0.855692
vt 0.554936 0.858081
vt 0.554936 0.902983
vt 0.554936 0.912720
vt 0.559069 0.910332
vt 0.457986 0.837322
vt 0.457986 0.847059
vt 0.457986 0.792420
vt 0.666595 0.736917
vt 0.715603 0.765237
vt 0.736222 0.753323
vt 0.687214 0.725003
vt 0.715603 0.858675
vt 0.721565 0.858032
vt 0.670280 0.828397
vt 0.637283 0.809329
vt 0.632160 0.806369
vt 0.629785 0.804996
vt 0.624861 0.802151
vt 0.666595 0.830355
vt 0.635460 0.788386
vt 0.635460 0.763829
vt 0.635460 0.773566
vt 0.505927 0.874663
vt 0.505927 0.884400
vt 0.505927 0.829760
vt 0.666595 0.781820
vt 0.715603 0.810140
vt 0.734429 0.776116
vt 0.734429 0.821018
vt 0.658265 0.865030
vt 0.675484 0.855080
vt 0.678693 0.856934
vt 0.661474 0.866885
vt 0.717200 0.830974
vt 0.717200 0.786072
vt 0.720409 0.787926
vt 0.720409 0.832829
vt 0.481938 0.823482
vt 0.481938 0.778579
vt 0.486253 0.781073
vt 0.486253 0.825975
vt 0.486253 0.835712
vt 0.481938 0.833219
vt 0.606052 0.895202
vt 0.634325 0.878864
vt 0.644892 0.884971
vt 0.616619 0.901308
vt 0.696342 0.843027
vt 0.658265 0.820128
vt 0.634325 0.833962
vt 0.606052 0.850299
vt 0.514526 0.819375
vt 0.514526 0.764735
vt 0.514526 0.809638
vt 0.628295 0.784246
vt 0.628295 0.769425
vt 0.628295 0.759688
vt 0.510211 0.816881
vt 0.510211 0.762241
vt 0.510211 0.807144
vt 0.736222 0.798225
vt 0.687214 0.769905
vt 0.510060 0.827372
vt 0.510060 0.882012
vt 0.510060 0.872275
vt 0.699551 0.799979
vt 0.699551 0.844882
vt 0.678693 0.812032
vt 0.661474 0.821982
vt 0.616619 0.856406
vt 0.644892 0.840068
vt 0.512610 0.518150
vt 0.512610 0.439222
vt 0.504781 0.443746
vt 0.276641 0.336985
vt 0.358340 0.463124
vt 0.358340 0.384196
vt 0.166386 0.256525
vt 0.208308 0.280750
vt 0.433992 0.023866
vt 0.572290 0.482757
vt 0.546703 0.467972
vt 0.525742 0.455859
vt 0.534150 0.748408
vt 0.551370 0.738457
vt 0.572228 0.726404
vt 0.593086 0.714352
s 0
f 83/1/1 2/2/1 9/3/1 10/4/1
f 72/5/1 6/6/1 12/7/1 73/8/1
f 22/9/1 21/10/1 25/11/1 26/12/1
f 34/13/2 35/14/2 40/15/2 37/16/2
f 248/17/1 44/18/1 46/19/1 249/20/1
f 26/12/3 25/11/3 29/21/3 30/22/3
f 6/6/4 72/5/4 112/23/4 108/24/4
f 1/25/3 57/26/3 561/27/3 560/28/3 539/29/3 562/30/3 555/31/3 169/32/3 490/33/3 82/34/3
f 290/35/5 326/36/5 327/37/5 291/38/5 284/39/5 285/40/5
f 69/41/5 266/42/5 246/43/5 49/44/5 260/45/5 18/46/5 282/47/5 324/48/5 286/49/5 320/50/5 326/36/5 290/35/5 285/40/5 19/51/5
f 33/52/6 34/13/6 37/16/6 38/53/6
f 269/54/1 72/5/1 73/8/1 270/55/1
f 99/56/4 31/57/4 33/52/4 101/58/4 527/59/4 190/60/4 133/61/4 157/62/4 212/63/4 213/64/4 158/65/4 134/66/4 177/67/4 498/68/4 102/69/4 36/70/4 32/71/4 100/72/4 497/73/4 176/74/4 132/75/4 156/76/4 211/77/4 210/78/4 155/79/4 131/80/4 189/81/4 526/82/4
f 261/83/4 30/22/4 34/13/4 33/52/4 31/57/4 70/84/4 267/85/4 247/86/4 53/87/4
f 78/88/4 32/71/4 36/70/4 79/89/4 276/90/4 240/91/4 55/92/4 255/93/4 35/14/4 29/21/4 254/94/4 54/95/4 239/96/4 275/97/4
f 37/16/4 40/15/4 256/98/4 56/99/4 241/100/4 277/101/4 80/102/4 39/103/4 104/104/4 499/105/4 178/106/4 136/107/4 160/108/4 215/109/4 214/110/4 159/111/4 135/112/4 191/113/4 528/114/4 103/115/4 38/53/4
f 96/116/2 24/117/2 279/118/2 278/119/2 20/120/2 94/121/2 494/122/2 173/123/2 304/124/2 305/125/2 174/126/2 495/127/2
f 295/128/3 280/129/3 21/10/3 22/9/3 283/130/3 307/131/3 297/132/3 301/133/3 311/134/3 313/135/3 303/136/3 299/137/3
f 259/138/4 14/139/4 18/46/4 260/45/4 49/44/4 246/43/4 266/42/4 69/41/4 19/51/4 15/140/4 68/141/4 265/142/4 245/143/4 47/144/4
f 91/145/4 15/140/4 19/51/4 93/146/4 523/147/4 186/148/4 513/149/4 125/150/4 149/151/4 204/152/4 205/153/4 150/154/4 126/155/4 507/156/4 173/123/4 494/122/4 94/121/4 20/120/4 16/157/4 92/158/4 493/159/4 172/160/4 506/161/4 124/162/4 148/163/4 203/164/4 202/165/4 147/166/4 123/167/4 512/168/4 185/169/4 522/170/4
f 126/155/4 150/154/4 218/171/4 219/172/4 509/173/4 226/174/4 173/123/4 507/156/4
f 257/175/1 4/176/1 10/4/1 258/177/1 45/178/1 244/179/1 264/180/1 67/181/1 11/182/1 8/183/1 65/184/1 262/185/1 242/186/1 42/187/1
f 4/176/1 84/188/1 10/4/1
f 501/189/1 83/1/1 10/4/1
f 510/190/1 119/191/1 168/192/1 514/193/1
f 65/184/4 8/183/4 106/194/4 105/195/4
f 407/196/5 105/195/5 106/194/5 404/197/5 423/198/5 540/199/5 107/200/5 111/201/5 543/202/5 426/203/5
f 181/204/1 116/205/1 10/4/1
f 139/206/1 115/207/1 10/4/1
f 207/208/5 205/153/5 229/209/5 231/210/5
f 204/152/2 149/151/2 151/211/2 206/212/2
f 116/205/1 140/213/1 10/4/1
f 194/214/1 139/206/1 10/4/1
f 115/207/1 179/215/1 10/4/1
f 517/216/1 181/204/1 10/4/1
f 140/213/1 195/217/1 10/4/1
f 195/217/1 194/214/1 10/4/1
f 150/154/2 205/153/2 207/208/2 152/218/2
f 205/153/4 204/152/4 228/219/4 229/209/4
f 224/220/2 217/221/2 516/222/2 216/223/2 316/224/2 317/225/2 220/226/2 221/227/2 225/228/2
f 226/174/2 509/173/2 219/172/2 218/171/2 222/229/2 223/230/2 227/231/2 315/232/2 314/233/2
f 229/209/2 228/219/2 230/234/2 231/210/2
f 204/152/6 206/212/6 230/234/6 228/219/6
f 152/218/1 128/235/1 174/126/1 227/231/1 223/230/1 222/229/1
f 206/212/1 207/208/1 231/210/1 230/234/1
f 150/154/6 152/218/6 222/229/6 218/171/6
f 151/211/5 149/151/5 224/220/5 225/228/5
f 309/236/6 187/237/6 220/226/6 317/225/6 316/224/6 216/223/6 186/148/6 308/238/6
f 44/18/1 233/239/1 234/240/1 46/19/1
f 2/2/1 248/17/1 249/20/1 9/3/1
f 293/241/6 279/118/6 24/117/6 76/242/6 273/243/6 237/244/6 51/245/6 252/246/6 21/10/6 280/129/6 323/247/6 289/248/6 319/249/6 329/250/6
f 236/251/6 272/252/6 75/253/6 20/120/6 278/119/6 292/254/6 328/255/6 318/256/6 288/257/6 322/258/6 281/259/6 17/260/6 251/261/6 50/262/6
f 520/263/1 183/264/1 510/190/1 514/193/1 192/265/1 529/266/1 165/267/1 87/268/1
f 95/269/1 23/270/1 27/271/1 97/272/1 525/273/1 188/274/1 129/275/1 153/276/1 208/277/1 209/278/1 154/279/1 130/280/1 175/281/1 496/282/1 98/283/1 28/284/1 24/117/1 96/116/1 495/127/1 174/126/1 128/235/1 152/218/1 207/208/1 206/212/1 151/211/1 127/285/1 187/237/1 524/286/1
f 97/272/2 27/271/2 31/57/2 99/56/2 526/82/2 189/81/2 131/80/2 155/79/2 210/78/2 211/77/2 156/76/2 132/75/2 176/74/2 497/73/2 100/72/2 32/71/2 28/284/2 98/283/2 496/282/2 175/281/2 130/280/2 154/279/2 209/278/2 208/277/2 153/276/2 129/275/2 188/274/2 525/273/2
f 79/89/5 36/70/5 39/103/5 80/102/5 277/101/5 241/100/5 56/99/5 256/98/5 40/15/5 35/14/5 255/93/5 55/92/5 240/91/5 276/90/5
f 101/58/3 33/52/3 38/53/3 103/115/3 528/114/3 191/113/3 135/112/3 159/111/3 214/110/3 215/109/3 160/108/3 136/107/3 178/106/3 499/105/3 104/104/3 39/103/3 36/70/3 102/69/3 498/68/3 177/67/3 134/66/3 158/65/3 213/64/3 212/63/3 157/62/3 133/61/3 190/60/3 527/59/3
f 233/239/1 269/54/1 270/55/1 234/240/1
f 286/49/4 324/48/4 340/287/4 330/288/4
f 319/249/1 289/248/1 333/289/1 335/290/1
f 328/255/6 292/254/6 278/119/6 279/118/6 293/241/6 329/250/6
f 281/259/6 322/258/6 323/247/6 280/129/6
f 320/50/4 286/49/4 330/288/4 336/291/4
f 288/257/4 318/256/4 334/292/4 332/293/4
f 304/124/5 173/123/5 226/174/5 314/233/5 315/232/5 227/231/5 174/126/5 305/125/5
f 27/271/5 26/12/5 30/22/5 261/83/5 53/87/5 247/86/5 267/85/5 70/84/5 31/57/5
f 611/294/4 612/295/4 615/296/4 616/297/4
f 300/298/3 310/299/3 311/134/3 301/133/3
f 580/300/5 581/301/5 598/302/5 595/303/5
f 284/39/2 23/270/2 95/269/2 524/286/2 187/237/2 309/236/2 308/238/2 186/148/2 523/147/2 93/146/2 19/51/2 285/40/2
f 312/304/3 302/305/3 303/136/3 313/135/3
f 591/306/4 592/307/4 607/308/4 608/309/4
f 586/310/6 583/311/6 600/312/6 601/313/6
f 587/314/4 588/315/4 603/316/4 604/317/4
f 10/4/3 9/3/3 13/318/3 14/139/3
f 76/242/1 24/117/1 28/284/1 77/319/1 274/320/1 238/321/1 52/322/1 253/323/1 25/11/1 21/10/1 252/246/1 51/245/1 237/244/1 273/243/1
f 289/248/1 323/247/1 339/324/1 333/289/1
f 324/48/2 325/325/2 341/326/2 340/287/2
f 324/48/5 282/47/5 283/130/5 325/325/5
f 357/327/2 354/328/2 379/329/2 380/330/2
f 347/331/3 348/332/3 373/333/3 370/334/3
f 358/335/4 359/336/4 382/337/4 383/338/4
f 353/339/2 350/340/2 375/341/2 376/342/2
f 354/328/1 355/343/1 378/344/1 379/329/1
f 349/345/2 346/346/2 371/347/2 372/348/2
f 327/37/3 326/36/3 342/349/3 343/350/3
f 287/351/1 321/352/1 337/353/1 331/354/1
f 325/325/1 287/351/1 331/354/1 341/326/1
f 328/255/3 329/250/3 345/355/3 344/356/3
f 318/256/4 328/255/4 344/356/4 334/292/4
f 323/247/2 322/258/2 338/357/2 339/324/2
f 326/36/4 320/50/4 336/291/4 342/349/4
f 329/250/1 319/249/1 335/290/1 345/355/1
f 321/352/1 327/37/1 343/350/1 337/353/1
f 322/258/4 288/257/4 332/293/4 338/357/4
f 334/292/6 344/356/6 347/331/6 346/346/6
f 344/356/6 345/355/6 348/332/6 347/331/6
f 345/355/6 335/290/6 349/345/6 348/332/6
f 335/290/6 334/292/6 346/346/6 349/345/6
f 330/288/5 340/287/5 351/358/5 350/340/5
f 340/287/5 341/326/5 352/359/5 351/358/5
f 341/326/5 331/354/5 353/339/5 352/359/5
f 331/354/5 330/288/5 350/340/5 353/339/5
f 342/349/5 336/291/5 355/343/5 354/328/5
f 336/291/5 337/353/5 356/360/5 355/343/5
f 337/353/5 343/350/5 357/327/5 356/360/5
f 343/350/5 342/349/5 354/328/5 357/327/5
f 332/293/6 334/292/6 359/336/6 358/335/6
f 334/292/6 335/290/6 360/361/6 359/336/6
f 335/290/6 333/289/6 361/362/6 360/361/6
f 333/289/6 332/293/6 358/335/6 361/362/6
f 338/357/6 332/293/6 363/363/6 362/364/6
f 332/293/6 333/289/6 364/365/6 363/363/6
f 333/289/6 339/324/6 365/366/6 364/365/6
f 339/324/6 338/357/6 362/364/6 365/366/6
f 336/291/5 330/288/5 367/367/5 366/368/5
f 330/288/5 331/354/5 368/369/5 367/367/5
f 331/354/5 337/353/5 369/370/5 368/369/5
f 337/353/5 336/291/5 366/368/5 369/370/5
f 371/347/6 370/334/6 373/333/6 372/348/6
f 375/341/5 374/371/5 377/372/5 376/342/5
f 379/329/5 378/344/5 381/373/5 380/330/5
f 383/338/6 382/337/6 385/374/6 384/375/6
f 387/376/6 386/377/6 389/378/6 388/379/6
f 391/380/5 390/381/5 393/382/5 392/383/5
f 362/364/4 363/363/4 386/377/4 387/376/4
f 351/358/3 352/359/3 377/372/3 374/371/3
f 361/362/2 358/335/2 383/338/2 384/375/2
f 366/368/1 367/367/1 390/381/1 391/380/1
f 348/332/1 349/345/1 372/348/1 373/333/1
f 355/343/3 356/360/3 381/373/3 378/344/3
f 365/366/2 362/364/2 387/376/2 388/379/2
f 352/359/4 353/339/4 376/342/4 377/372/4
f 359/336/3 360/361/3 385/374/3 382/337/3
f 369/370/2 366/368/2 391/380/2 392/383/2
f 356/360/4 357/327/4 380/330/4 381/373/4
f 363/363/3 364/365/3 389/378/3 386/377/3
f 360/361/1 361/362/1 384/375/1 385/374/1
f 367/367/3 368/369/3 393/382/3 390/381/3
f 364/365/1 365/366/1 388/379/1 389/378/1
f 368/369/4 369/370/4 392/383/4 393/382/4
f 346/346/4 347/331/4 370/334/4 371/347/4
f 350/340/1 351/358/1 374/371/1 375/341/1
f 514/193/2 168/192/2 412/384/2 431/385/2 552/386/2 565/387/2 556/388/2 566/389/2 550/390/2 429/391/2 410/392/2 165/267/2 529/266/2 192/265/2
f 572/393/2 576/394/2 570/395/2 571/396/2 577/397/2 578/398/2
f 401/399/3 65/184/3 105/195/3 407/196/3 426/203/3 543/202/3 111/201/3 71/400/3 536/401/3 420/402/3
f 457/403/5 448/404/5 399/405/5 418/406/5
f 454/407/6 451/408/6 396/409/6 433/410/6
f 394/411/2 44/18/2 62/412/2 398/413/2 417/414/2 533/415/2 64/416/2 43/417/2 531/418/2 414/419/2
f 569/420/2 573/421/2 567/422/2 568/423/2 574/424/2 575/425/2
f 442/426/5 63/427/5 399/405/5 448/404/5 447/428/5 446/429/5 397/430/5 59/431/5 440/432/5 441/433/5
f 233/239/6 44/18/6 394/411/6 414/419/6 531/418/6 43/417/6 243/434/6 263/435/6 66/436/6 535/437/6 419/438/6 400/439/6 72/5/6 269/54/6
f 417/414/6 398/413/6 449/440/6 452/441/6
f 461/442/4 458/443/4 475/444/4 476/445/4
f 462/446/3 463/447/3 478/448/3 479/449/3
f 416/450/5 397/430/5 446/429/5 455/451/5
f 458/443/3 459/452/3 474/453/3 475/444/3
f 472/454/3 473/455/3 488/456/3 489/457/3
f 262/185/5 65/184/5 401/399/5 420/402/5 536/401/5 71/400/5 268/458/5 232/459/5 41/460/5 532/461/5 415/462/5 395/463/5 42/187/5 242/186/5
f 454/407/6 433/410/6 561/27/6 57/26/6 443/464/6 444/465/6 445/466/6 64/416/6 533/415/6 417/414/6 452/441/6 453/467/6
f 452/441/6 449/440/6 459/452/6 458/443/6
f 449/440/6 450/468/6 460/469/6 459/452/6
f 450/468/6 453/467/6 461/442/6 460/469/6
f 453/467/6 452/441/6 458/443/6 461/442/6
f 453/467/6 450/468/6 463/447/6 462/446/6
f 450/468/6 451/408/6 464/470/6 463/447/6
f 451/408/6 454/407/6 465/471/6 464/470/6
f 454/407/6 453/467/6 462/446/6 465/471/6
f 455/451/5 446/429/5 467/472/5 466/473/5
f 446/429/5 447/428/5 468/474/5 467/472/5
f 447/428/5 456/475/5 469/476/5 468/474/5
f 456/475/5 455/451/5 466/473/5 469/476/5
f 456/475/5 447/428/5 471/477/5 470/478/5
f 447/428/5 448/404/5 472/454/5 471/477/5
f 448/404/5 457/403/5 473/455/5 472/454/5
f 457/403/5 456/475/5 470/478/5 473/455/5
f 475/444/6 474/453/6 477/479/6 476/445/6
f 479/449/6 478/448/6 481/480/6 480/481/6
f 483/482/5 482/483/5 485/484/5 484/485/5
f 487/486/5 486/487/5 489/457/5 488/456/5
f 466/473/2 467/472/2 482/483/2 483/482/2
f 465/471/4 462/446/4 479/449/4 480/481/4
f 470/478/2 471/477/2 486/487/2 487/486/2
f 459/452/1 460/469/1 477/479/1 474/453/1
f 469/476/4 466/473/4 483/482/4 484/485/4
f 463/447/1 464/470/1 481/480/1 478/448/1
f 473/455/4 470/478/4 487/486/4 488/456/4
f 460/469/2 461/442/2 476/445/2 477/479/2
f 467/472/1 468/474/1 485/484/1 482/483/1
f 464/470/2 465/471/2 480/481/2 481/480/2
f 471/477/1 472/454/1 489/457/1 486/487/1
f 468/474/3 469/476/3 484/485/3 485/484/3
f 179/215/1 501/189/1 10/4/1
f 513/149/4 186/148/4 216/223/4 516/222/4 217/221/4 224/220/4 149/151/4 125/150/4
f 120/488/1 503/489/1 508/490/1 163/491/1
f 546/492/5 118/493/5 161/494/5 552/386/5 431/385/5 412/384/5 168/192/5 119/191/5 408/495/5 427/496/5
f 89/497/2 11/182/2 15/140/2 91/145/2 522/170/2 185/169/2 512/168/2 123/167/2 147/166/2 202/165/2 203/164/2 148/163/2 124/162/2 506/161/2 172/160/2 493/159/2 92/158/2 16/157/2 12/7/2 90/498/2 492/499/2 171/500/2 505/501/2 122/502/2 146/503/2 201/504/2 200/505/2 145/506/2 121/507/2 511/508/2 184/509/2 521/510/2
f 503/489/1 170/511/1 491/512/1 88/513/1 164/514/1 500/515/1 180/516/1 508/490/1
f 84/188/1 517/216/1 10/4/1
f 162/517/2 550/390/2 566/389/2 518/518/2
f 556/388/1 565/387/1 576/394/1 572/393/1
f 167/519/2 553/520/2 564/521/2 504/522/2
f 566/389/1 556/388/1 572/393/1 578/398/1
f 405/523/6 108/24/6 112/23/6 406/524/6 425/525/6 542/526/6 110/527/6 109/528/6 541/529/6 424/530/6
f 532/461/2 41/460/2 61/531/2 534/532/2 418/406/2 399/405/2 63/427/2 42/187/2 395/463/2 415/462/2
f 548/533/4 558/534/4 1381/535/4 1379/536/4
f 138/537/6 548/533/6 1379/536/6 1378/538/6
f 113/539/5 545/540/5 1375/541/5 1374/542/5
f 565/387/5 515/543/5 570/395/5 576/394/5
f 508/490/2 180/516/2 500/515/2 164/514/2 411/544/2 430/545/2 551/546/2 563/547/2 554/548/2 564/521/2 553/520/2 432/549/2 413/550/2 163/491/2
f 538/551/5 85/552/5 166/553/5 551/546/5 430/545/5 411/544/5 164/514/5 88/513/5 403/554/5 422/555/5
f 515/543/2 565/387/2 552/386/2 161/494/2
f 502/556/2 563/547/2 551/546/2 166/553/2
f 84/188/3 4/176/3 59/431/3 397/430/3 416/450/3 530/557/3 557/558/3 545/540/3 549/559/3 559/560/3 558/534/3 548/533/3 544/561/3 555/31/3 562/30/3 539/29/3 560/28/3 561/27/3 433/410/3 396/409/3 58/562/3 2/2/3 83/1/3 501/189/3 179/215/3 115/207/3 139/206/3 194/214/3 195/217/3 140/213/3 116/205/3 181/204/3 517/216/3
f 114/563/3 544/561/3 548/533/3 138/537/3
f 965/564/4 951/565/4 987/566/4 976/567/4 954/568/4 968/569/4 967/570/4 953/571/4 975/572/4 992/573/4 952/574/4 966/575/4
f 555/31/4 544/561/4 1385/576/4 1386/577/4
f 258/177/5 10/4/5 14/139/5 259/138/5 47/144/5 245/143/5 265/142/5 68/141/5 15/140/5 11/182/5 67/181/5 264/180/5 244/179/5 45/178/5
f 144/578/2 120/488/2 409/579/2 428/580/2 547/581/2 117/582/2 141/583/2 196/584/2 197/585/2 142/586/2 118/493/2 546/492/2 427/496/2 408/495/2 119/191/2 143/587/2 198/588/2 199/589/2
f 535/437/3 66/436/3 110/527/3 542/526/3 425/525/3 406/524/3 112/23/3 72/5/3 400/439/3 419/438/3
f 457/403/5 418/406/5 534/532/5 61/531/5 434/590/5 435/591/5 436/592/5 60/593/5 530/557/5 416/450/5 455/451/5 456/475/5
f 504/522/6 564/521/6 575/425/6 574/424/6
f 193/594/3 559/560/3 549/559/3 545/540/3 113/539/3 137/595/3
f 73/8/6 12/7/6 16/157/6 74/596/6 271/597/6 235/598/6 48/599/6 250/600/6 13/318/6 9/3/6 249/20/6 46/19/6 234/240/6 270/55/6
f 439/601/6 58/562/6 396/409/6 451/408/6 450/468/6 449/440/6 398/413/6 62/412/6 437/602/6 438/603/6
f 8/183/2 87/268/2 402/604/2 421/605/2 537/606/2 86/607/2 7/608/2 107/200/2 540/199/2 423/198/2 404/197/2 106/194/2
f 402/604/6 87/268/6 165/267/6 410/392/6 429/391/6 550/390/6 162/517/6 86/607/6 537/606/6 421/605/6
f 564/521/1 554/548/1 569/420/1 575/425/1
f 554/548/1 563/547/1 573/421/1 569/420/1
f 518/518/6 566/389/6 578/398/6 577/397/6
f 563/547/5 502/556/5 567/422/5 573/421/5
f 298/609/3 294/610/3 580/300/3 579/611/3
f 294/610/3 295/128/3 581/301/3 580/300/3
f 295/128/3 299/137/3 582/612/3 581/301/3
f 299/137/3 298/609/3 579/611/3 582/612/3
f 296/613/3 300/298/3 584/614/3 583/311/3
f 300/298/3 301/133/3 585/615/3 584/614/3
f 301/133/3 297/132/3 586/310/3 585/615/3
f 297/132/3 296/613/3 583/311/3 586/310/3
f 302/305/3 298/609/3 588/315/3 587/314/3
f 298/609/3 299/137/3 589/616/3 588/315/3
f 299/137/3 303/136/3 590/617/3 589/616/3
f 303/136/3 302/305/3 587/314/3 590/617/3
f 306/618/3 296/613/3 592/307/3 591/306/3
f 296/613/3 297/132/3 593/619/3 592/307/3
f 297/132/3 307/131/3 594/620/3 593/619/3
f 307/131/3 306/618/3 591/306/3 594/620/3
f 596/621/3 595/303/3 598/302/3 597/622/3
f 600/312/3 599/623/3 602/624/3 601/313/3
f 604/317/3 603/316/3 606/625/3 605/626/3
f 608/309/3 607/308/3 610/627/3 609/628/3
f 590/617/6 587/314/6 604/317/6 605/626/6
f 584/614/5 585/615/5 602/624/5 599/623/5
f 594/620/6 591/306/6 608/309/6 609/628/6
f 581/301/1 582/612/1 597/622/1 598/302/1
f 588/315/5 589/616/5 606/625/5 603/316/5
f 585/615/1 586/310/1 601/313/1 602/624/1
f 592/307/5 593/619/5 610/627/5 607/308/5
f 589/616/1 590/617/1 605/626/1 606/625/1
f 593/619/1 594/620/1 609/628/1 610/627/1
f 579/611/4 580/300/4 595/303/4 596/621/4
f 583/311/4 584/614/4 599/623/4 600/312/4
f 582/612/6 579/611/6 596/621/6 597/622/6
f 310/299/3 312/304/3 612/295/3 611/294/3
f 312/304/3 313/135/3 613/629/3 612/295/3
f 313/135/3 311/134/3 614/630/3 613/629/3
f 311/134/3 310/299/3 611/294/3 614/630/3
f 616/297/3 615/296/3 618/631/3 617/632/3
f 613/629/1 614/630/1 617/632/1 618/631/1
f 614/630/6 611/294/6 616/297/6 617/632/6
f 612/295/5 613/629/5 618/631/5 615/296/5
s 1
f 619/633/7 620/634/8 622/635/9 621/636/10
f 621/636/10 622/635/9 624/637/11 623/638/12
f 623/638/12 624/637/11 626/639/13 625/640/14
f 625/640/14 626/639/13 628/641/15 627/642/16
f 627/642/16 628/641/15 630/643/17 629/644/18
f 629/644/18 630/643/17 632/645/19 631/646/20
f 631/646/20 632/645/19 634/647/21 633/648/22
f 633/648/22 634/647/21 636/649/23 635/650/24
f 635/650/24 636/649/23 638/651/25 637/652/26
f 637/652/26 638/651/25 640/653/27 639/654/28
f 639/654/28 640/653/27 642/655/29 641/656/30
f 641/656/30 642/655/29 644/657/31 643/658/32
f 643/658/32 644/657/31 646/659/33 645/660/34
f 645/660/34 646/659/33 648/661/35 647/662/36
f 647/662/36 648/661/35 650/663/37 649/664/38
f 649/664/38 650/663/37 652/665/39 651/666/40
f 651/666/40 652/665/39 654/667/41 653/668/42
f 653/668/42 654/667/41 656/669/43 655/670/44
f 655/670/44 656/669/43 658/671/45 657/672/46
f 657/672/46 658/671/45 660/673/47 659/674/48
f 659/674/48 660/673/47 662/675/49 661/676/50
f 661/676/50 662/675/49 664/677/51 663/678/52
f 663/678/52 664/677/51 666/679/53 665/680/54
f 665/680/54 666/679/53 668/681/55 667/682/56
f 667/682/56 668/681/55 670/683/57 669/684/58
f 669/684/58 670/683/57 672/685/59 671/686/60
f 671/686/60 672/685/59 674/687/61 673/688/62
f 673/688/62 674/687/61 676/689/63 675/690/64
f 675/690/64 676/689/63 678/691/65 677/692/66
f 677/692/66 678/691/65 680/693/67 679/694/68
f 708/695/69 709/696/70 742/697/71 741/698/72
f 679/694/68 680/693/67 682/699/73 681/700/74
f 681/700/74 682/699/73 620/634/8 619/633/7
f 619/633/7 621/636/10 623/638/12 625/640/14 627/642/16 629/644/18 631/646/20 633/648/22 635/650/24 637/652/26 639/654/28 641/656/30 643/658/32 645/660/34 647/662/36 649/664/38 651/666/40 653/668/42 655/670/44 657/672/46 659/674/48 661/676/50 663/678/52 665/680/54 667/682/56 669/684/58 671/686/60 673/688/62 675/690/64 677/692/66 679/694/68 681/700/74
f 622/635/9 620/634/8 684/701/75 683/702/76
f 620/634/8 682/699/73 685/703/77 684/701/75
f 682/699/73 680/693/67 686/704/78 685/703/77
f 680/693/67 678/691/65 687/705/79 686/704/78
f 678/691/65 676/689/63 688/706/80 687/705/79
f 676/689/63 674/687/61 689/707/81 688/706/80
f 674/687/61 672/685/59 690/708/82 689/707/81
f 672/685/59 670/683/57 691/709/83 690/708/82
f 670/683/57 668/681/55 692/710/84 691/709/83
f 668/681/55 666/679/53 693/711/85 692/710/84
f 666/679/53 664/677/51 694/712/86 693/711/85
f 664/677/51 662/675/49 695/713/87 694/712/86
f 662/675/49 660/673/47 696/714/88 695/713/87
f 660/673/47 658/671/45 697/715/89 696/714/88
f 658/671/45 656/669/43 698/716/90 697/715/89
f 656/669/43 654/667/41 699/717/91 698/716/90
f 654/667/41 652/665/39 700/718/92 699/717/91
f 652/665/39 650/663/37 701/719/93 700/718/92
f 650/663/37 648/661/35 702/720/94 701/719/93
f 648/661/35 646/659/33 703/721/95 702/720/94
f 646/659/33 644/657/31 704/722/96 703/721/95
f 644/657/31 642/655/29 705/723/97 704/722/96
f 642/655/29 640/653/27 706/724/98 705/723/97
f 640/653/27 638/651/25 707/725/99 706/724/98
f 638/651/25 636/649/23 708/695/69 707/725/99
f 636/649/23 634/647/21 709/696/70 708/695/69
f 634/647/21 632/645/19 710/726/100 709/696/70
f 632/645/19 630/643/17 711/727/101 710/726/100
f 630/643/17 628/641/15 712/728/102 711/727/101
f 628/641/15 626/639/13 713/729/103 712/728/102
f 626/639/13 624/637/11 714/730/104 713/729/103
f 624/637/11 622/635/9 683/702/76 714/730/104
f 716/731/105 718/732/106 750/733/107 748/734/108
f 695/713/87 696/714/88 729/735/109 728/736/110
f 683/702/76 684/701/75 716/731/105 715/737/111
f 709/696/70 710/726/100 743/738/112 742/697/71
f 696/714/88 697/715/89 730/739/113 729/735/109
f 714/730/104 683/702/76 715/737/111 717/740/114
f 710/726/100 711/727/101 744/741/115 743/738/112
f 697/715/89 698/716/90 731/742/116 730/739/113
f 684/701/75 685/703/77 718/732/106 716/731/105
f 711/727/101 712/728/102 745/743/117 744/741/115
f 698/716/90 699/717/91 732/744/118 731/742/116
f 685/703/77 686/704/78 719/745/119 718/732/106
f 712/728/102 713/729/103 746/746/120 745/743/117
f 699/717/91 700/718/92 733/747/121 732/744/118
f 686/704/78 687/705/79 720/748/122 719/745/119
f 713/729/103 714/730/104 717/740/114 746/746/120
f 700/718/92 701/719/93 734/749/123 733/747/121
f 687/705/79 688/706/80 721/750/124 720/748/122
f 701/719/93 702/720/94 735/751/125 734/749/123
f 688/706/80 689/707/81 722/752/126 721/750/124
f 702/720/94 703/721/95 736/753/127 735/751/125
f 689/707/81 690/708/82 723/754/128 722/752/126
f 703/721/95 704/722/96 737/755/129 736/753/127
f 690/708/82 691/709/83 724/756/130 723/754/128
f 704/722/96 705/723/97 738/757/131 737/755/129
f 691/709/83 692/710/84 725/758/132 724/756/130
f 705/723/97 706/724/98 739/759/133 738/757/131
f 692/710/84 693/711/85 726/760/134 725/758/132
f 706/724/98 707/725/99 740/761/135 739/759/133
f 693/711/85 694/712/86 727/762/136 726/760/134
f 707/725/99 708/695/69 741/698/72 740/761/135
f 694/712/86 695/713/87 728/736/110 727/762/136
f 769/763/137 770/764/138 802/765/139 801/766/140
f 744/741/115 745/743/117 777/767/141 776/768/142
f 731/742/116 732/744/118 764/769/143 763/770/144
f 718/732/106 719/745/119 751/771/145 750/733/107
f 745/743/117 746/746/120 778/772/146 777/767/141
f 732/744/118 733/747/121 765/773/147 764/769/143
f 719/745/119 720/748/122 752/774/148 751/771/145
f 746/746/120 717/740/114 749/775/149 778/772/146
f 733/747/121 734/749/123 766/776/150 765/773/147
f 720/748/122 721/750/124 753/777/151 752/774/148
f 734/749/123 735/751/125 767/778/152 766/776/150
f 721/750/124 722/752/126 754/779/153 753/777/151
f 735/751/125 736/753/127 768/780/154 767/778/152
f 722/752/126 723/754/128 755/781/155 754/779/153
f 736/753/127 737/755/129 769/763/137 768/780/154
f 723/754/128 724/756/130 756/782/156 755/781/155
f 737/755/129 738/757/131 770/764/138 769/763/137
f 724/756/130 725/758/132 757/783/157 756/782/156
f 738/757/131 739/759/133 771/784/158 770/764/138
f 725/758/132 726/760/134 758/785/159 757/783/157
f 739/759/133 740/761/135 772/786/160 771/784/158
f 726/760/134 727/762/136 759/787/161 758/785/159
f 740/761/135 741/698/72 773/788/162 772/786/160
f 727/762/136 728/736/110 760/789/163 759/787/161
f 741/698/72 742/697/71 774/790/164 773/788/162
f 728/736/110 729/735/109 761/791/165 760/789/163
f 715/737/111 716/731/105 748/734/108 747/792/166
f 742/697/71 743/738/112 775/793/167 774/790/164
f 729/735/109 730/739/113 762/794/168 761/791/165
f 717/740/114 715/737/111 747/792/166 749/775/149
f 743/738/112 744/741/115 776/768/142 775/793/167
f 730/739/113 731/742/116 763/770/144 762/794/168
f 804/795/169 805/796/170 837/797/171 836/798/172
f 756/782/156 757/783/157 789/799/173 788/800/174
f 770/764/138 771/784/158 803/801/175 802/765/139
f 757/783/157 758/785/159 790/802/176 789/799/173
f 771/784/158 772/786/160 804/795/169 803/801/175
f 758/785/159 759/787/161 791/803/177 790/802/176
f 772/786/160 773/788/162 805/796/170 804/795/169
f 759/787/161 760/789/163 792/804/178 791/803/177
f 773/788/162 774/790/164 806/805/179 805/796/170
f 760/789/163 761/791/165 793/806/180 792/804/178
f 747/792/166 748/734/108 780/807/181 779/808/182
f 774/790/164 775/793/167 807/809/183 806/805/179
f 761/791/165 762/794/168 794/810/184 793/806/180
f 749/775/149 747/792/166 779/808/182 781/811/185
f 775/793/167 776/768/142 808/812/186 807/809/183
f 762/794/168 763/770/144 795/813/187 794/810/184
f 748/734/108 750/733/107 782/814/188 780/807/181
f 776/768/142 777/767/141 809/815/189 808/812/186
f 763/770/144 764/769/143 796/816/190 795/813/187
f 750/733/107 751/771/145 783/817/191 782/814/188
f 777/767/141 778/772/146 810/818/192 809/815/189
f 764/769/143 765/773/147 797/819/193 796/816/190
f 751/771/145 752/774/148 784/820/194 783/817/191
f 778/772/146 749/775/149 781/811/185 810/818/192
f 765/773/147 766/776/150 798/821/195 797/819/193
f 752/774/148 753/777/151 785/822/196 784/820/194
f 766/776/150 767/778/152 799/823/197 798/821/195
f 753/777/151 754/779/153 786/824/198 785/822/196
f 767/778/152 768/780/154 800/825/199 799/823/197
f 754/779/153 755/781/155 787/826/200 786/824/198
f 768/780/154 769/763/137 801/766/140 800/825/199
f 755/781/155 756/782/156 788/800/174 787/826/200
f 839/827/201 840/828/202 872/829/203 871/830/204
f 791/803/177 792/804/178 824/831/205 823/832/206
f 805/796/170 806/805/179 838/833/207 837/797/171
f 792/804/178 793/806/180 825/834/208 824/831/205
f 779/808/182 780/807/181 812/835/209 811/836/210
f 806/805/179 807/809/183 839/827/201 838/833/207
f 793/806/180 794/810/184 826/837/211 825/834/208
f 781/811/185 779/808/182 811/836/210 813/838/212
f 807/809/183 808/812/186 840/828/202 839/827/201
f 794/810/184 795/813/187 827/839/213 826/837/211
f 780/807/181 782/814/188 814/840/214 812/835/209
f 808/812/186 809/815/189 841/841/215 840/828/202
f 795/813/187 796/816/190 828/842/216 827/839/213
f 782/814/188 783/817/191 815/843/217 814/840/214
f 809/815/189 810/818/192 842/844/218 841/841/215
f 796/816/190 797/819/193 829/845/219 828/842/216
f 783/817/191 784/820/194 816/846/220 815/843/217
f 810/818/192 781/811/185 813/838/212 842/844/218
f 797/819/193 798/821/195 830/847/221 829/845/219
f 784/820/194 785/822/196 817/848/222 816/846/220
f 798/821/195 799/823/197 831/849/223 830/847/221
f 785/822/196 786/824/198 818/850/224 817/848/222
f 799/823/197 800/825/199 832/851/225 831/849/223
f 786/824/198 787/826/200 819/852/226 818/850/224
f 800/825/199 801/766/140 833/853/227 832/851/225
f 787/826/200 788/800/174 820/854/228 819/852/226
f 801/766/140 802/765/139 834/855/229 833/853/227
f 788/800/174 789/799/173 821/856/230 820/854/228
f 802/765/139 803/801/175 835/857/231 834/855/229
f 789/799/173 790/802/176 822/858/232 821/856/230
f 803/801/175 804/795/169 836/798/172 835/857/231
f 790/802/176 791/803/177 823/832/206 822/858/232
f 874/859/233 845/860/234 877/861/235 906/862/236
f 826/837/211 827/839/213 859/863/237 858/864/238
f 812/835/209 814/840/214 846/865/239 844/866/240
f 840/828/202 841/841/215 873/867/241 872/829/203
f 827/839/213 828/842/216 860/868/242 859/863/237
f 814/840/214 815/843/217 847/869/243 846/865/239
f 841/841/215 842/844/218 874/859/233 873/867/241
f 828/842/216 829/845/219 861/870/244 860/868/242
f 815/843/217 816/846/220 848/871/245 847/869/243
f 842/844/218 813/838/212 845/860/234 874/859/233
f 829/845/219 830/847/221 862/872/246 861/870/244
f 816/846/220 817/848/222 849/873/247 848/871/245
f 830/847/221 831/849/223 863/874/248 862/872/246
f 817/848/222 818/850/224 850/875/249 849/873/247
f 831/849/223 832/851/225 864/876/250 863/874/248
f 818/850/224 819/852/226 851/877/251 850/875/249
f 832/851/225 833/853/227 865/878/252 864/876/250
f 819/852/226 820/854/228 852/879/253 851/877/251
f 833/853/227 834/855/229 866/880/254 865/878/252
f 820/854/228 821/856/230 853/881/255 852/879/253
f 834/855/229 835/857/231 867/882/256 866/880/254
f 821/856/230 822/858/232 854/883/257 853/881/255
f 835/857/231 836/798/172 868/884/258 867/882/256
f 822/858/232 823/832/206 855/885/259 854/883/257
f 836/798/172 837/797/171 869/886/260 868/884/258
f 823/832/206 824/831/205 856/887/261 855/885/259
f 837/797/171 838/833/207 870/888/262 869/886/260
f 824/831/205 825/834/208 857/889/263 856/887/261
f 811/836/210 812/835/209 844/866/240 843/890/264
f 838/833/207 839/827/201 871/830/204 870/888/262
f 825/834/208 826/837/211 858/864/238 857/889/263
f 813/838/212 811/836/210 843/890/264 845/860/234
f 896/891/265 897/892/266 929/893/267 928/894/268
f 861/870/244 862/872/246 894/895/269 893/896/270
f 848/871/245 849/873/247 881/897/271 880/898/272
f 862/872/246 863/874/248 895/899/273 894/895/269
f 849/873/247 850/875/249 882/900/274 881/897/271
f 863/874/248 864/876/250 896/891/265 895/899/273
f 850/875/249 851/877/251 883/901/275 882/900/274
f 864/876/250 865/878/252 897/892/266 896/891/265
f 851/877/251 852/879/253 884/902/276 883/901/275
f 865/878/252 866/880/254 898/903/277 897/892/266
f 852/879/253 853/881/255 885/904/278 884/902/276
f 866/880/254 867/882/256 899/905/279 898/903/277
f 853/881/255 854/883/257 886/906/280 885/904/278
f 867/882/256 868/884/258 900/907/281 899/905/279
f 854/883/257 855/885/259 887/908/282 886/906/280
f 868/884/258 869/886/260 901/909/283 900/907/281
f 855/885/259 856/887/261 888/910/284 887/908/282
f 869/886/260 870/888/262 902/911/285 901/909/283
f 856/887/261 857/889/263 889/912/286 888/910/284
f 843/890/264 844/866/240 876/913/287 875/914/288
f 870/888/262 871/830/204 903/915/289 902/911/285
f 857/889/263 858/864/238 890/916/290 889/912/286
f 845/860/234 843/890/264 875/914/288 877/861/235
f 871/830/204 872/829/203 904/917/291 903/915/289
f 858/864/238 859/863/237 891/918/292 890/916/290
f 844/866/240 846/865/239 878/919/293 876/913/287
f 872/829/203 873/867/241 905/920/294 904/917/291
f 859/863/237 860/868/242 892/921/295 891/918/292
f 846/865/239 847/869/243 879/922/296 878/919/293
f 873/867/241 874/859/233 906/862/236 905/920/294
f 860/868/242 861/870/244 893/896/270 892/921/295
f 847/869/243 848/871/245 880/898/272 879/922/296
f 907/923/297 908/924/298 910/925/299 911/926/300 912/927/301 913/928/302 914/929/303 915/930/304 916/931/305 917/932/306 918/933/307 919/934/308 920/935/309 921/936/310 922/937/311 923/938/312 924/939/313 925/940/314 926/941/315 927/942/316 928/894/268 929/893/267 930/943/317 931/944/318 932/945/319 933/946/320 934/947/321 935/948/322 936/949/323 937/950/324 938/951/325 909/952/326
f 883/901/275 884/902/276 916/931/305 915/930/304
f 897/892/266 898/903/277 930/943/317 929/893/267
f 884/902/276 885/904/278 917/932/306 916/931/305
f 898/903/277 899/905/279 931/944/318 930/943/317
f 885/904/278 886/906/280 918/933/307 917/932/306
f 899/905/279 900/907/281 932/945/319 931/944/318
f 886/906/280 887/908/282 919/934/308 918/933/307
f 900/907/281 901/909/283 933/946/320 932/945/319
f 887/908/282 888/910/284 920/935/309 919/934/308
f 901/909/283 902/911/285 934/947/321 933/946/320
f 888/910/284 889/912/286 921/936/310 920/935/309
f 875/914/288 876/913/287 908/924/298 907/923/297
f 902/911/285 903/915/289 935/948/322 934/947/321
f 889/912/286 890/916/290 922/937/311 921/936/310
f 877/861/235 875/914/288 907/923/297 909/952/326
f 903/915/289 904/917/291 936/949/323 935/948/322
f 890/916/290 891/918/292 923/938/312 922/937/311
f 876/913/287 878/919/293 910/925/299 908/924/298
f 904/917/291 905/920/294 937/950/324 936/949/323
f 891/918/292 892/921/295 924/939/313 923/938/312
f 878/919/293 879/922/296 911/926/300 910/925/299
f 905/920/294 906/862/236 938/951/325 937/950/324
f 892/921/295 893/896/270 925/940/314 924/939/313
f 879/922/296 880/898/272 912/927/301 911/926/300
f 906/862/236 877/861/235 909/952/326 938/951/325
f 893/896/270 894/895/269 926/941/315 925/940/314
f 880/898/272 881/897/271 913/928/302 912/927/301
f 894/895/269 895/899/273 927/942/316 926/941/315
f 881/897/271 882/900/274 914/929/303 913/928/302
f 895/899/273 896/891/265 928/894/268 927/942/316
f 882/900/274 883/901/275 915/930/304 914/929/303
s 0
f 969/953/5 970/954/5 946/955/5 945/956/5
f 960/957/2 944/958/2 943/959/2 957/960/2 958/961/2 945/956/2 946/955/2 959/962/2
f 990/963/1 942/964/1 948/965/1 991/966/1
f 959/962/1 946/955/1 949/967/1 963/968/1
f 955/969/1 940/970/1 947/971/1 961/972/1
f 972/973/1 944/958/1 950/974/1 974/975/1
f 942/964/1 956/976/1 962/977/1 948/965/1
f 956/976/1 955/969/1 961/972/1 962/977/1
f 944/958/1 960/957/1 964/978/1 950/974/1
f 960/957/1 959/962/1 963/968/1 964/978/1
f 991/966/5 948/965/5 952/574/5 992/573/5 975/572/5 953/571/5 949/967/5 973/979/5
f 87/268/1 8/183/1 11/182/1 89/497/1 521/510/1 184/509/1 511/508/1 121/507/1 145/506/1 200/505/1 201/504/1 146/503/1 122/502/1 505/501/1 171/500/1 492/499/1 90/498/1 12/7/1 6/6/1 88/513/1 491/512/1 170/511/1 503/489/1 120/488/1 144/578/1 199/589/1 198/588/1 143/587/1 119/191/1 510/190/1 183/264/1 520/263/1
f 409/579/6 120/488/6 163/491/6 413/550/6 432/549/6 553/520/6 167/519/6 117/582/6 547/581/6 428/580/6
f 974/975/6 950/974/6 954/568/6 976/567/6 987/566/6 951/565/6 947/971/6 986/980/6
f 990/963/5 970/954/5 969/953/5 980/981/5 993/982/5 981/983/5 941/984/5 942/964/5
f 985/985/1 972/973/1 974/975/1 986/980/1
f 946/955/1 970/954/1 973/979/1 949/967/1
f 943/959/6 944/958/6 972/973/6 971/986/6
f 985/985/6 940/970/6 939/987/6 979/988/6 996/989/6 984/990/6 971/986/6 972/973/6
f 978/991/2 971/986/2 984/990/2 983/992/2
f 989/993/5 978/991/5 983/992/5 995/994/5
f 969/953/2 977/995/2 982/996/2 980/981/2
f 994/997/2 988/998/2 997/999/2 1001/1000/2
f 977/995/6 988/998/6 994/997/6 982/996/6
f 940/970/1 985/985/1 986/980/1 947/971/1
f 963/968/2 949/967/2 953/571/2 967/570/2 968/569/2 954/568/2 950/974/2 964/978/2
f 970/954/1 990/963/1 991/966/1 973/979/1
f 997/999/6 998/1001/6 1002/1002/6 1001/1000/6
f 1000/1003/5 999/1004/5 1003/1005/5 1004/1006/5
f 989/993/2 995/994/2 1003/1005/2 999/1004/2
f 1008/1007/5 1007/1008/5 1013/1009/5 1016/1010/5
f 1029/1011/5 1030/1012/5 1012/1013/5 1011/1014/5
f 1011/1014/2 1012/1013/2 1010/1015/2 1009/1016/2
f 1031/1017/6 1032/1018/6 1006/1019/6 1005/1020/6
f 1034/1021/5 1024/1022/5 1027/1023/5 1036/1024/5
f 1015/1025/327 1016/1010/327 1020/1026/327 1019/1027/327
f 1005/1020/6 1006/1019/6 1015/1025/6 1014/1028/6
f 1006/1019/328 1008/1007/328 1016/1010/328 1015/1025/328
f 1018/1029/3 1019/1027/3 1020/1026/3 1017/1030/3
f 1016/1010/5 1013/1009/5 1017/1030/5 1020/1026/5
f 1014/1028/6 1015/1025/6 1019/1027/6 1018/1029/6
f 1030/1012/4 1008/1007/4 1022/1031/4 1033/1032/4
f 1008/1007/4 1006/1019/4 1023/1033/4 1022/1031/4
f 1032/1018/4 1010/1015/4 1024/1022/4 1034/1021/4
f 1010/1015/4 1012/1013/4 1021/1034/4 1024/1022/4
f 1038/1035/2 1039/1036/2 1044/1037/2 1041/1038/2
f 1024/1022/3 1021/1034/3 1026/1039/3 1027/1023/3
f 1022/1031/2 1023/1033/2 1028/1040/2 1025/1041/2
f 1033/1032/6 1022/1031/6 1025/1041/6 1035/1042/6
f 1021/1034/6 1033/1032/6 1035/1042/6 1026/1039/6
f 1026/1039/4 1035/1042/4 1036/1024/4 1027/1023/4
f 1006/1019/4 1032/1018/4 1034/1021/4 1023/1033/4
f 1012/1013/4 1030/1012/4 1033/1032/4 1021/1034/4
f 1023/1033/5 1034/1021/5 1036/1024/5 1028/1040/5
f 1009/1016/6 1010/1015/6 1032/1018/6 1031/1017/6
f 1007/1008/5 1008/1007/5 1030/1012/5 1029/1011/5
f 1035/1042/4 1025/1041/4 1038/1035/4 1037/1043/4
f 1025/1041/4 1028/1040/4 1039/1036/4 1038/1035/4
f 1028/1040/4 1036/1024/4 1040/1044/4 1039/1036/4
f 1036/1024/4 1035/1042/4 1037/1043/4 1040/1044/4
f 1042/1045/4 1041/1038/4 1044/1037/4 1043/1046/4
f 1037/1043/6 1038/1035/6 1041/1038/6 1042/1045/6
f 1039/1036/5 1040/1044/5 1043/1046/5 1044/1037/5
f 1040/1044/3 1037/1043/3 1042/1045/3 1043/1046/3
f 1082/1047/6 1046/1048/6 1127/1049/6 1136/1050/6 1135/1051/6 1131/1052/6 1139/1053/6 1138/1054/6 1137/1055/6 1130/1056/6 1050/1057/6 1118/1058/6 1119/1059/6 1120/1060/6 1072/1061/6 1081/1062/6
f 1063/1063/5 1064/1064/5 1067/1065/5 1068/1066/5
f 1303/1067/4 1059/1068/4 1061/1069/4 1305/1070/4 1306/1071/4 1233/1072/4 1217/1073/4 1201/1074/4 1181/1075/4 1064/1064/4 1060/1076/4 1180/1077/4 1200/1078/4 1216/1079/4 1232/1080/4 1304/1081/4
f 1174/1082/1 1046/1048/1 1053/1083/1 1177/1084/1 1191/1085/1 1207/1086/1 1223/1087/1 1285/1088/1 1286/1089/1 1054/1090/1 1048/1091/1 1282/1092/1 1281/1093/1 1221/1094/1 1205/1095/1 1189/1096/1
f 1179/1097/4 1057/1098/4 1063/1063/4 1182/1099/4 1193/1100/4 1209/1101/4 1225/1102/4 1289/1103/4 1290/1104/4 1062/1105/4 1058/1106/4 1288/1107/4 1287/1108/4 1224/1109/4 1208/1110/4 1192/1111/4
f 1121/1112/6 1056/1113/6 1060/1076/6 1124/1114/6 1125/1115/6 1126/1116/6 1076/1117/6 1085/1118/6 1086/1119/6 1057/1098/6 1053/1083/6 1084/1120/6 1083/1121/6 1074/1122/6 1123/1123/6 1122/1124/6
f 1184/1125/4 1068/1066/4 1067/1065/4 1183/1126/4 1202/1127/4 1218/1128/4 1234/1129/4 1308/1130/4 1307/1131/4 1066/1132/4 1116/1133/4 1115/1134/4 1114/1135/4 1078/1136/4 1098/1137/4 1097/1138/4 1065/1139/4 1292/1140/4 1291/1141/4 1226/1142/4 1210/1143/4 1194/1144/4
f 1140/1145/1 1141/1146/1 1253/1147/1 1255/1148/1
f 1132/1149/3 1151/1150/3 1259/1151/3 1258/1152/3
f 1151/1150/5 1132/1149/5 1140/1145/5 1159/1153/5
f 1137/1055/1 1138/1054/1 1165/1154/1 1167/1155/1
f 1142/1156/3 1161/1157/3 1264/1158/3 1254/1159/3
f 1147/1160/5 1128/1161/5 1133/1162/5 1152/1163/5
f 1160/1164/4 1159/1153/4 1262/1165/4 1263/1166/4
f 1118/1058/1 1050/1057/1 1056/1113/1 1121/1112/1 1122/1124/1 1123/1123/1 1074/1122/1 1083/1121/1 1084/1120/1 1053/1083/1 1046/1048/1 1082/1047/1 1081/1062/1 1072/1061/1 1120/1060/1 1119/1059/1
f 1161/1157/5 1142/1156/5 1129/1167/5 1148/1168/5
f 1135/1051/1 1136/1050/1 1146/1169/1 1145/1170/1
f 1165/1154/6 1166/1171/6 1168/1172/6 1169/1173/6 1172/1174/6 1171/1175/6 1170/1176/6 1167/1155/6
f 1157/1177/4 1156/1178/4 1170/1176/4 1171/1175/4 1172/1174/4 1169/1173/4 1150/1179/4 1158/1180/4
f 1156/1178/3 1137/1055/3 1167/1155/3 1170/1176/3
f 1139/1053/1 1131/1052/1 1168/1172/1 1166/1171/1
f 1131/1052/2 1150/1179/2 1169/1173/2 1168/1172/2
f 1138/1054/1 1139/1053/1 1166/1171/1 1165/1154/1
f 1206/1181/1 1222/1182/1 1252/1183/1 1251/1184/1
f 1095/1185/6 1062/1105/6 1065/1139/6 1097/1138/6 1098/1137/6 1078/1136/6 1114/1135/6 1115/1134/6 1116/1133/6 1066/1132/6 1061/1069/6 1113/1186/6 1112/1187/6 1111/1188/6 1077/1189/6 1096/1190/6
f 1093/1191/4 1058/1106/4 1062/1105/4 1095/1185/4 1096/1190/4 1077/1189/4 1111/1188/4 1112/1187/4 1113/1186/4 1061/1069/4 1059/1068/4 1110/1192/4 1109/1193/4 1108/1194/4 1075/1195/4 1094/1196/4
f 1185/1197/2 1176/1198/2 1050/1057/2 1130/1056/2 1149/1199/2 1311/1200/2 1049/1201/2 1175/1202/2 1323/1203/2 1188/1204/2
f 1087/1205/1 1048/1091/1 1054/1090/1 1091/1206/1 1092/1207/1 1073/1208/1 1105/1209/1 1106/1210/1 1107/1211/1 1055/1212/1 1052/1213/1 1101/1214/1 1100/1215/1 1099/1216/1 1070/1217/1 1088/1218/1
f 1335/1219/3 1267/1220/3 1268/1221/3 1269/1222/3 1270/1223/3 1271/1224/3 1272/1225/3 1336/1226/3 1265/1227/3 1266/1228/3
f 1175/1202/1 1190/1229/1 1244/1230/1 1243/1231/1
f 1189/1096/5 1195/1232/5 1196/1233/5 1326/1234/5 1197/1235/5 1265/1227/5 1336/1226/5 1272/1225/5 1271/1224/5 1270/1223/5
f 1205/1095/4 1221/1094/4 1278/1236/4 1277/1237/4
f 1174/1082/4 1189/1096/4 1270/1223/4 1269/1222/4
f 1334/1238/2 1249/1239/2 1247/1240/2 1245/1241/2 1246/1242/2 1248/1243/2 1250/1244/2 1333/1245/2 1251/1184/2 1252/1183/2
f 1214/1246/6 1219/1247/6 1220/1248/6 1327/1249/6 1206/1181/6 1251/1184/6 1333/1245/6 1250/1244/6 1248/1243/6 1246/1242/6
f 1230/1250/4 1214/1246/4 1246/1242/4 1245/1241/4
f 1198/1251/4 1176/1198/4 1238/1252/4 1237/1253/4
f 1263/1166/5 1253/1147/5 1254/1159/5 1264/1158/5
f 1262/1165/5 1255/1148/5 1253/1147/5 1263/1166/5
f 1260/1254/5 1256/1255/5 1257/1256/5 1261/1257/5
f 1261/1257/5 1257/1256/5 1258/1152/5 1259/1151/5
f 1161/1157/4 1160/1164/4 1263/1166/4 1264/1158/4
f 1133/1162/1 1134/1258/1 1257/1256/1 1256/1255/1
f 1151/1150/4 1153/1259/4 1261/1257/4 1259/1151/4
f 1152/1163/2 1133/1162/2 1256/1255/2 1260/1254/2
f 1159/1153/2 1140/1145/2 1255/1148/2 1262/1165/2
f 1134/1258/1 1132/1149/1 1258/1152/1 1257/1256/1
f 1153/1259/4 1152/1163/4 1260/1254/4 1261/1257/4
f 1141/1146/1 1142/1156/1 1254/1159/1 1253/1147/1
f 1337/1260/3 1275/1261/3 1276/1262/3 1277/1237/3 1278/1236/3 1279/1263/3 1280/1264/3 1338/1265/3 1273/1266/3 1274/1267/3
f 1221/1094/5 1227/1268/5 1228/1269/5 1330/1270/5 1229/1271/5 1273/1266/5 1338/1265/5 1280/1264/5 1279/1263/5 1278/1236/5
f 1324/1272/6 1187/1273/6 1186/1274/6 1174/1082/6 1269/1222/6 1268/1221/6 1267/1220/6 1335/1219/6 1266/1228/6 1173/1275/6
f 1212/1276/6 1211/1277/6 1205/1095/6 1277/1237/6 1276/1262/6 1275/1261/6 1337/1260/6 1274/1267/6 1213/1278/6 1328/1279/6
f 1332/1280/2 1241/1281/2 1239/1282/2 1237/1253/2 1238/1252/2 1240/1283/2 1242/1284/2 1331/1285/2 1243/1231/2 1244/1230/2
f 1124/1114/4 1060/1076/4 1064/1064/4 1063/1063/4 1057/1098/4 1086/1119/4 1085/1118/4 1076/1117/4 1126/1116/4 1125/1115/4
f 1305/1070/3 1061/1069/3 1066/1132/3 1307/1131/3 1308/1130/3 1234/1129/3 1218/1128/3 1202/1127/3 1183/1126/3 1067/1065/3 1064/1064/3 1181/1075/3 1201/1074/3 1217/1073/3 1233/1072/3 1306/1071/3
f 1182/1099/2 1063/1063/2 1068/1066/2 1184/1125/2 1194/1144/2 1210/1143/2 1226/1142/2 1291/1141/2 1292/1140/2 1065/1139/2 1062/1105/2 1290/1104/2 1289/1103/2 1225/1102/2 1209/1101/2 1193/1100/2
f 1282/1092/3 1048/1091/3 1128/1161/3 1147/1160/3 1309/1286/3 1047/1287/3 1297/1288/3 1342/1289/3 1296/1290/3 1294/1291/3 1293/1292/3 1295/1293/3 1341/1294/3 1298/1295/3 1229/1271/3 1330/1270/3 1228/1269/3 1227/1268/3 1221/1094/3 1281/1093/3
f 74/596/4 16/157/4 20/120/4 75/253/4 272/252/4 236/251/4 50/262/4 251/261/4 17/260/4 13/318/4 250/600/4 48/599/4 235/598/4 271/597/4
f 1293/1292/4 1294/1291/4 1348/1296/4 1347/1297/4
f 1354/1298/5 1351/1299/5 1357/1300/5 1360/1301/5 1356/1302/5 1350/1303/5
f 1322/1304/3 1162/1305/3 1127/1049/3 1046/1048/3 1174/1082/3 1186/1274/3 1187/1273/3 1324/1272/3 1173/1275/3 1045/1306/3
f 1283/1307/1 1284/1308/1 1344/1309/1 1343/1310/1
f 1299/1311/1 1052/1213/1 1055/1212/1 1301/1312/1 1302/1313/1 1231/1314/1 1215/1315/1 1199/1316/1 1178/1317/1 1056/1113/1 1050/1057/1 1176/1198/1 1198/1251/1 1214/1246/1 1230/1250/1 1300/1318/1
f 1235/1319/5 1230/1250/5 1245/1241/5 1247/1240/5 1249/1239/5 1334/1238/5 1252/1183/5 1222/1182/5 1329/1320/5 1236/1321/5
f 1359/1322/3 1355/1323/3 1356/1302/3 1360/1301/3 1357/1300/3 1358/1324/3
f 1300/1318/2 1230/1250/2 1235/1319/2 1236/1321/2 1329/1320/2 1222/1182/2 1283/1307/2 1340/1325/2 1339/1326/2 1284/1308/2 1051/1327/2 1310/1328/2 1148/1168/2 1129/1167/2 1052/1213/2 1299/1311/2
f 1312/1329/4 1317/1330/4 1366/1331/4 1363/1332/4
f 1319/1333/2 1117/1334/2 1364/1335/2 1368/1336/2
f 1316/1337/2 1089/1338/2 1143/1339/2 1321/1340/2 1164/1341/2 1146/1169/2 1136/1050/2 1155/1342/2
f 1155/1342/6 1136/1050/6 1127/1049/6 1162/1305/6 1322/1304/6 1045/1306/6 1089/1338/6 1316/1337/6
f 1313/1343/4 1314/1344/4 1372/1345/4 1371/1346/4
f 1161/1157/5 1148/1168/5 1310/1328/5 1051/1327/5 1117/1334/5 1319/1333/5 1318/1347/5 1317/1330/5 1312/1329/5 1069/1348/5 1079/1349/5 1314/1344/5 1313/1343/5 1080/1350/5 1047/1287/5 1309/1286/5 1147/1160/5 1152/1163/5 1153/1259/5 1151/1150/5 1159/1153/5 1160/1164/5
f 1301/1312/2 1055/1212/2 1059/1068/2 1303/1067/2 1304/1081/2 1232/1080/2 1216/1079/2 1200/1078/2 1180/1077/2 1060/1076/2 1056/1113/2 1178/1317/2 1199/1316/2 1215/1315/2 1231/1314/2 1302/1313/2
f 1163/1351/6 1145/1170/6 1146/1169/6 1164/1341/6 1321/1340/6 1143/1339/6 1144/1352/6 1320/1353/6
f 1219/1247/2 1214/1246/2 1198/1251/2 1203/1354/2 1204/1355/2 1325/1356/2 1190/1229/2 1206/1181/2 1327/1249/2 1220/1248/2
f 1154/1357/3 1135/1051/3 1145/1170/3 1163/1351/3 1320/1353/3 1144/1352/3 1090/1358/3 1315/1359/3
f 1344/1309/2 1345/1360/2 1346/1361/2 1343/1310/2
f 1284/1308/5 1339/1326/5 1345/1360/5 1344/1309/5
f 1340/1325/6 1283/1307/6 1343/1310/6 1346/1361/6
f 1339/1326/4 1340/1325/4 1346/1361/4 1345/1360/4
f 1351/1299/1 1352/1362/1 1358/1324/1 1357/1300/1
f 1349/1363/3 1347/1297/3 1348/1296/3 1350/1303/3
f 1091/1206/5 1054/1090/5 1058/1106/5 1093/1191/5 1094/1196/5 1075/1195/5 1108/1194/5 1109/1193/5 1110/1192/5 1059/1068/5 1055/1212/5 1107/1211/5 1106/1210/5 1105/1209/5 1073/1208/5 1092/1207/5
f 1342/1289/5 1297/1288/5 1351/1299/5 1354/1298/5 1350/1303/5 1348/1296/5 1294/1291/5 1296/1290/5
f 1297/1288/1 1298/1295/1 1352/1362/1 1351/1299/1
f 1353/1364/6 1349/1363/6 1355/1323/6 1359/1322/6 1358/1324/6 1352/1362/6
f 1341/1294/6 1295/1293/6 1293/1292/6 1347/1297/6 1349/1363/6 1353/1364/6 1352/1362/6 1298/1295/6
f 1349/1363/4 1350/1303/4 1356/1302/4 1355/1323/4
f 1365/1365/5 1367/1366/5 1368/1336/5 1364/1335/5
f 1361/1367/5 1366/1331/5 1367/1366/5 1365/1365/5
f 1362/1368/5 1363/1332/5 1366/1331/5 1361/1367/5
f 1318/1347/4 1319/1333/4 1368/1336/4 1367/1366/4
f 1069/1348/3 1312/1329/3 1363/1332/3 1362/1368/3
f 1317/1330/4 1318/1347/4 1367/1366/4 1366/1331/4
f 1370/1369/5 1371/1346/5 1372/1345/5 1369/1370/5
f 1314/1344/2 1079/1349/2 1369/1370/2 1372/1345/2
f 1080/1350/3 1313/1343/3 1371/1346/3 1370/1369/3
f 1374/542/3 1375/541/3 1376/1371/3 1373/1372/3
f 557/558/6 182/1373/6 1373/1372/6 1376/1371/6
f 545/540/1 557/558/1 1376/1371/1 1375/541/1
f 182/1373/4 113/539/4 1374/542/4 1373/1372/4
f 1377/1374/3 1381/535/3 1382/1375/3 1380/1376/3
f 1378/538/3 1379/536/3 1381/535/3 1377/1374/3
f 559/560/5 193/594/5 1380/1376/5 1382/1375/5
f 558/534/4 559/560/4 1382/1375/4 1381/535/4
f 1384/1377/3 1386/577/3 1385/576/3 1383/1378/3
f 544/561/5 114/563/5 1383/1378/5 1385/576/5
f 169/32/6 555/31/6 1386/577/6 1384/1377/6
f 77/319/6 28/284/6 32/71/6 78/88/6 275/97/6 239/96/6 54/95/6 254/94/6 29/21/6 25/11/6 253/323/6 52/322/6 238/321/6 274/320/6
f 403/554/2 88/513/2 6/6/2 108/24/2 405/523/2 424/530/2 541/529/2 109/528/2 5/1379/2 85/552/2 538/551/2 422/555/2
f 127/285/1 151/211/1 225/228/1 221/227/1 220/226/1 187/237/1
f 29/21/4 35/14/4 34/13/4 30/22/4
f 282/47/3 306/618/3 307/131/3 283/130/3
f 325/325/5 283/130/5 22/9/5 23/270/5 284/39/5 291/38/5 327/37/5 321/352/5 287/351/5
f 23/270/1 22/9/1 26/12/1 27/271/1
f 294/610/3 281/259/3 280/129/3 295/128/3
f 18/46/3 17/260/3 281/259/3 294/610/3 298/609/3 302/305/3 312/304/3 310/299/3 300/298/3 296/613/3 306/618/3 282/47/3
f 13/318/4 17/260/4 18/46/4 14/139/4
f 182/1373/3 557/558/3 530/557/3 60/593/3 3/1380/3 81/1381/3 519/1382/3
f 1149/1199/6 1130/1056/6 1137/1055/6 1156/1178/6 1157/1177/6 1158/1180/6 1150/1179/6 1131/1052/6 1135/1051/6 1154/1357/6 1315/1359/6 1090/1358/6 1071/1383/6 1102/1384/6 1103/1385/6 1104/1386/6 1049/1201/6 1311/1200/6
f 1177/1084/3 1053/1083/3 1057/1098/3 1179/1097/3 1192/1111/3 1208/1110/3 1224/1109/3 1287/1108/3 1288/1107/3 1058/1106/3 1054/1090/3 1286/1089/3 1285/1088/3 1223/1087/3 1207/1086/3 1191/1085/3
f 1326/1234/3 1196/1233/3 1195/1232/3 1189/1096/3 1205/1095/3 1211/1277/3 1212/1276/3 1328/1279/3 1213/1278/3 1197/1235/3
f 1101/1214/5 1052/1213/5 1129/1167/5 1142/1156/5 1141/1146/5 1140/1145/5 1132/1149/5 1134/1258/5 1133/1162/5 1128/1161/5 1048/1091/5 1087/1205/5 1088/1218/5 1070/1217/5 1099/1216/5 1100/1215/5
f 1323/1203/6 1175/1202/6 1243/1231/6 1331/1285/6 1242/1284/6 1240/1283/6 1238/1252/6 1176/1198/6 1185/1197/6 1188/1204/6
f 1204/1355/5 1203/1354/5 1198/1251/5 1237/1253/5 1239/1282/5 1241/1281/5 1332/1280/5 1244/1230/5 1190/1229/5 1325/1356/5
